islem_id,musteri_id,tarih_saat,gun_adi,saat,gece_mi,kategori,kanal,tutar_tl,musteri_ort_islem_tl,sapma_pct,sehir,yurtdisi_mi,z_skoru,risk_skoru,fraud_flag,fraud_tipi
TXN002026,MUS0494,2024-03-14 10:10:00,Perşembe,10,0,ATM Nakit,Temassız,103.98,87.96,18.2,İstanbul,0,0.94,13,0,normal
TXN000153,MUS0736,2024-12-30 17:40:00,Pazartesi,17,0,ATM Nakit,Temassız,85.29,145.95,-41.6,Konya,0,1.61,12,0,normal
TXN003923,MUS0514,2024-02-26 14:05:00,Pazartesi,14,0,Market,Fiziksel Kart,530.22,705.35,-24.8,İzmir,0,0.84,11,0,normal
TXN000847,MUS0080,2024-03-31 03:05:00,Pazar,3,1,Online Alışveriş,ATM,135.75,160.47,-15.4,Adana,0,1.06,6,0,normal
TXN004544,MUS0578,2024-04-12 11:15:00,Cuma,11,0,Uluslararası,Fiziksel Kart,321.07,761.55,-57.8,Ankara,0,1.12,6,0,normal
TXN002942,MUS0747,2024-02-23 23:51:00,Cuma,23,1,Yakıt,Fiziksel Kart,705.31,584.36,20.7,İzmir,0,1.79,16,0,normal
TXN003685,MUS0193,2024-08-18 09:58:00,Pazar,9,0,Sağlık,Fiziksel Kart,680.71,422.78,61.0,Konya,0,0.94,18,0,normal
TXN000990,MUS0232,2024-11-05 20:58:00,Salı,20,0,Yakıt,Fiziksel Kart,417.28,277.81,50.2,İstanbul,0,0.24,8,0,normal
TXN003840,MUS0534,2024-02-13 13:23:00,Salı,13,0,Uluslararası,ATM,425.13,709.81,-40.1,Mersin,0,0.24,0,0,normal
TXN003189,MUS0625,2024-10-09 10:43:00,Çarşamba,10,0,Restoran,ATM,336.19,494.54,-32.0,İzmir,0,0.11,2,0,normal
TXN004571,MUS0184,2024-03-22 17:57:00,Cuma,17,0,Restoran,Fiziksel Kart,181.43,391.84,-53.7,Gaziantep,0,0.39,3,0,normal
TXN000792,MUS0723,2024-08-15 07:06:00,Perşembe,7,0,Uluslararası,ATM,523.53,614.63,-14.8,Gaziantep,0,0.32,12,0,normal
TXN004958,MUS0281,2024-09-09 22:25:00,Pazartesi,22,0,Market,Online,923.29,792.17,16.6,İstanbul,0,0.65,15,0,normal
TXN001260,MUS0773,2024-10-29 11:56:00,Salı,11,0,ATM Nakit,Online,186.26,425.78,-56.3,Eskişehir,0,0.38,7,0,normal
TXN004682,MUS0251,2024-07-29 13:30:00,Pazartesi,13,0,Uluslararası,Fiziksel Kart,126.95,244.71,-48.1,Kayseri,0,0.44,3,0,normal
TXN003217,MUS0458,2024-07-31 20:23:00,Çarşamba,20,0,Yakıt,ATM,328.39,312.9,5.0,Mersin,0,1.11,20,0,normal
TXN001557,MUS0456,2024-03-31 01:47:00,Pazar,1,1,Sağlık,Fiziksel Kart,164.69,165.88,-0.7,Bursa,0,1.15,8,0,normal
TXN004142,MUS0294,2024-05-31 21:35:00,Cuma,21,0,Döviz,Temassız,288.11,276.81,4.1,Adana,0,0.66,12,0,normal
TXN002984,MUS0238,2024-09-25 01:54:00,Çarşamba,1,1,Ulaşım,Fiziksel Kart,1022.37,749.47,36.4,Mersin,0,0.81,9,0,normal
TXN004660,MUS0641,2024-03-11 17:37:00,Pazartesi,17,0,Restoran,Fiziksel Kart,810.13,716.72,13.0,Antalya,0,1.02,6,0,normal
TXN004570,MUS0195,2024-11-04 12:49:00,Pazartesi,12,0,Restoran,Temassız,365.49,290.67,25.7,Ankara,0,0.95,8,0,normal
TXN001337,MUS0672,2024-12-15 23:02:00,Pazar,23,1,Sağlık,Fiziksel Kart,328.11,701.4,-53.2,Mersin,0,0.35,11,0,normal
TXN002291,MUS0297,2024-01-10 23:07:00,Çarşamba,23,1,Market,Fiziksel Kart,304.02,251.88,20.7,Mersin,0,1.47,24,0,normal
TXN002365,MUS0435,2024-02-27 08:18:00,Salı,8,0,Ulaşım,Fiziksel Kart,348.5,330.25,5.5,Adana,0,1.73,12,0,normal
TXN000469,MUS0433,2024-10-09 05:57:00,Çarşamba,5,1,Uluslararası,Online,429.48,557.43,-23.0,Adana,0,0.29,5,0,normal
TXN002734,MUS0417,2024-07-11 22:54:00,Perşembe,22,0,Eğlence,Online,528.65,513.39,3.0,Gaziantep,0,1.5,14,0,normal
TXN004809,MUS0772,2024-04-07 22:27:00,Pazar,22,0,Yakıt,ATM,84.6,100.59,-15.9,Samsun,0,0.23,12,0,normal
TXN000440,MUS0552,2024-12-30 21:11:00,Pazartesi,21,0,Yakıt,Online,649.32,587.88,10.5,İzmir,0,0.09,0,0,normal
TXN001707,MUS0717,2024-07-12 23:21:00,Cuma,23,1,Online Alışveriş,Temassız,147.8,520.91,-71.6,Bursa,0,0.5,13,0,normal
TXN002641,MUS0006,2024-03-09 19:34:00,Cumartesi,19,0,Uluslararası,Online,84.9,99.17,-14.4,Bursa,0,1.12,9,0,normal
TXN000011,MUS0095,2024-07-22 11:33:00,Pazartesi,11,0,Online Alışveriş,Temassız,641.51,406.48,57.8,Ankara,0,1.37,15,0,normal
TXN003461,MUS0158,2024-02-05 02:22:00,Pazartesi,2,1,Restoran,Fiziksel Kart,378.97,255.9,48.1,Konya,0,0.04,3,0,normal
TXN002198,MUS0571,2024-08-30 21:51:00,Cuma,21,0,Elektronik,Fiziksel Kart,197.47,278.68,-29.1,Konya,0,0.11,0,0,normal
TXN000187,MUS0792,2024-09-06 09:29:00,Cuma,9,0,Sağlık,Telefon,386.46,666.57,-42.0,Gaziantep,0,0.22,0,0,normal
TXN003505,MUS0190,2024-04-05 00:32:00,Cuma,0,1,Elektronik,Online,1068.82,716.37,49.2,Kayseri,0,0.29,7,0,normal
TXN002369,MUS0140,2024-08-10 05:43:00,Cumartesi,5,1,Ulaşım,Fiziksel Kart,282.53,371.03,-23.9,İzmir,0,0.35,4,0,normal
TXN000272,MUS0610,2024-01-16 06:18:00,Salı,6,0,Yakıt,Temassız,670.13,776.12,-13.7,Antalya,0,0.73,6,0,normal
TXN003394,MUS0570,2024-11-29 09:41:00,Cuma,9,0,Ulaşım,Temassız,376.77,270.38,39.3,Ankara,0,0.71,16,0,normal
TXN002250,MUS0520,2024-04-14 20:36:00,Pazar,20,0,Ulaşım,Fiziksel Kart,291.82,393.04,-25.8,Kayseri,0,0.58,15,0,normal
TXN002099,MUS0525,2024-09-23 00:44:00,Pazartesi,0,1,Ulaşım,Fiziksel Kart,655.42,661.63,-0.9,Konya,0,0.36,1,0,normal
TXN001099,MUS0242,2024-08-05 22:55:00,Pazartesi,22,0,Elektronik,Online,142.93,120.25,18.9,İstanbul,0,0.13,0,0,normal
TXN002995,MUS0701,2024-02-23 01:09:00,Cuma,1,1,Online Alışveriş,Telefon,405.05,373.45,8.5,Samsun,0,0.03,0,0,normal
TXN002958,MUS0779,2024-04-08 23:21:00,Pazartesi,23,1,Market,ATM,144.82,158.08,-8.4,İstanbul,0,1.14,8,0,normal
TXN001452,MUS0776,2024-09-15 12:28:00,Pazar,12,0,Sağlık,Online,429.27,570.38,-24.7,Bursa,0,1.4,19,0,normal
TXN000679,MUS0020,2024-04-05 13:24:00,Cuma,13,0,Market,Temassız,146.48,80.24,82.6,Samsun,0,0.23,11,0,normal
TXN001070,MUS0570,2024-12-06 04:33:00,Cuma,4,1,Döviz,Fiziksel Kart,427.01,270.38,57.9,Ankara,0,0.82,7,0,normal
TXN000807,MUS0697,2024-11-29 07:56:00,Cuma,7,0,Yakıt,Fiziksel Kart,783.52,589.03,33.0,Kayseri,0,0.67,13,0,normal
TXN000506,MUS0029,2024-11-30 10:29:00,Cumartesi,10,0,Ulaşım,Fiziksel Kart,394.49,605.64,-34.9,Adana,0,0.11,0,0,normal
TXN004392,MUS0691,2024-01-31 19:19:00,Çarşamba,19,0,Giyim,Online,1172.27,797.68,47.0,Ankara,0,1.26,7,0,normal
TXN001026,MUS0766,2024-06-30 17:39:00,Pazar,17,0,Restoran,Online,835.09,720.45,15.9,Gaziantep,0,0.86,6,0,normal
TXN003512,MUS0203,2024-06-30 15:02:00,Pazar,15,0,Yakıt,Fiziksel Kart,223.77,315.46,-29.1,İzmir,0,0.69,15,0,normal
TXN000463,MUS0519,2024-12-03 05:25:00,Salı,5,1,Yakıt,Fiziksel Kart,736.63,499.23,47.6,Antalya,0,0.57,5,0,normal
TXN003905,MUS0410,2024-09-04 15:20:00,Çarşamba,15,0,Yakıt,Online,202.42,128.02,58.1,Konya,0,0.2,0,0,normal
TXN004941,MUS0058,2024-02-07 10:57:00,Çarşamba,10,0,Giyim,Fiziksel Kart,650.47,671.12,-3.1,İzmir,0,1.46,21,0,normal
TXN004281,MUS0156,2024-11-21 20:25:00,Perşembe,20,0,Yakıt,Fiziksel Kart,78.22,158.07,-50.5,Bursa,0,0.35,9,0,normal
TXN000318,MUS0773,2024-03-03 06:18:00,Pazar,6,0,Ulaşım,ATM,545.92,425.78,28.2,Eskişehir,0,0.62,2,0,normal
TXN004425,MUS0024,2024-02-08 03:41:00,Perşembe,3,1,Online Alışveriş,Temassız,490.53,574.91,-14.7,Bursa,0,0.17,11,0,normal
TXN004224,MUS0448,2024-12-01 13:51:00,Pazar,13,0,Market,Online,292.04,442.99,-34.1,Antalya,0,0.02,0,0,normal
TXN000756,MUS0404,2024-10-29 07:20:00,Salı,7,0,Online Alışveriş,Temassız,1271.29,765.8,66.0,Konya,0,0.44,0,0,normal
TXN000033,MUS0231,2024-11-25 21:29:00,Pazartesi,21,0,Eğlence,Fiziksel Kart,80.6,94.28,-14.5,Mersin,0,1.31,9,0,normal
TXN000215,MUS0131,2024-09-28 12:27:00,Cumartesi,12,0,Elektronik,Fiziksel Kart,588.98,730.35,-19.4,Konya,0,0.17,6,0,normal
TXN004583,MUS0459,2024-12-18 17:08:00,Çarşamba,17,0,Uluslararası,Online,403.22,280.46,43.8,İzmir,0,1.49,16,0,normal
TXN004641,MUS0489,2024-05-24 03:14:00,Cuma,3,1,Uluslararası,Fiziksel Kart,923.96,778.87,18.6,Konya,0,0.9,4,0,normal
TXN002106,MUS0294,2024-05-27 03:16:00,Pazartesi,3,1,Online Alışveriş,Fiziksel Kart,669.1,276.81,141.7,Eskişehir,0,4.57,87,1,farkli_sehir
TXN003870,MUS0029,2024-11-28 12:44:00,Perşembe,12,0,Online Alışveriş,Fiziksel Kart,494.75,605.64,-18.3,Adana,0,0.6,14,0,normal
TXN001610,MUS0606,2024-04-18 18:43:00,Perşembe,18,0,Döviz,Temassız,81.41,297.79,-72.7,Kayseri,0,1.04,19,0,normal
TXN004251,MUS0321,2024-03-27 16:28:00,Çarşamba,16,0,Uluslararası,Fiziksel Kart,130.97,393.11,-66.7,Gaziantep,0,0.34,1,0,normal
TXN003540,MUS0623,2024-03-01 01:43:00,Cuma,1,1,Uluslararası,Fiziksel Kart,437.46,625.6,-30.1,İzmir,0,0.26,10,0,normal
TXN004994,MUS0341,2024-10-01 06:43:00,Salı,6,0,Uluslararası,Fiziksel Kart,4978.73,200.52,2382.9,Gaziantep,0,6.75,88,1,yuksek_tutar
TXN003504,MUS0156,2024-03-18 14:44:00,Pazartesi,14,0,Giyim,Temassız,149.15,158.07,-5.6,Bursa,0,0.37,0,0,normal
TXN001818,MUS0658,2024-10-20 19:57:00,Pazar,19,0,Online Alışveriş,Online,8.7,116.62,-92.5,Mersin,0,3.29,78,1,kart_test
TXN001236,MUS0794,2024-12-25 09:00:00,Çarşamba,9,0,Yakıt,Online,640.14,497.76,28.6,Bangkok,1,0.59,3,0,normal
TXN000603,MUS0076,2024-07-02 12:25:00,Salı,12,0,Uluslararası,Fiziksel Kart,935.62,743.5,25.8,Samsun,0,0.15,0,0,normal
TXN004758,MUS0265,2024-03-13 21:07:00,Çarşamba,21,0,Uluslararası,Online,231.27,260.92,-11.4,Ankara,0,0.9,18,0,normal
TXN003351,MUS0406,2024-06-09 21:12:00,Pazar,21,0,Online Alışveriş,Temassız,429.92,755.25,-43.1,Eskişehir,0,1.03,10,0,normal
TXN003630,MUS0332,2024-11-15 07:23:00,Cuma,7,0,Elektronik,Online,4383.33,791.81,453.6,Bangkok,1,4.39,84,1,yurtdisi_anomali
TXN004622,MUS0559,2024-12-21 03:02:00,Cumartesi,3,1,Ulaşım,ATM,706.73,511.75,38.1,Kayseri,0,0.91,6,0,normal
TXN004321,MUS0137,2024-11-22 20:39:00,Cuma,20,0,Sağlık,Fiziksel Kart,376.75,250.34,50.5,Kayseri,0,0.07,7,0,normal
TXN002129,MUS0064,2024-06-04 02:48:00,Salı,2,1,Market,Temassız,569.53,723.51,-21.3,Kayseri,0,0.37,6,0,normal
TXN004146,MUS0655,2024-08-16 02:55:00,Cuma,2,1,Restoran,Telefon,441.78,511.81,-13.7,Bursa,0,1.51,23,0,normal
TXN002298,MUS0372,2024-07-05 04:22:00,Cuma,4,1,Eğlence,Online,465.81,332.8,40.0,İzmir,0,0.51,5,0,normal
TXN001780,MUS0442,2024-04-28 03:27:00,Pazar,3,1,Giyim,Fiziksel Kart,81.95,101.1,-18.9,Konya,0,0.32,2,0,normal
TXN003664,MUS0083,2024-07-28 05:21:00,Pazar,5,1,Market,Online,309.31,468.0,-33.9,Antalya,0,1.75,15,0,normal
TXN002166,MUS0141,2024-02-14 09:57:00,Çarşamba,9,0,Online Alışveriş,ATM,247.56,528.43,-53.2,Gaziantep,0,0.09,0,0,normal
TXN002732,MUS0338,2024-09-08 00:32:00,Pazar,0,1,Restoran,Temassız,101.13,137.01,-26.2,Eskişehir,0,0.31,4,0,normal
TXN004399,MUS0298,2024-09-07 05:55:00,Cumartesi,5,1,Eğlence,ATM,507.43,521.36,-2.7,İzmir,0,0.7,4,0,normal
TXN000433,MUS0699,2024-01-09 13:54:00,Salı,13,0,Yakıt,Online,368.42,535.52,-31.2,Konya,0,1.58,18,0,normal
TXN003777,MUS0689,2024-12-21 18:54:00,Cumartesi,18,0,Online Alışveriş,Telefon,575.62,469.79,22.5,Mersin,0,0.68,12,0,normal
TXN003316,MUS0175,2024-08-25 15:53:00,Pazar,15,0,Market,Telefon,438.29,673.27,-34.9,İstanbul,0,1.61,11,0,normal
TXN002088,MUS0566,2024-06-10 02:16:00,Pazartesi,2,1,Döviz,Temassız,182.42,193.06,-5.5,Samsun,0,0.11,11,0,normal
TXN004776,MUS0610,2024-04-29 13:49:00,Pazartesi,13,0,Ulaşım,Online,1040.09,776.12,34.0,Antalya,0,1.41,14,0,normal
TXN003791,MUS0142,2024-06-10 18:00:00,Pazartesi,18,0,Sağlık,Online,113.1,211.47,-46.5,İstanbul,0,0.7,11,0,normal
TXN004763,MUS0457,2024-11-14 09:14:00,Perşembe,9,0,Eğlence,Online,843.56,488.61,72.6,İstanbul,0,1.47,20,0,normal
TXN001696,MUS0522,2024-03-04 05:25:00,Pazartesi,5,1,Eğlence,Fiziksel Kart,341.9,734.17,-53.4,İstanbul,0,0.31,8,0,normal
TXN003290,MUS0357,2024-10-18 09:35:00,Cuma,9,0,Online Alışveriş,Online,182.33,381.21,-52.2,Eskişehir,0,0.0,0,0,normal
TXN000519,MUS0379,2024-05-21 00:10:00,Salı,0,1,Elektronik,Online,188.66,271.21,-30.4,Ankara,0,0.54,5,0,normal
TXN002161,MUS0177,2024-09-18 00:30:00,Çarşamba,0,1,Döviz,Online,800.01,680.45,17.6,Adana,0,1.31,17,0,normal
TXN001414,MUS0439,2024-06-06 02:04:00,Perşembe,2,1,Yakıt,ATM,655.68,603.4,8.7,Antalya,0,0.12,0,0,normal
TXN004326,MUS0041,2024-12-11 09:31:00,Çarşamba,9,0,Online Alışveriş,Online,672.67,549.04,22.5,Samsun,0,0.28,6,0,normal
TXN004086,MUS0232,2024-02-25 08:06:00,Pazar,8,0,Uluslararası,Fiziksel Kart,299.09,277.81,7.7,Bangkok,1,0.03,1,0,normal
TXN003071,MUS0033,2024-03-16 21:10:00,Cumartesi,21,0,Ulaşım,Online,127.17,566.26,-77.5,Mersin,0,1.37,19,0,normal
TXN000258,MUS0022,2024-10-21 23:32:00,Pazartesi,23,1,Market,Fiziksel Kart,704.64,740.38,-4.8,Adana,0,1.27,9,0,normal
TXN004707,MUS0322,2024-02-13 16:52:00,Salı,16,0,Sağlık,Fiziksel Kart,1220.86,779.53,56.6,Kayseri,0,0.09,8,0,normal
TXN004779,MUS0636,2024-01-12 01:21:00,Cuma,1,1,Elektronik,Fiziksel Kart,710.16,788.67,-10.0,Mersin,0,1.31,9,0,normal
TXN002304,MUS0610,2024-06-09 12:39:00,Pazar,12,0,Eğlence,Online,1439.17,776.12,85.4,Antalya,0,0.96,19,0,normal
TXN003261,MUS0576,2024-03-11 18:58:00,Pazartesi,18,0,Döviz,Fiziksel Kart,516.62,448.68,15.1,New York,1,2.52,75,1,yurtdisi_anomali
TXN004768,MUS0441,2024-11-20 23:09:00,Çarşamba,23,1,Eğlence,Temassız,413.6,358.35,15.4,Konya,0,0.15,4,0,normal
TXN003169,MUS0337,2024-11-18 23:01:00,Pazartesi,23,1,ATM Nakit,Temassız,198.17,265.52,-25.4,Bursa,0,1.53,14,0,normal
TXN003401,MUS0586,2024-05-15 02:15:00,Çarşamba,2,1,Giyim,Telefon,238.05,570.39,-58.3,Antalya,0,1.37,18,0,normal
TXN001478,MUS0561,2024-07-25 02:56:00,Perşembe,2,1,Sağlık,Fiziksel Kart,958.72,741.01,29.4,Gaziantep,0,0.58,8,0,normal
TXN004395,MUS0629,2024-10-10 22:23:00,Perşembe,22,0,ATM Nakit,Temassız,191.21,293.25,-34.8,Antalya,0,1.58,16,0,normal
TXN002646,MUS0627,2024-11-12 19:26:00,Salı,19,0,Giyim,Online,429.71,639.45,-32.8,Ankara,0,1.07,9,0,normal
TXN004709,MUS0525,2024-08-18 03:12:00,Pazar,3,1,Online Alışveriş,Online,784.64,661.63,18.6,Bangkok,1,0.43,6,0,normal
TXN001574,MUS0565,2024-06-30 14:23:00,Pazar,14,0,Yakıt,Temassız,102.93,92.17,11.7,Kayseri,0,0.26,11,0,normal
TXN001480,MUS0009,2024-05-22 06:26:00,Çarşamba,6,0,Elektronik,Fiziksel Kart,173.34,163.57,6.0,İzmir,0,1.07,5,0,normal
TXN004867,MUS0718,2024-05-20 18:11:00,Pazartesi,18,0,Online Alışveriş,Fiziksel Kart,772.0,710.44,8.7,İzmir,0,0.2,4,0,normal
TXN003691,MUS0558,2024-06-06 05:42:00,Perşembe,5,1,Ulaşım,Fiziksel Kart,286.54,396.55,-27.7,Adana,0,0.62,9,0,normal
TXN004295,MUS0031,2024-10-05 00:24:00,Cumartesi,0,1,Döviz,Fiziksel Kart,130.35,135.8,-4.0,Kayseri,0,2.08,17,0,normal
TXN002605,MUS0604,2024-04-19 22:51:00,Cuma,22,0,Online Alışveriş,Online,368.75,625.23,-41.0,Konya,0,0.46,5,0,normal
TXN001303,MUS0447,2024-09-27 01:26:00,Cuma,1,1,Ulaşım,Online,604.14,437.31,38.1,Samsun,0,1.59,18,0,normal
TXN000523,MUS0635,2024-06-17 01:03:00,Pazartesi,1,1,Restoran,Fiziksel Kart,918.09,667.75,37.5,İzmir,0,1.46,20,0,normal
TXN002724,MUS0302,2024-09-28 06:44:00,Cumartesi,6,0,Market,Online,406.91,481.75,-15.5,Adana,0,0.7,16,0,normal
TXN003575,MUS0790,2024-11-21 02:24:00,Perşembe,2,1,Restoran,Online,1032.28,780.55,32.3,Mersin,0,1.42,17,0,normal
TXN003560,MUS0628,2024-05-28 10:22:00,Salı,10,0,Online Alışveriş,Online,397.69,656.98,-39.5,İzmir,0,0.37,4,0,normal
TXN001286,MUS0253,2024-09-22 16:59:00,Pazar,16,0,ATM Nakit,Temassız,919.53,771.17,19.2,Mersin,0,1.3,20,0,normal
TXN001889,MUS0508,2024-01-09 12:38:00,Salı,12,0,Uluslararası,Online,693.83,757.71,-8.4,Samsun,0,0.69,12,0,normal
TXN002162,MUS0674,2024-08-29 05:38:00,Perşembe,5,1,Restoran,Online,307.89,253.37,21.5,Kayseri,0,0.49,4,0,normal
TXN001413,MUS0169,2024-12-27 12:42:00,Cuma,12,0,Ulaşım,ATM,729.59,778.91,-6.3,Ankara,0,0.19,0,0,normal
TXN001977,MUS0298,2024-09-17 10:08:00,Salı,10,0,Yakıt,Online,340.35,521.36,-34.7,İzmir,0,1.54,20,0,normal
TXN002307,MUS0449,2024-11-06 18:05:00,Çarşamba,18,0,Online Alışveriş,Online,254.39,431.62,-41.1,Kayseri,0,0.98,17,0,normal
TXN004465,MUS0226,2024-01-21 10:33:00,Pazar,2,1,ATM Nakit,ATM,2284.06,529.14,331.7,İzmir,0,1.45,63,1,gece_islemi
TXN003116,MUS0019,2024-09-30 00:29:00,Pazartesi,0,1,Eğlence,Fiziksel Kart,321.45,277.67,15.8,Eskişehir,0,0.94,11,0,normal
TXN003307,MUS0080,2024-10-29 04:00:00,Salı,4,1,Market,Fiziksel Kart,257.51,160.47,60.5,Adana,0,0.31,4,0,normal
TXN000477,MUS0590,2024-11-09 04:11:00,Cumartesi,4,1,Yakıt,Fiziksel Kart,1191.28,789.02,51.0,Konya,0,1.52,14,0,normal
TXN003396,MUS0755,2024-09-12 10:27:00,Perşembe,10,0,Giyim,Online,463.76,281.6,64.7,Bursa,0,1.09,10,0,normal
TXN000826,MUS0578,2024-12-22 10:11:00,Pazar,10,0,Giyim,Fiziksel Kart,814.97,761.55,7.0,Ankara,0,2.11,29,0,normal
TXN003689,MUS0739,2024-07-30 09:03:00,Salı,9,0,Sağlık,Fiziksel Kart,382.2,262.94,45.4,Eskişehir,0,0.77,5,0,normal
TXN002815,MUS0394,2024-09-16 20:37:00,Pazartesi,20,0,Uluslararası,Fiziksel Kart,755.0,593.96,27.1,Konya,0,0.96,8,0,normal
TXN004017,MUS0160,2024-10-30 04:29:00,Çarşamba,4,1,Uluslararası,Fiziksel Kart,70.43,88.83,-20.7,Eskişehir,0,0.06,2,0,normal
TXN000513,MUS0543,2024-04-22 19:29:00,Pazartesi,19,0,Elektronik,Online,71.44,338.79,-78.9,Eskişehir,0,1.13,14,0,normal
TXN004347,MUS0711,2024-06-05 23:09:00,Çarşamba,23,1,Restoran,ATM,1065.57,622.21,71.3,Konya,0,0.06,0,0,normal
TXN002323,MUS0073,2024-09-05 18:42:00,Perşembe,18,0,Market,Online,85.22,84.37,1.0,Antalya,0,2.0,21,0,normal
TXN004537,MUS0362,2024-05-01 03:22:00,Çarşamba,0,1,ATM Nakit,ATM,1563.92,392.31,298.6,Samsun,0,6.0,87,1,gece_islemi
TXN000617,MUS0431,2024-07-06 11:03:00,Cumartesi,11,0,ATM Nakit,Fiziksel Kart,222.78,196.45,13.4,Konya,0,1.39,21,0,normal
TXN001046,MUS0052,2024-01-19 18:45:00,Cuma,18,0,Ulaşım,Fiziksel Kart,517.09,581.67,-11.1,Moskova,1,0.89,10,0,normal
TXN003713,MUS0246,2024-04-07 08:21:00,Pazar,8,0,Online Alışveriş,Online,20.69,620.91,-96.7,Antalya,0,4.45,83,1,kart_test
TXN003892,MUS0027,2024-09-03 02:54:00,Salı,2,1,Eğlence,ATM,394.55,182.45,116.3,İzmir,0,0.22,0,0,normal
TXN004767,MUS0416,2024-07-02 05:02:00,Salı,5,1,Döviz,ATM,420.51,513.6,-18.1,Bursa,0,0.34,12,0,normal
TXN002871,MUS0609,2024-10-13 01:39:00,Pazar,1,1,Uluslararası,Fiziksel Kart,5,484.82,-99.0,Bursa,0,0.15,4,0,normal
TXN001049,MUS0357,2024-03-22 01:09:00,Cuma,1,1,Online Alışveriş,Temassız,267.11,381.21,-29.9,Gaziantep,0,1.98,20,0,normal
TXN004437,MUS0326,2024-02-07 21:22:00,Çarşamba,21,0,Giyim,Fiziksel Kart,238.45,394.48,-39.6,Gaziantep,0,1.53,15,0,normal
TXN002968,MUS0013,2024-06-03 03:49:00,Pazartesi,3,1,ATM Nakit,Telefon,156.85,408.66,-61.6,Samsun,0,0.63,1,0,normal
TXN003864,MUS0456,2024-06-29 17:30:00,Cumartesi,17,0,Uluslararası,Temassız,231.17,165.88,39.4,Ankara,0,0.26,3,0,normal
TXN001650,MUS0313,2024-07-24 11:42:00,Çarşamba,11,0,ATM Nakit,Fiziksel Kart,746.58,653.55,14.2,Ankara,0,1.03,8,0,normal
TXN002495,MUS0362,2024-07-15 18:33:00,Pazartesi,18,0,Ulaşım,Online,358.28,392.31,-8.7,Samsun,0,0.01,5,0,normal
TXN000218,MUS0359,2024-01-02 18:48:00,Salı,18,0,Döviz,Fiziksel Kart,489.08,403.13,21.3,İstanbul,0,0.18,0,0,normal
TXN002414,MUS0355,2024-02-23 18:06:00,Cuma,18,0,Sağlık,Online,948.47,614.64,54.3,Mersin,0,0.08,6,0,normal
TXN003731,MUS0176,2024-01-22 18:10:00,Pazartesi,18,0,Sağlık,Temassız,95.22,143.28,-33.5,Mersin,0,2.08,19,0,normal
TXN002536,MUS0229,2024-09-24 10:41:00,Salı,10,0,ATM Nakit,Fiziksel Kart,581.41,743.48,-21.8,Samsun,0,0.08,2,0,normal
TXN003651,MUS0516,2024-06-15 11:48:00,Cumartesi,11,0,Online Alışveriş,Temassız,997.96,610.16,63.6,Ankara,0,1.63,19,0,normal
TXN000081,MUS0585,2024-09-16 19:58:00,Pazartesi,19,0,Restoran,Fiziksel Kart,696.77,652.37,6.8,Mersin,0,0.84,7,0,normal
TXN000727,MUS0318,2024-05-10 08:11:00,Cuma,8,0,Elektronik,Online,133.84,324.32,-58.7,Eskişehir,0,0.27,9,0,normal
TXN000249,MUS0120,2024-02-08 11:28:00,Perşembe,11,0,Döviz,Online,128.1,144.37,-11.3,Gaziantep,0,0.52,5,0,normal
TXN000646,MUS0456,2024-03-22 23:13:00,Cuma,23,1,Uluslararası,Temassız,120.3,165.88,-27.5,Bursa,0,1.64,20,0,normal
TXN000307,MUS0167,2024-01-03 15:35:00,Çarşamba,15,0,Ulaşım,Temassız,210.28,200.91,4.7,Samsun,0,0.48,9,0,normal
TXN001516,MUS0453,2024-06-10 14:50:00,Pazartesi,14,0,Restoran,Fiziksel Kart,652.63,799.94,-18.4,Bursa,0,0.29,12,0,normal
TXN001021,MUS0349,2024-07-03 07:31:00,Çarşamba,7,0,ATM Nakit,Fiziksel Kart,74.34,112.11,-33.7,Samsun,0,0.53,13,0,normal
TXN003473,MUS0517,2024-04-16 18:09:00,Salı,18,0,Elektronik,Fiziksel Kart,131.59,183.98,-28.5,Eskişehir,0,0.36,8,0,normal
TXN003667,MUS0438,2024-07-20 15:31:00,Cumartesi,15,0,Giyim,Online,84.35,107.62,-21.6,Gaziantep,0,0.35,9,0,normal
TXN001718,MUS0468,2024-07-19 18:26:00,Cuma,18,0,ATM Nakit,Online,731.16,669.46,9.2,Antalya,0,1.1,17,0,normal
TXN004970,MUS0516,2024-06-08 02:02:00,Cumartesi,2,1,Online Alışveriş,Fiziksel Kart,725.94,610.16,19.0,Ankara,0,0.67,2,0,normal
TXN004851,MUS0053,2024-06-29 06:41:00,Cumartesi,6,0,Sağlık,Fiziksel Kart,303.82,361.55,-16.0,Adana,0,0.01,6,0,normal
TXN001955,MUS0451,2024-12-19 08:44:00,Perşembe,8,0,ATM Nakit,Online,900.47,616.67,46.0,İstanbul,0,1.17,12,0,normal
TXN001245,MUS0657,2024-12-15 14:02:00,Pazar,14,0,Online Alışveriş,Fiziksel Kart,192.12,264.64,-27.4,Bursa,0,0.83,15,0,normal
TXN001528,MUS0475,2024-09-22 20:53:00,Pazar,20,0,Giyim,Fiziksel Kart,406.8,347.41,17.1,Adana,0,0.03,0,0,normal
TXN000457,MUS0783,2024-08-27 10:58:00,Salı,10,0,Restoran,Temassız,398.08,374.68,6.2,Bangkok,1,0.76,6,0,normal
TXN001673,MUS0656,2024-04-09 18:47:00,Salı,18,0,Uluslararası,Fiziksel Kart,622.25,683.02,-8.9,Gaziantep,0,0.17,0,0,normal
TXN002439,MUS0347,2024-01-10 04:04:00,Çarşamba,4,1,Ulaşım,Fiziksel Kart,365.72,350.9,4.2,Amsterdam,1,0.96,18,0,normal
TXN003018,MUS0621,2024-10-03 00:11:00,Perşembe,0,1,Döviz,Fiziksel Kart,836.39,706.02,18.5,Bursa,0,0.38,10,0,normal
TXN003109,MUS0652,2024-02-08 00:01:00,Perşembe,0,1,Eğlence,Temassız,60.68,255.88,-76.3,Kayseri,0,0.84,14,0,normal
TXN004160,MUS0086,2024-11-08 09:22:00,Cuma,9,0,Eğlence,Temassız,891.06,560.34,59.0,Ankara,0,0.94,11,0,normal
TXN003810,MUS0699,2024-02-03 19:28:00,Cumartesi,19,0,ATM Nakit,Online,808.11,535.52,50.9,Konya,0,0.06,0,0,normal
TXN001091,MUS0681,2024-05-09 17:32:00,Perşembe,17,0,Elektronik,Temassız,212.87,145.6,46.2,Konya,0,0.44,1,0,normal
TXN004675,MUS0269,2024-08-26 21:33:00,Pazartesi,21,0,Restoran,Fiziksel Kart,1100.99,480.93,128.9,Bursa,0,0.08,0,0,normal
TXN003942,MUS0579,2024-10-10 10:18:00,Perşembe,10,0,Uluslararası,Temassız,471.44,782.63,-39.8,Konya,0,0.06,0,0,normal
TXN002611,MUS0089,2024-12-15 17:45:00,Pazar,17,0,Döviz,Online,95.23,415.85,-77.1,Mersin,0,0.92,16,0,normal
TXN000800,MUS0093,2024-09-19 04:54:00,Perşembe,4,1,Elektronik,Temassız,239.86,267.81,-10.4,Samsun,0,0.47,8,0,normal
TXN000643,MUS0623,2024-06-21 07:57:00,Cuma,7,0,Restoran,Fiziksel Kart,180.73,625.6,-71.1,İzmir,0,0.08,8,0,normal
TXN004181,MUS0139,2024-04-01 07:32:00,Pazartesi,7,0,Ulaşım,Fiziksel Kart,782.36,752.4,4.0,Eskişehir,0,1.1,12,0,normal
TXN001736,MUS0787,2024-11-02 15:52:00,Cumartesi,15,0,Restoran,Online,257.93,551.76,-53.3,Mersin,0,0.67,4,0,normal
TXN002797,MUS0630,2024-10-25 10:15:00,Cuma,10,0,Giyim,Online,87.42,102.51,-14.7,Adana,0,1.18,21,0,normal
TXN001733,MUS0668,2024-01-02 10:51:00,Salı,10,0,Yakıt,Fiziksel Kart,653.32,516.49,26.5,Moskova,1,1.23,17,0,normal
TXN003671,MUS0221,2024-09-04 00:52:00,Çarşamba,0,1,Ulaşım,Fiziksel Kart,207.1,214.37,-3.4,Moskova,1,0.54,1,0,normal
TXN001307,MUS0608,2024-12-29 20:24:00,Pazar,20,0,Ulaşım,Temassız,138.91,176.95,-21.5,İzmir,0,0.81,14,0,normal
TXN000347,MUS0608,2024-09-19 13:39:00,Perşembe,13,0,Market,Fiziksel Kart,108.2,176.95,-38.9,Ankara,0,1.77,14,0,normal
TXN001553,MUS0343,2024-06-26 08:16:00,Çarşamba,8,0,Restoran,ATM,591.96,667.75,-11.4,Konya,0,1.04,16,0,normal
TXN000866,MUS0612,2024-05-04 01:48:00,Cumartesi,1,1,Giyim,Online,751.73,738.97,1.7,Bursa,0,1.47,9,0,normal
TXN002580,MUS0564,2024-11-14 14:34:00,Perşembe,14,0,ATM Nakit,Fiziksel Kart,451.87,235.77,91.7,Konya,0,0.47,10,0,normal
TXN003587,MUS0280,2024-03-19 19:44:00,Salı,19,0,Ulaşım,Fiziksel Kart,62.57,121.2,-48.4,Ankara,0,0.0,0,0,normal
TXN001558,MUS0174,2024-12-29 14:09:00,Pazar,14,0,Döviz,Temassız,699.03,620.27,12.7,Gaziantep,0,0.46,13,0,normal
TXN001679,MUS0748,2024-01-18 03:14:00,Perşembe,3,1,Online Alışveriş,Telefon,1106.52,791.81,39.7,Ankara,0,0.97,19,0,normal
TXN002264,MUS0576,2024-08-19 20:54:00,Pazartesi,20,0,ATM Nakit,Temassız,243.04,448.68,-45.8,İstanbul,0,0.13,0,0,normal
TXN000550,MUS0500,2024-10-05 16:03:00,Cumartesi,16,0,Market,Fiziksel Kart,256.72,187.59,36.9,Bursa,0,0.09,0,0,normal
TXN000676,MUS0654,2024-09-29 17:39:00,Pazar,17,0,Market,Online,486.66,741.62,-34.4,Ankara,0,1.61,16,0,normal
TXN002356,MUS0340,2024-11-28 05:19:00,Perşembe,5,1,Elektronik,Online,796.46,414.2,92.3,İstanbul,0,0.13,11,0,normal
TXN003929,MUS0551,2024-12-13 02:32:00,Cuma,2,1,Yakıt,ATM,516.05,533.28,-3.2,Eskişehir,0,1.48,24,0,normal
TXN002265,MUS0668,2024-07-09 14:20:00,Salı,14,0,Uluslararası,Fiziksel Kart,421.34,516.49,-18.4,İstanbul,0,0.9,16,0,normal
TXN000316,MUS0049,2024-11-25 02:11:00,Pazartesi,2,1,Restoran,Online,398.23,530.09,-24.9,Eskişehir,0,1.99,20,0,normal
TXN003302,MUS0756,2024-09-11 02:15:00,Çarşamba,2,1,ATM Nakit,Fiziksel Kart,171.8,149.1,15.2,Eskişehir,0,0.45,3,0,normal
TXN002072,MUS0416,2024-03-23 04:04:00,Cumartesi,4,1,ATM Nakit,Temassız,441.71,513.6,-14.0,Bursa,0,1.48,14,0,normal
TXN001186,MUS0298,2024-12-28 06:30:00,Cumartesi,6,0,Döviz,Fiziksel Kart,543.15,521.36,4.2,İzmir,0,1.34,22,0,normal
TXN003024,MUS0499,2024-08-12 01:30:00,Pazartesi,1,1,Restoran,ATM,378.01,563.96,-33.0,Kayseri,0,0.02,10,0,normal
TXN002547,MUS0511,2024-10-22 09:34:00,Salı,9,0,Online Alışveriş,Fiziksel Kart,326.66,387.72,-15.7,Samsun,0,1.09,19,0,normal
TXN000960,MUS0016,2024-05-18 09:16:00,Cumartesi,9,0,Elektronik,Fiziksel Kart,550.36,327.87,67.9,Kayseri,0,0.86,18,0,normal
TXN004183,MUS0463,2024-11-12 23:19:00,Salı,23,1,Uluslararası,Fiziksel Kart,170.15,195.33,-12.9,İstanbul,0,1.17,6,0,normal
TXN002895,MUS0465,2024-09-26 12:28:00,Perşembe,12,0,ATM Nakit,Temassız,623.23,389.9,59.8,Antalya,0,0.89,15,0,normal
TXN003141,MUS0093,2024-11-05 20:08:00,Salı,20,0,Uluslararası,ATM,337.01,267.81,25.8,Samsun,0,0.7,6,0,normal
TXN001313,MUS0515,2024-10-30 10:24:00,Çarşamba,10,0,Giyim,Fiziksel Kart,275.88,683.68,-59.6,Ankara,0,1.55,10,0,normal
TXN002333,MUS0691,2024-02-24 12:50:00,Cumartesi,12,0,Online Alışveriş,ATM,528.92,797.68,-33.7,Ankara,0,1.64,11,0,normal
TXN000221,MUS0044,2024-01-09 09:39:00,Salı,9,0,Eğlence,Fiziksel Kart,203.72,167.48,21.6,Eskişehir,0,1.05,17,0,normal
TXN002492,MUS0306,2024-04-06 20:50:00,Cumartesi,20,0,Sağlık,Fiziksel Kart,99.24,87.11,13.9,Konya,0,0.25,0,0,normal
TXN003357,MUS0547,2024-01-04 17:13:00,Perşembe,17,0,Uluslararası,Fiziksel Kart,1228.0,731.66,67.8,Ankara,0,0.8,7,0,normal
TXN001255,MUS0121,2024-06-04 15:23:00,Salı,15,0,Eğlence,Online,767.58,665.6,15.3,Eskişehir,0,0.31,0,0,normal
TXN000059,MUS0337,2024-05-04 22:34:00,Cumartesi,22,0,Döviz,Fiziksel Kart,314.75,265.52,18.5,Bursa,0,0.74,2,0,normal
TXN001117,MUS0545,2024-08-15 05:43:00,Perşembe,5,1,Market,Fiziksel Kart,800.6,680.39,17.7,Ankara,0,1.13,21,0,normal
TXN003238,MUS0485,2024-09-18 20:15:00,Çarşamba,20,0,Giyim,Online,51.63,108.19,-52.3,Mersin,0,0.92,12,0,normal
TXN003652,MUS0024,2024-05-10 14:11:00,Cuma,14,0,Yakıt,Online,615.59,574.91,7.1,Bursa,0,0.35,1,0,normal
TXN001784,MUS0366,2024-05-13 06:25:00,Pazartesi,6,0,Restoran,ATM,198.49,153.39,29.4,İstanbul,0,0.11,1,0,normal
TXN003040,MUS0392,2024-02-18 15:03:00,Pazar,15,0,Giyim,Online,404.34,219.59,84.1,Kayseri,0,1.14,8,0,normal
TXN003858,MUS0612,2024-08-09 18:25:00,Cuma,18,0,Giyim,Fiziksel Kart,247.22,738.97,-66.5,Bursa,0,0.16,0,0,normal
TXN002164,MUS0132,2024-01-05 23:24:00,Cuma,23,1,Uluslararası,Online,42.28,111.54,-62.1,Adana,0,0.01,0,0,normal
TXN004249,MUS0551,2024-10-18 18:56:00,Cuma,18,0,Uluslararası,ATM,592.6,533.28,11.1,Gaziantep,0,0.15,3,0,normal
TXN002572,MUS0767,2024-05-23 06:39:00,Perşembe,6,0,Restoran,Fiziksel Kart,452.59,457.0,-1.0,Kayseri,0,1.24,14,0,normal
TXN001043,MUS0250,2024-04-20 11:23:00,Cumartesi,11,0,Ulaşım,Temassız,862.26,611.1,41.1,Mersin,0,0.48,0,0,normal
TXN004979,MUS0649,2024-09-17 10:24:00,Salı,10,0,Döviz,Temassız,545.03,574.81,-5.2,İstanbul,0,0.95,8,0,normal
TXN004289,MUS0051,2024-11-04 12:37:00,Pazartesi,12,0,Uluslararası,Temassız,477.31,500.39,-4.6,Samsun,0,0.35,6,0,normal
TXN004805,MUS0482,2024-03-02 18:30:00,Cumartesi,18,0,Market,Fiziksel Kart,216.92,233.28,-7.0,Kayseri,0,0.24,2,0,normal
TXN004054,MUS0660,2024-01-31 06:36:00,Çarşamba,6,0,Eğlence,ATM,375.47,352.16,6.6,Kayseri,0,0.66,5,0,normal
TXN002904,MUS0236,2024-08-11 15:39:00,Pazar,15,0,Yakıt,Fiziksel Kart,556.31,431.82,28.8,Londra,1,1.54,24,0,normal
TXN002168,MUS0737,2024-04-28 18:37:00,Pazar,18,0,Sağlık,Temassız,6.58,515.52,-98.7,Eskişehir,0,0.07,0,0,normal
TXN004215,MUS0445,2024-12-29 01:29:00,Pazar,1,1,Restoran,Fiziksel Kart,675.74,496.76,36.0,Gaziantep,0,0.16,9,0,normal
TXN001409,MUS0740,2024-11-29 10:59:00,Cuma,10,0,Restoran,Online,127.53,125.71,1.4,Kayseri,0,0.74,17,0,normal
TXN001891,MUS0255,2024-02-07 19:46:00,Çarşamba,19,0,ATM Nakit,Online,389.55,371.46,4.9,İzmir,0,0.34,0,0,normal
TXN004643,MUS0076,2024-02-27 02:00:00,Salı,2,1,Restoran,Online,499.96,743.5,-32.8,İzmir,0,0.14,3,0,normal
TXN003111,MUS0165,2024-02-09 00:11:00,Cuma,0,1,ATM Nakit,Temassız,121.54,204.55,-40.6,Samsun,0,0.27,8,0,normal
TXN004783,MUS0216,2024-10-06 12:29:00,Pazar,12,0,ATM Nakit,Fiziksel Kart,227.27,173.04,31.3,İzmir,0,0.26,0,0,normal
TXN002907,MUS0436,2024-10-18 10:03:00,Cuma,10,0,Sağlık,Online,474.72,391.22,21.3,İstanbul,0,1.34,18,0,normal
TXN004034,MUS0411,2024-04-16 07:31:00,Salı,0,1,Online Alışveriş,Online,1946.45,481.79,304.0,Bursa,0,3.92,76,1,gece_islemi
TXN003584,MUS0507,2024-05-29 20:53:00,Çarşamba,20,0,Döviz,ATM,390.74,359.44,8.7,İstanbul,0,2.93,30,0,normal
TXN003718,MUS0430,2024-11-19 02:08:00,Salı,2,1,Elektronik,ATM,129.52,781.17,-83.4,Adana,0,0.87,18,0,normal
TXN000242,MUS0627,2024-02-09 01:04:00,Cuma,1,1,Uluslararası,Fiziksel Kart,267.5,639.45,-58.2,Konya,0,2.9,27,0,normal
TXN003069,MUS0800,2024-05-14 11:59:00,Salı,11,0,ATM Nakit,Online,721.56,736.55,-2.0,Adana,0,0.62,2,0,normal
TXN000823,MUS0139,2024-05-20 18:02:00,Pazartesi,18,0,Döviz,Temassız,1230.83,752.4,63.6,Eskişehir,0,0.23,0,0,normal
TXN000671,MUS0306,2024-11-16 18:05:00,Cumartesi,18,0,Yakıt,Online,5,87.11,-94.3,Konya,0,0.51,6,0,normal
TXN000352,MUS0055,2024-12-08 23:29:00,Pazar,23,1,Online Alışveriş,Telefon,1107.46,741.95,49.3,Kayseri,0,0.32,9,0,normal
TXN003604,MUS0360,2024-12-26 01:53:00,Perşembe,1,1,ATM Nakit,Temassız,166.1,227.32,-26.9,Tokyo,1,0.32,13,0,normal
TXN004175,MUS0709,2024-11-21 04:16:00,Perşembe,4,1,Ulaşım,ATM,389.53,514.0,-24.2,Mersin,0,1.04,15,0,normal
TXN000514,MUS0705,2024-05-11 01:28:00,Cumartesi,1,1,Döviz,Online,329.38,318.39,3.5,Konya,0,0.45,0,0,normal
TXN000379,MUS0702,2024-02-26 11:58:00,Pazartesi,11,0,Yakıt,Fiziksel Kart,338.35,357.42,-5.3,Konya,0,1.84,22,0,normal
TXN002243,MUS0327,2024-10-21 10:43:00,Pazartesi,10,0,Restoran,Temassız,177.95,178.75,-0.4,Antalya,0,0.42,0,0,normal
TXN004412,MUS0222,2024-02-23 03:47:00,Cuma,3,1,Ulaşım,Temassız,614.78,435.26,41.2,Mersin,0,0.63,12,0,normal
TXN002680,MUS0479,2024-08-24 19:10:00,Cumartesi,19,0,Online Alışveriş,Fiziksel Kart,243.45,294.1,-17.2,Samsun,0,0.1,0,0,normal
TXN001871,MUS0139,2024-04-08 04:04:00,Pazartesi,4,1,Sağlık,ATM,495.64,752.4,-34.1,Eskişehir,0,1.73,13,0,normal
TXN003658,MUS0181,2024-07-21 11:51:00,Pazar,11,0,Ulaşım,Temassız,80.1,87.04,-8.0,Konya,0,1.37,14,0,normal
TXN002926,MUS0422,2024-01-27 13:48:00,Cumartesi,13,0,Online Alışveriş,Online,47.61,429.73,-88.9,Samsun,0,0.38,0,0,normal
TXN001146,MUS0764,2024-06-21 10:46:00,Cuma,10,0,Uluslararası,Online,186.63,383.08,-51.3,Samsun,0,1.02,20,0,normal
TXN004343,MUS0430,2024-09-13 23:33:00,Cuma,23,1,Yakıt,ATM,802.91,781.17,2.8,Adana,0,0.69,12,0,normal
TXN002233,MUS0523,2024-10-27 10:10:00,Pazar,10,0,Ulaşım,Telefon,104.59,560.18,-81.3,Konya,0,1.21,7,0,normal
TXN000116,MUS0767,2024-08-17 01:01:00,Cumartesi,1,1,Giyim,Online,563.21,457.0,23.2,Kayseri,0,1.12,9,0,normal
TXN003373,MUS0573,2024-09-11 23:27:00,Çarşamba,23,1,Market,Fiziksel Kart,307.65,471.06,-34.7,İstanbul,0,0.17,11,0,normal
TXN003508,MUS0005,2024-09-26 18:33:00,Perşembe,18,0,Market,Fiziksel Kart,663.16,447.36,48.2,Bursa,0,1.5,15,0,normal
TXN004638,MUS0655,2024-08-07 12:22:00,Çarşamba,12,0,Online Alışveriş,Temassız,358.33,511.81,-30.0,Bursa,0,0.13,5,0,normal
TXN002922,MUS0339,2024-07-29 06:26:00,Pazartesi,6,0,ATM Nakit,Fiziksel Kart,171.45,137.42,24.8,Antalya,0,0.63,15,0,normal
TXN000431,MUS0463,2024-09-22 03:49:00,Pazar,3,1,Yakıt,Fiziksel Kart,188.43,195.33,-3.5,Konya,0,0.37,0,0,normal
TXN000580,MUS0672,2024-12-30 21:14:00,Pazartesi,21,0,Yakıt,Fiziksel Kart,607.01,701.4,-13.5,Mersin,0,1.48,15,0,normal
TXN003716,MUS0715,2024-08-19 03:53:00,Pazartesi,3,1,Sağlık,Fiziksel Kart,575.18,725.26,-20.7,İstanbul,0,0.99,17,0,normal
TXN004157,MUS0239,2024-09-06 02:46:00,Cuma,2,1,Uluslararası,Online,152.03,165.67,-8.2,Bursa,0,0.15,4,0,normal
TXN000350,MUS0524,2024-03-28 19:57:00,Perşembe,19,0,Uluslararası,Online,448.37,746.07,-39.9,Antalya,0,0.36,0,0,normal
TXN003151,MUS0455,2024-05-26 03:38:00,Pazar,3,1,Restoran,Online,261.83,219.82,19.1,İstanbul,0,0.07,5,0,normal
TXN004771,MUS0516,2024-12-01 06:50:00,Pazar,6,0,Sağlık,Online,241.74,610.16,-60.4,Ankara,0,0.04,0,0,normal
TXN000280,MUS0584,2024-05-19 17:45:00,Pazar,17,0,ATM Nakit,Fiziksel Kart,442.97,360.6,22.8,Gaziantep,0,0.25,0,0,normal
TXN004493,MUS0644,2024-10-19 10:40:00,Cumartesi,10,0,Market,Temassız,82.72,275.12,-69.9,İzmir,0,0.84,7,0,normal
TXN000507,MUS0475,2024-05-27 07:14:00,Pazartesi,7,0,Elektronik,Fiziksel Kart,267.32,347.41,-23.1,İstanbul,0,0.95,18,0,normal
TXN000940,MUS0298,2024-06-16 03:43:00,Pazar,3,1,Döviz,Online,495.17,521.36,-5.0,İzmir,0,1.02,11,0,normal
TXN003078,MUS0288,2024-05-20 14:49:00,Pazartesi,14,0,Eğlence,Online,534.87,533.4,0.3,Mersin,0,0.96,9,0,normal
TXN004720,MUS0191,2024-06-22 05:07:00,Cumartesi,5,1,Uluslararası,Temassız,268.65,297.14,-9.6,Samsun,0,1.06,13,0,normal
TXN000527,MUS0465,2024-01-27 04:41:00,Cumartesi,4,1,Online Alışveriş,Fiziksel Kart,423.71,389.9,8.7,Antalya,0,0.97,18,0,normal
TXN004573,MUS0137,2024-01-02 01:29:00,Salı,1,1,Sağlık,Online,279.0,250.34,11.4,Kayseri,0,0.17,0,0,normal
TXN003863,MUS0107,2024-09-17 01:59:00,Salı,1,1,Market,Online,10.57,382.24,-97.2,Konya,0,6.19,88,1,kart_test
TXN000252,MUS0667,2024-12-14 09:03:00,Cumartesi,9,0,Uluslararası,Online,350.51,707.84,-50.5,Eskişehir,0,0.22,0,0,normal
TXN004311,MUS0554,2024-05-20 02:07:00,Pazartesi,2,1,Sağlık,ATM,37.37,164.23,-77.2,Antalya,0,1.22,9,0,normal
TXN001863,MUS0341,2024-11-29 17:50:00,Cuma,17,0,Uluslararası,ATM,94.65,200.52,-52.8,Gaziantep,0,0.28,4,0,normal
TXN004769,MUS0017,2024-03-09 19:02:00,Cumartesi,19,0,Uluslararası,Temassız,411.86,281.56,46.3,Adana,0,0.7,5,0,normal
TXN004358,MUS0020,2024-11-14 12:02:00,Perşembe,12,0,Ulaşım,ATM,91.97,80.24,14.6,Samsun,0,0.2,10,0,normal
TXN000176,MUS0090,2024-04-25 11:00:00,Perşembe,11,0,Uluslararası,Telefon,182.97,163.73,11.8,Adana,0,1.72,19,0,normal
TXN001100,MUS0709,2024-07-02 16:54:00,Salı,16,0,Market,Online,408.06,514.0,-20.6,Mersin,0,0.32,3,0,normal
TXN002160,MUS0646,2024-03-31 20:43:00,Pazar,20,0,Eğlence,Online,394.61,580.15,-32.0,Ankara,0,1.4,15,0,normal
TXN004383,MUS0258,2024-01-05 17:17:00,Cuma,17,0,Eğlence,Temassız,289.71,560.55,-48.3,Antalya,0,1.09,5,0,normal
TXN003516,MUS0753,2024-04-25 11:41:00,Perşembe,11,0,ATM Nakit,Temassız,295.78,372.16,-20.5,Adana,0,1.55,10,0,normal
TXN002709,MUS0772,2024-05-29 18:24:00,Çarşamba,18,0,Yakıt,Temassız,55.26,100.59,-45.1,Samsun,0,0.68,13,0,normal
TXN004530,MUS0323,2024-03-03 09:00:00,Pazar,9,0,Sağlık,Fiziksel Kart,708.49,592.84,19.5,Samsun,0,0.72,3,0,normal
TXN004875,MUS0080,2024-06-22 20:22:00,Cumartesi,20,0,Online Alışveriş,ATM,299.49,160.47,86.6,Adana,0,0.38,2,0,normal
TXN000045,MUS0031,2024-06-15 10:32:00,Cumartesi,10,0,Yakıt,Fiziksel Kart,125.53,135.8,-7.6,Kayseri,0,0.83,17,0,normal
TXN002964,MUS0417,2024-11-12 05:09:00,Salı,5,1,Ulaşım,ATM,686.03,513.39,33.6,Gaziantep,0,0.96,9,0,normal
TXN004748,MUS0184,2024-03-20 13:04:00,Çarşamba,13,0,Eğlence,Temassız,377.06,391.84,-3.8,Gaziantep,0,0.38,2,0,normal
TXN003347,MUS0085,2024-11-13 23:12:00,Çarşamba,23,1,Döviz,Fiziksel Kart,189.73,393.49,-51.8,Eskişehir,0,0.64,12,0,normal
TXN000868,MUS0665,2024-03-31 23:11:00,Pazar,23,1,Giyim,Fiziksel Kart,630.31,773.06,-18.5,Kayseri,0,1.02,6,0,normal
TXN003753,MUS0373,2024-05-01 09:22:00,Çarşamba,9,0,Restoran,Temassız,470.2,351.75,33.7,Samsun,0,1.04,18,0,normal
TXN003082,MUS0253,2024-02-13 09:35:00,Salı,9,0,Uluslararası,ATM,787.42,771.17,2.1,Mersin,0,0.41,3,0,normal
TXN004618,MUS0256,2024-06-30 21:22:00,Pazar,21,0,Ulaşım,Fiziksel Kart,394.83,296.1,33.3,İstanbul,0,1.18,16,0,normal
TXN001390,MUS0403,2024-11-04 09:42:00,Pazartesi,9,0,Ulaşım,Fiziksel Kart,609.46,706.28,-13.7,Adana,0,1.0,12,0,normal
TXN000423,MUS0587,2024-03-29 12:50:00,Cuma,12,0,Ulaşım,Online,381.62,617.7,-38.2,Konya,0,0.53,8,0,normal
TXN001299,MUS0185,2024-02-05 05:36:00,Pazartesi,5,1,Elektronik,Temassız,162.57,120.39,35.0,Mersin,0,0.95,9,0,normal
TXN004577,MUS0660,2024-04-12 09:32:00,Cuma,9,0,Restoran,Fiziksel Kart,562.7,352.16,59.8,Kayseri,0,2.75,30,0,normal
TXN003672,MUS0647,2024-06-02 23:48:00,Pazar,23,1,Yakıt,Online,460.71,296.97,55.1,İzmir,0,1.03,12,0,normal
TXN004441,MUS0582,2024-01-11 00:06:00,Perşembe,0,1,Elektronik,Online,155.23,571.28,-72.8,Bursa,0,0.19,8,0,normal
TXN001842,MUS0268,2024-04-19 17:21:00,Cuma,17,0,Elektronik,Temassız,284.01,223.0,27.4,Kayseri,0,0.54,3,0,normal
TXN003980,MUS0192,2024-04-15 00:27:00,Pazartesi,0,1,Sağlık,Online,905.79,638.78,41.8,Antalya,0,1.3,16,0,normal
TXN001436,MUS0652,2024-02-24 06:35:00,Cumartesi,6,0,Yakıt,Online,439.23,255.88,71.7,Kayseri,0,2.23,30,0,normal
TXN004015,MUS0590,2024-03-13 15:57:00,Çarşamba,15,0,Eğlence,Online,231.35,789.02,-70.7,Konya,0,0.09,3,0,normal
TXN003538,MUS0231,2024-11-28 09:27:00,Perşembe,9,0,ATM Nakit,ATM,125.25,94.28,32.8,Mersin,0,0.23,10,0,normal
TXN004872,MUS0298,2024-08-04 19:51:00,Pazar,19,0,Döviz,Online,487.76,521.36,-6.4,İzmir,0,1.29,16,0,normal
TXN000476,MUS0556,2024-08-26 22:09:00,Pazartesi,22,0,ATM Nakit,Online,136.79,560.6,-75.6,Samsun,0,0.58,14,0,normal
TXN002686,MUS0173,2024-09-22 16:53:00,Pazar,16,0,ATM Nakit,Online,385.18,425.63,-9.5,Eskişehir,0,0.52,10,0,normal
TXN003081,MUS0623,2024-07-12 08:51:00,Cuma,8,0,Döviz,Telefon,552.23,625.6,-11.7,İzmir,0,0.29,0,0,normal
TXN000622,MUS0086,2024-02-17 08:25:00,Cumartesi,8,0,Market,Temassız,580.52,560.34,3.6,Ankara,0,0.75,14,0,normal
TXN000295,MUS0018,2024-11-01 11:41:00,Cuma,11,0,Sağlık,Online,54.41,339.95,-84.0,Kayseri,0,0.33,3,0,normal
TXN001483,MUS0647,2024-09-03 02:10:00,Salı,2,1,ATM Nakit,Online,126.45,296.97,-57.4,Paris,1,0.16,11,0,normal
TXN002714,MUS0656,2024-05-25 01:02:00,Cumartesi,1,1,Döviz,Online,991.69,683.02,45.2,Gaziantep,0,0.66,9,0,normal
TXN000938,MUS0171,2024-06-21 04:32:00,Cuma,4,1,ATM Nakit,Fiziksel Kart,726.72,750.36,-3.2,Antalya,0,0.02,1,0,normal
TXN000724,MUS0790,2024-03-08 05:05:00,Cuma,5,1,Ulaşım,Online,923.98,780.55,18.4,Mersin,0,0.39,11,0,normal
TXN004120,MUS0197,2024-05-23 15:52:00,Perşembe,15,0,Ulaşım,Online,678.66,710.27,-4.5,Bursa,0,0.49,12,0,normal
TXN004240,MUS0404,2024-11-04 10:01:00,Pazartesi,10,0,Yakıt,Online,498.17,765.8,-34.9,Konya,0,0.12,11,0,normal
TXN004438,MUS0090,2024-01-04 13:32:00,Perşembe,13,0,Restoran,Temassız,154.06,163.73,-5.9,Adana,0,0.96,16,0,normal
TXN004352,MUS0180,2024-09-24 04:43:00,Salı,4,1,Online Alışveriş,Online,11.98,722.13,-98.3,Konya,0,6.03,85,1,kart_test
TXN001027,MUS0479,2024-09-28 22:52:00,Cumartesi,22,0,Elektronik,Fiziksel Kart,617.96,294.1,110.1,Antalya,0,0.83,11,0,normal
TXN002906,MUS0158,2024-06-03 21:04:00,Pazartesi,21,0,Döviz,Telefon,326.59,255.9,27.6,Konya,0,0.22,0,0,normal
TXN001636,MUS0246,2024-06-12 21:01:00,Çarşamba,21,0,Restoran,Fiziksel Kart,473.14,620.91,-23.8,Antalya,0,0.93,11,0,normal
TXN002585,MUS0768,2024-07-01 18:10:00,Pazartesi,18,0,Eğlence,Online,300.94,488.79,-38.4,İzmir,0,1.88,18,0,normal
TXN003543,MUS0387,2024-10-09 00:45:00,Çarşamba,0,1,Döviz,Online,679.67,547.94,24.0,Antalya,0,2.2,19,0,normal
TXN002399,MUS0264,2024-08-07 18:12:00,Çarşamba,18,0,Elektronik,Fiziksel Kart,610.75,543.61,12.4,Samsun,0,0.78,10,0,normal
TXN002918,MUS0256,2024-05-19 17:57:00,Pazar,17,0,Restoran,ATM,392.88,296.1,32.7,İstanbul,0,1.78,24,0,normal
TXN001187,MUS0004,2024-08-10 03:19:00,Cumartesi,3,1,Sağlık,Fiziksel Kart,532.95,787.04,-32.3,Ankara,0,0.32,3,0,normal
TXN004860,MUS0086,2024-05-08 21:59:00,Çarşamba,21,0,Ulaşım,Temassız,588.81,560.34,5.1,Ankara,0,1.76,26,0,normal
TXN003485,MUS0472,2024-12-30 09:16:00,Pazartesi,9,0,ATM Nakit,Fiziksel Kart,816.83,750.11,8.9,Mersin,0,0.97,11,0,normal
TXN000956,MUS0720,2024-10-14 14:35:00,Pazartesi,14,0,Yakıt,Fiziksel Kart,816.65,607.8,34.4,Gaziantep,0,0.51,0,0,normal
TXN004644,MUS0495,2024-08-13 15:38:00,Salı,15,0,Eğlence,Fiziksel Kart,178.24,117.48,51.7,Adana,0,0.29,0,0,normal
TXN001612,MUS0381,2024-04-11 04:11:00,Perşembe,4,1,Eğlence,Online,731.69,469.01,56.0,Samsun,0,1.33,11,0,normal
TXN004361,MUS0632,2024-02-14 14:40:00,Çarşamba,14,0,Eğlence,Online,35.99,133.92,-73.1,Adana,0,0.62,14,0,normal
TXN004713,MUS0442,2024-06-11 22:21:00,Salı,22,0,Restoran,Fiziksel Kart,107.77,101.1,6.6,Konya,0,0.96,12,0,normal
TXN004925,MUS0104,2024-12-24 14:03:00,Salı,14,0,Sağlık,Fiziksel Kart,454.56,283.63,60.3,Bursa,0,0.53,7,0,normal
TXN000855,MUS0296,2024-03-15 07:53:00,Cuma,7,0,Giyim,Fiziksel Kart,85.6,139.45,-38.6,Antalya,0,1.12,13,0,normal
TXN001429,MUS0781,2024-09-06 21:29:00,Cuma,21,0,ATM Nakit,Temassız,586.7,684.21,-14.3,Gaziantep,0,1.28,8,0,normal
TXN003535,MUS0791,2024-03-11 04:48:00,Pazartesi,4,1,ATM Nakit,ATM,120.03,384.86,-68.8,Bursa,0,0.44,5,0,normal
TXN002172,MUS0223,2024-07-30 05:02:00,Salı,5,1,Online Alışveriş,Temassız,540.81,317.03,70.6,Eskişehir,0,0.19,9,0,normal
TXN004241,MUS0582,2024-04-24 08:17:00,Çarşamba,8,0,ATM Nakit,Fiziksel Kart,381.46,571.28,-33.2,Bursa,0,1.46,18,0,normal
TXN001724,MUS0576,2024-08-30 07:37:00,Cuma,7,0,Elektronik,Fiziksel Kart,8095.41,448.68,1704.3,Ankara,0,5.87,93,1,yuksek_tutar
TXN001462,MUS0567,2024-11-06 06:30:00,Çarşamba,6,0,Yakıt,Fiziksel Kart,394.76,380.87,3.6,Samsun,0,1.5,10,0,normal
TXN001570,MUS0482,2024-11-17 01:10:00,Pazar,1,1,Restoran,Fiziksel Kart,94.57,233.28,-59.5,Roma,1,0.98,15,0,normal
TXN004868,MUS0090,2024-04-07 09:50:00,Pazar,9,0,Giyim,Online,85.45,163.73,-47.8,Adana,0,0.4,3,0,normal
TXN000782,MUS0282,2024-05-25 00:47:00,Cumartesi,1,1,ATM Nakit,ATM,3727.91,583.93,538.4,İstanbul,0,5.57,82,1,gece_islemi
TXN001510,MUS0572,2024-11-14 05:47:00,Perşembe,5,1,Döviz,Fiziksel Kart,546.06,422.44,29.3,Antalya,0,0.15,8,0,normal
TXN002384,MUS0259,2024-10-21 23:43:00,Pazartesi,23,1,ATM Nakit,Fiziksel Kart,301.05,464.23,-35.2,Mersin,0,0.21,9,0,normal
TXN004679,MUS0095,2024-06-21 07:27:00,Cuma,7,0,ATM Nakit,Temassız,268.26,406.48,-34.0,Ankara,0,0.38,0,0,normal
TXN003785,MUS0620,2024-11-02 21:45:00,Cumartesi,21,0,Yakıt,Temassız,947.16,786.13,20.5,Mersin,0,0.0,0,0,normal
TXN001169,MUS0158,2024-01-16 02:19:00,Salı,2,1,Restoran,ATM,288.04,255.9,12.6,Konya,0,0.45,14,0,normal
TXN001113,MUS0631,2024-02-29 00:59:00,Perşembe,0,1,Restoran,Temassız,453.45,791.56,-42.7,Adana,0,0.41,3,0,normal
TXN004436,MUS0583,2024-09-20 15:39:00,Cuma,15,0,Sağlık,ATM,566.11,682.61,-17.1,Tokyo,1,0.56,10,0,normal
TXN000526,MUS0185,2024-08-21 00:24:00,Çarşamba,0,1,Giyim,Fiziksel Kart,74.82,120.39,-37.9,Mersin,0,0.05,0,0,normal
TXN004163,MUS0183,2024-12-07 07:13:00,Cumartesi,7,0,ATM Nakit,Online,378.41,623.82,-39.3,Antalya,0,0.54,13,0,normal
TXN003746,MUS0466,2024-04-05 12:44:00,Cuma,12,0,Restoran,Temassız,185.64,134.94,37.6,Konya,0,0.05,5,0,normal
TXN004746,MUS0621,2024-05-29 23:33:00,Çarşamba,23,1,Ulaşım,Online,267.48,706.02,-62.1,Bursa,0,0.57,9,0,normal
TXN004656,MUS0776,2024-12-26 18:17:00,Perşembe,18,0,Döviz,Fiziksel Kart,685.89,570.38,20.3,İzmir,0,0.46,13,0,normal
TXN004662,MUS0336,2024-08-14 03:59:00,Çarşamba,3,1,Online Alışveriş,Online,259.69,201.77,28.7,Kayseri,0,1.15,15,0,normal
TXN004751,MUS0334,2024-07-01 16:53:00,Pazartesi,16,0,Restoran,Online,263.48,411.07,-35.9,Antalya,0,1.5,11,0,normal
TXN003296,MUS0353,2024-03-05 15:15:00,Salı,15,0,Yakıt,Fiziksel Kart,288.17,304.24,-5.3,Gaziantep,0,1.19,13,0,normal
TXN004105,MUS0402,2024-05-30 10:38:00,Perşembe,10,0,Yakıt,Online,1022.53,736.47,38.8,Mersin,0,0.23,8,0,normal
TXN004885,MUS0363,2024-12-01 04:05:00,Pazar,4,1,Yakıt,Temassız,507.96,799.05,-36.4,Adana,0,0.21,0,0,normal
TXN004164,MUS0491,2024-09-24 13:53:00,Salı,13,0,Ulaşım,Fiziksel Kart,522.75,527.91,-1.0,Gaziantep,0,0.2,1,0,normal
TXN002863,MUS0138,2024-03-09 13:08:00,Cumartesi,13,0,Online Alışveriş,Temassız,373.35,253.85,47.1,Antalya,0,0.18,0,0,normal
TXN001297,MUS0748,2024-02-15 14:11:00,Perşembe,14,0,Restoran,Temassız,681.46,791.81,-13.9,Ankara,0,0.01,6,0,normal
TXN002046,MUS0554,2024-07-12 16:52:00,Cuma,16,0,Market,Fiziksel Kart,198.62,164.23,20.9,Antalya,0,0.65,5,0,normal
TXN003721,MUS0610,2024-10-17 07:53:00,Perşembe,7,0,Döviz,Fiziksel Kart,632.79,776.12,-18.5,Antalya,0,0.48,4,0,normal
TXN000542,MUS0593,2024-12-17 11:57:00,Salı,11,0,Döviz,Fiziksel Kart,193.15,221.51,-12.8,Samsun,0,0.74,13,0,normal
TXN004397,MUS0273,2024-04-19 11:39:00,Cuma,11,0,Restoran,Online,147.4,106.93,37.8,Antalya,0,0.04,0,0,normal
TXN001658,MUS0704,2024-06-14 08:58:00,Cuma,8,0,Uluslararası,Online,223.62,196.09,14.0,Mersin,0,0.67,11,0,normal
TXN004121,MUS0015,2024-06-05 12:24:00,Çarşamba,12,0,Sağlık,Fiziksel Kart,725.68,625.7,16.0,Mersin,0,1.38,14,0,normal
TXN000203,MUS0221,2024-03-11 07:58:00,Pazartesi,7,0,Sağlık,Online,164.14,214.37,-23.4,Samsun,0,0.6,15,0,normal
TXN000254,MUS0298,2024-04-30 09:40:00,Salı,9,0,Sağlık,Temassız,315.4,521.36,-39.5,İzmir,0,0.33,4,0,normal
TXN003035,MUS0018,2024-05-21 23:44:00,Salı,1,1,Online Alışveriş,ATM,1354.69,339.95,298.5,Kayseri,0,4.85,87,1,gece_islemi
TXN000729,MUS0602,2024-02-11 06:35:00,Pazar,6,0,Döviz,Fiziksel Kart,677.04,428.12,58.1,Gaziantep,0,0.2,3,0,normal
TXN000238,MUS0146,2024-11-14 14:12:00,Perşembe,14,0,Uluslararası,Fiziksel Kart,3518.33,279.19,1160.2,Ankara,0,7.82,100,1,yuksek_tutar
TXN002047,MUS0785,2024-08-25 11:00:00,Pazar,11,0,Eğlence,Fiziksel Kart,772.22,484.73,59.3,Tokyo,1,1.22,18,0,normal
TXN003601,MUS0479,2024-01-13 13:35:00,Cumartesi,13,0,Ulaşım,Online,348.22,294.1,18.4,Samsun,0,1.33,20,0,normal
TXN000941,MUS0702,2024-12-29 05:20:00,Pazar,5,1,Eğlence,Fiziksel Kart,320.17,357.42,-10.4,Konya,0,0.61,1,0,normal
TXN000619,MUS0353,2024-04-24 18:55:00,Çarşamba,18,0,ATM Nakit,ATM,274.06,304.24,-9.9,Gaziantep,0,0.1,0,0,normal
TXN003220,MUS0685,2024-08-24 12:24:00,Cumartesi,12,0,Restoran,ATM,304.68,292.85,4.0,İstanbul,0,1.33,19,0,normal
TXN002230,MUS0138,2024-06-20 02:32:00,Perşembe,2,1,ATM Nakit,Telefon,489.61,253.85,92.9,Antalya,0,1.0,5,0,normal
TXN001068,MUS0420,2024-06-25 16:30:00,Salı,16,0,Sağlık,Online,584.12,462.48,26.3,Antalya,0,0.94,10,0,normal
TXN001690,MUS0310,2024-12-05 18:42:00,Perşembe,18,0,Döviz,Online,1094.19,620.56,76.3,Eskişehir,0,2.39,30,0,normal
TXN000840,MUS0356,2024-01-12 00:00:00,Cuma,0,1,Sağlık,Online,262.45,650.47,-59.7,Samsun,0,0.44,7,0,normal
TXN003431,MUS0617,2024-02-11 09:49:00,Pazar,9,0,Döviz,Online,917.84,660.0,39.1,Antalya,0,0.42,12,0,normal
TXN004741,MUS0492,2024-06-20 20:03:00,Perşembe,20,0,ATM Nakit,Fiziksel Kart,297.25,258.21,15.1,Bursa,0,1.22,17,0,normal
TXN000740,MUS0359,2024-11-01 02:49:00,Cuma,2,1,Döviz,Temassız,489.39,403.13,21.4,İstanbul,0,0.93,17,0,normal
TXN002607,MUS0664,2024-12-01 18:08:00,Pazar,18,0,Elektronik,Temassız,299.46,581.08,-48.5,Mersin,0,1.12,11,0,normal
TXN000798,MUS0329,2024-10-19 21:50:00,Cumartesi,21,0,Yakıt,Fiziksel Kart,472.09,481.54,-2.0,İzmir,0,1.26,22,0,normal
TXN000637,MUS0484,2024-08-03 07:30:00,Cumartesi,7,0,Giyim,Online,961.99,565.24,70.2,Samsun,0,0.38,0,0,normal
TXN000944,MUS0165,2024-02-04 20:31:00,Pazar,20,0,Uluslararası,Online,4062.39,204.55,1886.0,Samsun,0,5.68,89,1,yuksek_tutar
TXN000487,MUS0081,2024-03-07 14:14:00,Perşembe,14,0,Online Alışveriş,Temassız,332.59,495.61,-32.9,Gaziantep,0,0.18,1,0,normal
TXN003110,MUS0254,2024-04-29 10:53:00,Pazartesi,10,0,Uluslararası,Online,993.95,716.95,38.6,Samsun,0,0.5,4,0,normal
TXN001800,MUS0383,2024-06-09 15:22:00,Pazar,15,0,Döviz,Fiziksel Kart,711.77,658.6,8.1,Bursa,0,1.08,5,0,normal
TXN004955,MUS0479,2024-01-22 09:17:00,Pazartesi,9,0,Döviz,Fiziksel Kart,262.89,294.1,-10.6,Samsun,0,1.77,18,0,normal
TXN003087,MUS0407,2024-04-27 07:53:00,Cumartesi,7,0,Market,Online,21.01,627.92,-96.7,Mersin,0,0.7,59,1,kart_test
TXN004742,MUS0188,2024-10-05 07:54:00,Cumartesi,7,0,Yakıt,Temassız,790.62,527.17,50.0,Ankara,0,0.27,0,0,normal
TXN000142,MUS0578,2024-02-26 20:11:00,Pazartesi,20,0,Market,ATM,476.2,761.55,-37.5,Ankara,0,0.32,0,0,normal
TXN003605,MUS0555,2024-08-05 12:36:00,Pazartesi,12,0,Elektronik,Temassız,173.9,189.79,-8.4,Kayseri,0,0.69,3,0,normal
TXN001076,MUS0511,2024-07-30 15:12:00,Salı,15,0,Online Alışveriş,Fiziksel Kart,577.26,387.72,48.9,Samsun,0,0.5,5,0,normal
TXN002545,MUS0710,2024-06-18 21:30:00,Salı,21,0,Market,Temassız,289.52,365.23,-20.7,Adana,0,1.19,19,0,normal
TXN003819,MUS0065,2024-02-04 06:15:00,Pazar,6,0,Online Alışveriş,Online,260.75,689.03,-62.2,Moskova,1,0.27,10,0,normal
TXN000851,MUS0006,2024-12-14 06:02:00,Cumartesi,6,0,Sağlık,Online,83.67,99.17,-15.6,Bursa,0,0.37,9,0,normal
TXN004100,MUS0089,2024-07-12 14:14:00,Cuma,14,0,Döviz,Fiziksel Kart,507.52,415.85,22.0,Mersin,0,1.38,8,0,normal
TXN001779,MUS0636,2024-11-15 09:51:00,Cuma,9,0,Uluslararası,Temassız,889.22,788.67,12.7,Mersin,0,0.62,14,0,normal
TXN003251,MUS0449,2024-10-28 23:08:00,Pazartesi,23,1,Eğlence,Temassız,378.79,431.62,-12.2,Kayseri,0,1.88,26,0,normal
TXN000762,MUS0660,2024-03-28 20:12:00,Perşembe,20,0,Giyim,ATM,335.8,352.16,-4.6,Kayseri,0,0.24,1,0,normal
TXN002652,MUS0290,2024-12-20 05:00:00,Cuma,5,1,Sağlık,Online,259.67,477.03,-45.6,Gaziantep,0,2.61,23,0,normal
TXN004760,MUS0116,2024-10-12 12:53:00,Cumartesi,12,0,Sağlık,Online,323.51,296.06,9.3,İzmir,0,0.47,11,0,normal
TXN003107,MUS0254,2024-05-17 07:01:00,Cuma,7,0,Uluslararası,ATM,797.37,716.95,11.2,Samsun,0,1.57,17,0,normal
TXN001038,MUS0517,2024-06-10 13:39:00,Pazartesi,13,0,Market,Fiziksel Kart,144.96,183.98,-21.2,Eskişehir,0,0.86,16,0,normal
TXN004211,MUS0536,2024-08-10 07:49:00,Cumartesi,7,0,Eğlence,Fiziksel Kart,510.25,511.75,-0.3,Bursa,0,2.24,22,0,normal
TXN000710,MUS0400,2024-02-18 22:18:00,Pazar,22,0,Döviz,Telefon,371.82,490.74,-24.2,Samsun,0,0.08,7,0,normal
TXN000097,MUS0303,2024-03-18 11:56:00,Pazartesi,11,0,Uluslararası,Fiziksel Kart,223.76,365.99,-38.9,İstanbul,0,1.53,19,0,normal
TXN002938,MUS0032,2024-01-13 09:27:00,Cumartesi,9,0,Giyim,Fiziksel Kart,178.09,253.2,-29.7,Gaziantep,0,0.39,0,0,normal
TXN003118,MUS0436,2024-06-11 07:46:00,Salı,7,0,Eğlence,Temassız,320.71,391.22,-18.0,İstanbul,0,1.14,21,0,normal
TXN004553,MUS0753,2024-06-29 10:40:00,Cumartesi,10,0,Uluslararası,Fiziksel Kart,547.67,372.16,47.2,Adana,0,0.43,4,0,normal
TXN001105,MUS0732,2024-06-12 05:14:00,Çarşamba,5,1,Giyim,Fiziksel Kart,202.28,240.2,-15.8,Bursa,0,0.49,9,0,normal
TXN001668,MUS0648,2024-05-27 08:32:00,Pazartesi,8,0,Market,Fiziksel Kart,187.02,129.1,44.9,İzmir,0,0.76,13,0,normal
TXN001163,MUS0393,2024-03-11 08:16:00,Pazartesi,8,0,Elektronik,Temassız,883.84,473.08,86.8,Mersin,0,1.01,9,0,normal
TXN003183,MUS0163,2024-04-12 07:13:00,Cuma,7,0,Giyim,Telefon,339.09,264.6,28.2,İzmir,0,0.37,2,0,normal
TXN001771,MUS0579,2024-09-28 02:38:00,Cumartesi,2,1,Uluslararası,Temassız,1214.54,782.63,55.2,Konya,0,1.01,8,0,normal
TXN003782,MUS0668,2024-06-12 17:38:00,Çarşamba,17,0,Eğlence,Fiziksel Kart,664.38,516.49,28.6,İstanbul,0,0.44,11,0,normal
TXN002358,MUS0676,2024-02-12 19:50:00,Pazartesi,19,0,Elektronik,Online,84.94,88.23,-3.7,Bursa,0,0.55,12,0,normal
TXN001227,MUS0603,2024-02-13 04:47:00,Salı,4,1,Online Alışveriş,Fiziksel Kart,425.3,265.9,59.9,İzmir,0,1.74,15,0,normal
TXN000630,MUS0640,2024-12-03 02:55:00,Salı,2,1,Uluslararası,Fiziksel Kart,616.87,427.9,44.2,Kayseri,0,0.08,7,0,normal
TXN001511,MUS0133,2024-10-28 07:24:00,Pazartesi,7,0,Restoran,Fiziksel Kart,229.4,259.77,-11.7,Gaziantep,0,0.49,9,0,normal
TXN004229,MUS0682,2024-01-22 09:04:00,Pazartesi,9,0,Uluslararası,Fiziksel Kart,783.56,550.38,42.4,Ankara,0,0.28,0,0,normal
TXN000396,MUS0052,2024-06-07 05:36:00,Cuma,5,1,Sağlık,Online,499.39,581.67,-14.1,Samsun,0,1.45,17,0,normal
TXN000147,MUS0708,2024-11-03 03:00:00,Pazar,3,1,ATM Nakit,Fiziksel Kart,120.12,171.18,-29.8,Ankara,0,0.73,4,0,normal
TXN002303,MUS0431,2024-09-11 22:26:00,Çarşamba,22,0,Döviz,Online,99.68,196.45,-49.3,Konya,0,0.79,5,0,normal
TXN000058,MUS0562,2024-05-19 17:58:00,Pazar,17,0,Sağlık,Temassız,92.71,262.27,-64.7,Adana,0,0.59,2,0,normal
TXN004568,MUS0052,2024-10-30 01:57:00,Çarşamba,1,1,Elektronik,Fiziksel Kart,5021.38,581.67,763.3,Amsterdam,1,4.21,78,1,yurtdisi_anomali
TXN004575,MUS0223,2024-11-03 15:04:00,Pazar,15,0,ATM Nakit,Fiziksel Kart,272.05,317.03,-14.2,Eskişehir,0,0.56,7,0,normal
TXN004509,MUS0073,2024-01-21 21:01:00,Pazar,21,0,Uluslararası,Fiziksel Kart,107.68,84.37,27.6,Antalya,0,0.84,16,0,normal
TXN004456,MUS0204,2024-04-21 17:49:00,Pazar,17,0,Sağlık,Fiziksel Kart,644.96,614.39,5.0,Eskişehir,0,0.37,3,0,normal
TXN000932,MUS0470,2024-01-14 18:27:00,Pazar,18,0,Sağlık,Fiziksel Kart,126.97,135.84,-6.5,Samsun,0,0.79,11,0,normal
TXN003885,MUS0491,2024-08-11 00:40:00,Pazar,0,1,Uluslararası,ATM,382.75,527.91,-27.5,Antalya,0,0.5,15,0,normal
TXN000490,MUS0115,2024-01-04 18:51:00,Perşembe,18,0,Döviz,ATM,50.48,108.34,-53.4,Eskişehir,0,0.55,4,0,normal
TXN002975,MUS0665,2024-12-02 10:21:00,Pazartesi,10,0,Online Alışveriş,Fiziksel Kart,1927.52,773.06,149.3,Ankara,0,5.3,81,1,farkli_sehir
TXN002321,MUS0413,2024-10-13 16:43:00,Pazar,16,0,Elektronik,Online,934.74,548.75,70.3,Amsterdam,1,1.14,13,0,normal
TXN002326,MUS0482,2024-11-11 02:56:00,Pazartesi,2,1,ATM Nakit,ATM,88.92,233.28,-61.9,Kayseri,0,0.21,0,0,normal
TXN004633,MUS0274,2024-10-28 06:58:00,Pazartesi,6,0,Market,Online,104.28,133.76,-22.0,Roma,1,0.43,11,0,normal
TXN002392,MUS0675,2024-01-24 16:47:00,Çarşamba,16,0,Ulaşım,Online,581.72,632.99,-8.1,Konya,0,0.46,6,0,normal
TXN003891,MUS0720,2024-07-08 22:13:00,Pazartesi,22,0,Restoran,Fiziksel Kart,620.11,607.8,2.0,Gaziantep,0,0.46,4,0,normal
TXN004232,MUS0586,2024-10-29 05:58:00,Salı,5,1,Restoran,Fiziksel Kart,823.58,570.39,44.4,İzmir,0,0.04,0,0,normal
TXN003027,MUS0325,2024-10-31 00:29:00,Perşembe,0,1,Market,Online,373.02,473.16,-21.2,Antalya,0,0.26,7,0,normal
TXN002051,MUS0420,2024-07-22 21:02:00,Pazartesi,21,0,Elektronik,Online,211.06,462.48,-54.4,Antalya,0,1.85,23,0,normal
TXN004022,MUS0632,2024-03-24 04:48:00,Pazar,4,1,Döviz,Online,51.17,133.92,-61.8,Gaziantep,0,0.92,15,0,normal
TXN003013,MUS0386,2024-03-25 23:53:00,Pazartesi,23,1,Elektronik,Fiziksel Kart,606.53,568.59,6.7,Adana,0,1.85,28,0,normal
TXN003521,MUS0177,2024-07-27 19:44:00,Cumartesi,19,0,Ulaşım,Online,548.39,680.45,-19.4,Adana,0,1.47,17,0,normal
TXN003796,MUS0660,2024-09-13 22:39:00,Cuma,22,0,Ulaşım,Online,427.19,352.16,21.3,Kayseri,0,0.02,2,0,normal
TXN002557,MUS0398,2024-07-30 02:25:00,Salı,2,1,Giyim,ATM,935.86,725.19,29.1,Konya,0,0.39,11,0,normal
TXN000668,MUS0211,2024-03-14 11:09:00,Perşembe,11,0,Elektronik,Online,374.56,430.8,-13.1,Samsun,0,2.51,28,0,normal
TXN001661,MUS0582,2024-09-04 05:58:00,Çarşamba,5,1,Giyim,ATM,626.18,571.28,9.6,Eskişehir,0,1.24,13,0,normal
TXN000572,MUS0689,2024-05-24 03:18:00,Cuma,3,1,Restoran,Fiziksel Kart,485.95,469.79,3.4,Mersin,0,0.64,2,0,normal
TXN000821,MUS0073,2024-06-30 14:46:00,Pazar,14,0,Market,Fiziksel Kart,69.95,84.37,-17.1,Antalya,0,1.65,22,0,normal
TXN002330,MUS0280,2024-01-12 07:20:00,Cuma,7,0,Yakıt,Fiziksel Kart,165.45,121.2,36.5,Ankara,0,0.11,0,0,normal
TXN002060,MUS0243,2024-02-20 13:04:00,Salı,13,0,Sağlık,Online,100.46,93.38,7.6,Samsun,0,1.01,6,0,normal
TXN004366,MUS0635,2024-06-14 17:13:00,Cuma,17,0,Eğlence,Online,283.04,667.75,-57.6,İzmir,0,0.86,11,0,normal
TXN001007,MUS0796,2024-03-03 09:32:00,Pazar,9,0,Giyim,Online,229.44,296.48,-22.6,Mersin,0,1.25,18,0,normal
TXN004446,MUS0561,2024-01-26 09:51:00,Cuma,9,0,Döviz,Online,722.7,741.01,-2.5,Gaziantep,0,1.22,8,0,normal
TXN003355,MUS0037,2024-10-29 00:39:00,Salı,0,1,Uluslararası,Fiziksel Kart,584.69,524.23,11.5,Mersin,0,0.61,15,0,normal
TXN001190,MUS0474,2024-06-24 06:11:00,Pazartesi,6,0,Döviz,Fiziksel Kart,1387.93,555.37,149.9,Samsun,0,4.21,86,1,farkli_sehir
TXN002513,MUS0392,2024-02-05 09:09:00,Pazartesi,9,0,Elektronik,Online,233.49,219.59,6.3,Kayseri,0,0.33,5,0,normal
TXN003749,MUS0797,2024-01-26 16:41:00,Cuma,16,0,Elektronik,Telefon,162.7,134.36,21.1,Ankara,0,0.49,6,0,normal
TXN002956,MUS0564,2024-10-27 11:53:00,Pazar,11,0,Online Alışveriş,Fiziksel Kart,241.74,235.77,2.5,Konya,0,0.19,5,0,normal
TXN001936,MUS0177,2024-11-16 14:39:00,Cumartesi,14,0,Uluslararası,Fiziksel Kart,980.19,680.45,44.1,Adana,0,1.4,16,0,normal
TXN002717,MUS0536,2024-02-02 02:41:00,Cuma,2,1,Döviz,Temassız,706.93,511.75,38.1,Antalya,0,0.53,5,0,normal
TXN000654,MUS0780,2024-10-04 00:09:00,Cuma,0,1,Ulaşım,Fiziksel Kart,501.43,568.25,-11.8,Samsun,0,1.61,13,0,normal
TXN000627,MUS0108,2024-11-22 04:07:00,Cuma,4,1,Ulaşım,Fiziksel Kart,268.27,390.37,-31.3,Kayseri,0,0.53,4,0,normal
TXN001368,MUS0379,2024-12-09 05:05:00,Pazartesi,5,1,Uluslararası,Online,308.61,271.21,13.8,Ankara,0,0.83,17,0,normal
TXN002127,MUS0451,2024-06-09 05:03:00,Pazar,5,1,Döviz,Online,729.53,616.67,18.3,İstanbul,0,0.87,5,0,normal
TXN001427,MUS0347,2024-04-10 07:47:00,Çarşamba,7,0,Giyim,Temassız,445.37,350.9,26.9,İzmir,0,0.38,0,0,normal
TXN003999,MUS0594,2024-01-12 15:37:00,Cuma,15,0,Ulaşım,Fiziksel Kart,187.59,110.94,69.1,Eskişehir,0,0.66,1,0,normal
TXN000364,MUS0362,2024-12-23 07:36:00,Pazartesi,7,0,Elektronik,Fiziksel Kart,552.22,392.31,40.8,Samsun,0,0.7,16,0,normal
TXN004674,MUS0155,2024-12-06 00:39:00,Cuma,0,1,Giyim,Fiziksel Kart,128.82,167.07,-22.9,Kayseri,0,0.08,3,0,normal
TXN003259,MUS0336,2024-08-26 09:39:00,Pazartesi,9,0,Giyim,Fiziksel Kart,199.04,201.77,-1.4,Kayseri,0,0.43,6,0,normal
TXN004074,MUS0657,2024-01-10 22:42:00,Çarşamba,22,0,Market,ATM,317.98,264.64,20.2,Bursa,0,0.53,6,0,normal
TXN003409,MUS0610,2024-12-09 05:41:00,Pazartesi,5,1,Market,Fiziksel Kart,1225.2,776.12,57.9,Antalya,0,0.17,10,0,normal
TXN004929,MUS0579,2024-03-23 00:26:00,Cumartesi,0,1,Döviz,Fiziksel Kart,1134.71,782.63,45.0,Konya,0,0.5,12,0,normal
TXN002980,MUS0357,2024-08-27 19:51:00,Salı,19,0,Uluslararası,Online,590.84,381.21,55.0,Gaziantep,0,1.24,11,0,normal
TXN001997,MUS0333,2024-05-13 12:57:00,Pazartesi,12,0,Döviz,Fiziksel Kart,731.3,763.32,-4.2,İzmir,0,0.31,5,0,normal
TXN001225,MUS0275,2024-02-14 12:04:00,Çarşamba,12,0,ATM Nakit,Temassız,273.24,523.25,-47.8,Mersin,0,0.55,13,0,normal
TXN001860,MUS0028,2024-01-01 15:18:00,Pazartesi,15,0,Giyim,Temassız,206.25,251.81,-18.1,Adana,0,1.82,15,0,normal
TXN000765,MUS0054,2024-02-24 08:06:00,Cumartesi,8,0,Sağlık,Fiziksel Kart,180.63,115.25,56.7,Ankara,0,0.92,4,0,normal
TXN004591,MUS0213,2024-01-11 06:05:00,Perşembe,6,0,Ulaşım,Fiziksel Kart,211.31,477.78,-55.8,İstanbul,0,0.03,5,0,normal
TXN004991,MUS0027,2024-05-26 17:04:00,Pazar,17,0,Sağlık,Temassız,209.34,182.45,14.7,İzmir,0,0.02,0,0,normal
TXN000701,MUS0380,2024-04-05 10:47:00,Cuma,10,0,Eğlence,Online,193.44,190.07,1.8,Adana,0,0.16,0,0,normal
TXN002819,MUS0448,2024-04-21 06:12:00,Pazar,6,0,Restoran,Online,552.29,442.99,24.7,Antalya,0,0.76,14,0,normal
TXN000101,MUS0282,2024-07-13 23:33:00,Cumartesi,23,1,Eğlence,Temassız,1027.22,583.93,75.9,İstanbul,0,0.47,10,0,normal
TXN002397,MUS0558,2024-08-02 20:51:00,Cuma,20,0,ATM Nakit,ATM,374.76,396.55,-5.5,Adana,0,0.37,6,0,normal
TXN002483,MUS0778,2024-04-19 23:31:00,Cuma,23,1,Eğlence,Fiziksel Kart,165.58,164.22,0.8,Ankara,0,1.07,13,0,normal
TXN001048,MUS0651,2024-03-29 17:39:00,Cuma,17,0,Market,Temassız,39.82,104.34,-61.8,Bursa,0,1.54,14,0,normal
TXN000022,MUS0477,2024-04-09 16:05:00,Salı,16,0,Elektronik,ATM,476.66,662.24,-28.0,Samsun,0,1.34,12,0,normal
TXN001308,MUS0277,2024-04-03 12:39:00,Çarşamba,12,0,Döviz,Telefon,372.23,396.84,-6.2,Eskişehir,0,0.38,0,0,normal
TXN002247,MUS0319,2024-03-30 01:16:00,Cumartesi,1,1,Sağlık,Fiziksel Kart,329.0,404.81,-18.7,Antalya,0,0.25,12,0,normal
TXN003079,MUS0581,2024-07-27 16:31:00,Cumartesi,16,0,Online Alışveriş,Fiziksel Kart,532.59,492.76,8.1,Samsun,0,0.67,4,0,normal
TXN004424,MUS0215,2024-04-23 18:19:00,Salı,18,0,Restoran,Fiziksel Kart,213.3,353.92,-39.7,Kayseri,0,0.5,8,0,normal
TXN001624,MUS0073,2024-10-05 03:11:00,Cumartesi,3,1,Elektronik,Temassız,54.91,84.37,-34.9,Adana,0,1.06,19,0,normal
TXN000046,MUS0571,2024-08-24 05:32:00,Cumartesi,5,1,Elektronik,Online,165.19,278.68,-40.7,Konya,0,0.49,11,0,normal
TXN000588,MUS0201,2024-03-14 18:51:00,Perşembe,18,0,Ulaşım,ATM,506.86,578.13,-12.3,Samsun,0,0.09,0,0,normal
TXN002387,MUS0798,2024-10-27 05:43:00,Pazar,5,1,Eğlence,Online,623.31,457.04,36.4,Berlin,1,1.14,9,0,normal
TXN002550,MUS0012,2024-08-14 05:54:00,Çarşamba,5,1,Elektronik,Fiziksel Kart,784.59,672.12,16.7,Adana,0,0.01,5,0,normal
TXN001421,MUS0477,2024-11-03 17:51:00,Pazar,17,0,Online Alışveriş,Online,816.01,662.24,23.2,Eskişehir,0,1.29,10,0,normal
TXN003256,MUS0187,2024-08-21 12:57:00,Çarşamba,12,0,Uluslararası,Online,784.33,707.68,10.8,Antalya,0,1.08,7,0,normal
TXN003163,MUS0768,2024-04-09 14:42:00,Salı,14,0,Ulaşım,Online,643.04,488.79,31.6,İzmir,0,0.63,10,0,normal
TXN001562,MUS0020,2024-02-12 17:11:00,Pazartesi,17,0,Sağlık,Temassız,77.41,80.24,-3.5,Samsun,0,0.58,14,0,normal
TXN002457,MUS0659,2024-04-23 03:32:00,Salı,3,1,Döviz,Temassız,245.67,391.32,-37.2,İstanbul,0,1.0,12,0,normal
TXN002579,MUS0002,2024-10-03 17:26:00,Perşembe,17,0,Uluslararası,Fiziksel Kart,4353.77,347.31,1153.6,Gaziantep,0,5.37,84,1,yuksek_tutar
TXN002856,MUS0692,2024-05-20 05:33:00,Pazartesi,5,1,Elektronik,Fiziksel Kart,37.33,91.31,-59.1,Antalya,0,0.14,1,0,normal
TXN003127,MUS0570,2024-07-13 20:10:00,Cumartesi,20,0,Sağlık,Online,356.06,270.38,31.7,Dubai,1,1.47,9,0,normal
TXN004499,MUS0023,2024-11-04 17:40:00,Pazartesi,17,0,Uluslararası,Temassız,530.21,443.77,19.5,İstanbul,0,1.57,10,0,normal
TXN003319,MUS0501,2024-04-02 14:25:00,Salı,14,0,Döviz,Fiziksel Kart,166.57,118.61,40.4,Eskişehir,0,0.05,0,0,normal
TXN002806,MUS0334,2024-12-17 17:32:00,Salı,17,0,ATM Nakit,Temassız,317.54,411.07,-22.8,Mersin,0,0.26,11,0,normal
TXN002683,MUS0652,2024-06-11 18:43:00,Salı,18,0,Elektronik,Temassız,178.71,255.88,-30.2,Kayseri,0,0.29,3,0,normal
TXN000846,MUS0087,2024-07-05 01:14:00,Cuma,1,1,Elektronik,Online,816.22,670.82,21.7,Antalya,0,0.9,17,0,normal
TXN003553,MUS0456,2024-05-20 17:18:00,Pazartesi,17,0,Uluslararası,Fiziksel Kart,1423.89,165.88,758.4,Bursa,0,4.95,88,1,yuksek_tutar
TXN004388,MUS0333,2024-07-08 16:39:00,Pazartesi,16,0,Restoran,Fiziksel Kart,622.47,763.32,-18.5,İzmir,0,0.15,10,0,normal
TXN002566,MUS0784,2024-07-30 06:46:00,Salı,6,0,Uluslararası,Online,3506.59,382.17,817.5,Moskova,1,6.06,91,1,yurtdisi_anomali
TXN001816,MUS0530,2024-08-02 15:59:00,Cuma,15,0,Uluslararası,ATM,124.2,333.99,-62.8,İstanbul,0,0.07,8,0,normal
TXN000250,MUS0603,2024-01-22 15:06:00,Pazartesi,15,0,Yakıt,Fiziksel Kart,223.54,265.9,-15.9,İzmir,0,0.22,0,0,normal
TXN003462,MUS0781,2024-06-02 07:27:00,Pazar,7,0,Ulaşım,Fiziksel Kart,565.25,684.21,-17.4,Gaziantep,0,0.77,3,0,normal
TXN000636,MUS0630,2024-02-19 12:15:00,Pazartesi,12,0,Elektronik,Online,79.93,102.51,-22.0,Adana,0,1.1,8,0,normal
TXN004470,MUS0734,2024-10-24 16:48:00,Perşembe,16,0,Market,Fiziksel Kart,245.04,204.5,19.8,Eskişehir,0,1.0,14,0,normal
TXN003467,MUS0100,2024-05-02 10:20:00,Perşembe,10,0,Online Alışveriş,Temassız,308.19,213.86,44.1,İstanbul,0,1.64,12,0,normal
TXN001159,MUS0404,2024-05-31 19:15:00,Cuma,19,0,Sağlık,Temassız,850.3,765.8,11.0,Konya,0,2.21,24,0,normal
TXN002923,MUS0525,2024-09-29 23:47:00,Pazar,23,1,Sağlık,Fiziksel Kart,803.7,661.63,21.5,Konya,0,0.38,1,0,normal
TXN001768,MUS0236,2024-07-27 14:34:00,Cumartesi,14,0,Market,Temassız,367.36,431.82,-14.9,Konya,0,0.17,4,0,normal
TXN002985,MUS0173,2024-06-12 07:13:00,Çarşamba,7,0,Market,ATM,265.41,425.63,-37.6,Eskişehir,0,1.08,9,0,normal
TXN002223,MUS0658,2024-12-27 08:06:00,Cuma,8,0,Elektronik,Temassız,68.59,116.62,-41.2,Bangkok,1,1.12,10,0,normal
TXN002830,MUS0556,2024-03-26 09:07:00,Salı,9,0,Restoran,Fiziksel Kart,425.15,560.6,-24.2,Samsun,0,0.97,10,0,normal
TXN000266,MUS0463,2024-08-01 18:37:00,Perşembe,18,0,Uluslararası,Temassız,335.86,195.33,71.9,İstanbul,0,0.95,11,0,normal
TXN001681,MUS0675,2024-03-26 00:38:00,Salı,0,1,Ulaşım,Temassız,788.35,632.99,24.5,Konya,0,0.26,6,0,normal
TXN000979,MUS0787,2024-02-05 12:49:00,Pazartesi,12,0,Ulaşım,Online,920.12,551.76,66.8,Mersin,0,2.05,29,0,normal
TXN002582,MUS0189,2024-09-22 17:17:00,Pazar,17,0,Market,Online,13.19,372.31,-96.5,Adana,0,4.6,82,1,kart_test
TXN001448,MUS0651,2024-05-05 20:22:00,Pazar,20,0,Uluslararası,Online,2024.19,104.34,1840.0,Bursa,0,3.43,76,1,yuksek_tutar
TXN000220,MUS0133,2024-03-02 02:54:00,Cumartesi,2,1,Market,Fiziksel Kart,372.67,259.77,43.5,Bursa,0,0.55,14,0,normal
TXN004987,MUS0364,2024-02-13 06:34:00,Salı,6,0,ATM Nakit,Telefon,138.78,247.84,-44.0,Konya,0,1.24,10,0,normal
TXN001426,MUS0277,2024-06-08 00:53:00,Cumartesi,0,1,Uluslararası,Temassız,189.45,396.84,-52.3,Eskişehir,0,0.42,12,0,normal
TXN001793,MUS0004,2024-07-24 10:51:00,Çarşamba,10,0,Yakıt,Fiziksel Kart,757.2,787.04,-3.8,Ankara,0,1.61,21,0,normal
TXN003906,MUS0112,2024-07-25 16:17:00,Perşembe,16,0,Döviz,Online,828.07,484.27,71.0,Bursa,0,0.07,2,0,normal
TXN003199,MUS0297,2024-10-04 05:31:00,Cuma,5,1,Sağlık,Temassız,163.05,251.88,-35.3,Mersin,0,2.33,23,0,normal
TXN003559,MUS0532,2024-06-22 19:45:00,Cumartesi,19,0,Ulaşım,Fiziksel Kart,73.3,105.82,-30.7,Ankara,0,0.75,13,0,normal
TXN000339,MUS0556,2024-07-31 12:30:00,Çarşamba,1,1,ATM Nakit,ATM,2347.76,560.6,318.8,Samsun,0,7.69,94,1,gece_islemi
TXN001103,MUS0083,2024-04-23 09:41:00,Salı,9,0,Online Alışveriş,Temassız,495.15,468.0,5.8,Antalya,0,1.7,15,0,normal
TXN001914,MUS0260,2024-11-29 14:24:00,Cuma,14,0,Elektronik,ATM,929.23,636.95,45.9,Kayseri,0,1.34,23,0,normal
TXN003268,MUS0443,2024-02-04 16:47:00,Pazar,16,0,Yakıt,Fiziksel Kart,207.73,225.78,-8.0,İstanbul,0,0.13,7,0,normal
TXN004380,MUS0450,2024-01-18 01:26:00,Perşembe,1,1,Elektronik,ATM,446.1,648.42,-31.2,Mersin,0,0.67,14,0,normal
TXN002750,MUS0794,2024-03-13 01:17:00,Çarşamba,1,1,Yakıt,Online,187.67,497.76,-62.3,Adana,0,1.72,13,0,normal
TXN004547,MUS0687,2024-12-02 15:08:00,Pazartesi,15,0,Sağlık,Fiziksel Kart,658.86,358.54,83.8,Ankara,0,0.22,12,0,normal
TXN002079,MUS0530,2024-10-18 00:41:00,Cuma,0,1,Ulaşım,Online,424.87,333.99,27.2,İstanbul,0,0.65,3,0,normal
TXN004555,MUS0279,2024-12-19 11:17:00,Perşembe,11,0,Döviz,Online,715.28,360.12,98.6,Ankara,0,1.77,13,0,normal
TXN001675,MUS0073,2024-07-22 22:00:00,Pazartesi,22,0,Restoran,Temassız,104.37,84.37,23.7,Antalya,0,0.22,12,0,normal
TXN003962,MUS0141,2024-09-25 18:20:00,Çarşamba,18,0,Eğlence,Fiziksel Kart,300.08,528.43,-43.2,Gaziantep,0,0.46,2,0,normal
TXN003142,MUS0357,2024-01-27 04:12:00,Cumartesi,4,1,Restoran,ATM,345.17,381.21,-9.5,Gaziantep,0,1.41,13,0,normal
TXN001506,MUS0451,2024-08-13 12:59:00,Salı,12,0,Döviz,Fiziksel Kart,606.85,616.67,-1.6,İstanbul,0,0.31,0,0,normal
TXN004939,MUS0673,2024-05-06 00:46:00,Pazartesi,0,1,Market,Online,311.0,254.7,22.1,Antalya,0,1.16,6,0,normal
TXN003168,MUS0777,2024-08-21 10:10:00,Çarşamba,10,0,Elektronik,Fiziksel Kart,4187.67,308.55,1257.2,Kayseri,0,3.55,72,1,yuksek_tutar
TXN000546,MUS0238,2024-03-20 22:01:00,Çarşamba,22,0,ATM Nakit,Fiziksel Kart,852.35,749.47,13.7,Mersin,0,0.51,13,0,normal
TXN001526,MUS0267,2024-06-28 16:33:00,Cuma,16,0,Online Alışveriş,Fiziksel Kart,487.49,310.09,57.2,Eskişehir,0,2.16,24,0,normal
TXN004415,MUS0628,2024-04-22 09:08:00,Pazartesi,9,0,Döviz,ATM,744.36,656.98,13.3,İzmir,0,1.96,21,0,normal
TXN001314,MUS0120,2024-03-24 09:44:00,Pazar,9,0,Ulaşım,Fiziksel Kart,192.96,144.37,33.7,Gaziantep,0,1.33,9,0,normal
TXN000304,MUS0018,2024-04-26 11:56:00,Cuma,11,0,Elektronik,Fiziksel Kart,618.36,339.95,81.9,Samsun,0,0.09,0,0,normal
TXN003321,MUS0687,2024-12-22 21:46:00,Pazar,21,0,Market,Online,641.58,358.54,78.9,Ankara,0,0.45,0,0,normal
TXN001898,MUS0293,2024-05-10 11:34:00,Cuma,11,0,Uluslararası,Online,304.43,390.9,-22.1,Konya,0,0.21,2,0,normal
TXN003353,MUS0199,2024-09-17 00:14:00,Salı,0,1,Elektronik,Fiziksel Kart,571.68,464.63,23.0,Gaziantep,0,0.28,6,0,normal
TXN001101,MUS0213,2024-11-13 07:24:00,Çarşamba,7,0,ATM Nakit,Fiziksel Kart,640.38,477.78,34.0,İstanbul,0,0.43,7,0,normal
TXN000618,MUS0275,2024-03-28 01:02:00,Perşembe,1,1,Market,Online,347.62,523.25,-33.6,Konya,0,2.61,30,0,normal
TXN002057,MUS0267,2024-12-03 15:12:00,Salı,15,0,Giyim,ATM,492.18,310.09,58.7,Eskişehir,0,1.41,23,0,normal
TXN004246,MUS0155,2024-12-12 00:40:00,Perşembe,0,1,Giyim,Temassız,141.09,167.07,-15.6,Kayseri,0,1.4,19,0,normal
TXN002102,MUS0105,2024-11-19 16:46:00,Salı,16,0,Eğlence,ATM,528.74,544.6,-2.9,Gaziantep,0,0.45,0,0,normal
TXN004735,MUS0465,2024-03-02 11:19:00,Cumartesi,11,0,Market,Online,370.29,389.9,-5.0,Antalya,0,0.97,16,0,normal
TXN004004,MUS0468,2024-06-24 11:08:00,Pazartesi,11,0,Eğlence,Fiziksel Kart,145.02,669.46,-78.3,Antalya,0,0.79,5,0,normal
TXN004519,MUS0677,2024-05-21 08:18:00,Salı,8,0,Elektronik,Online,895.96,704.79,27.1,Konya,0,0.29,1,0,normal
TXN000253,MUS0486,2024-11-03 00:05:00,Pazar,0,1,Market,Temassız,416.66,308.26,35.2,Kayseri,0,0.81,12,0,normal
TXN000086,MUS0721,2024-08-20 10:45:00,Salı,10,0,Yakıt,Online,575.04,621.68,-7.5,Konya,0,1.15,12,0,normal
TXN000974,MUS0460,2024-12-01 20:45:00,Pazar,4,1,ATM Nakit,Online,5354.23,620.02,763.6,Konya,0,1.82,70,1,gece_islemi
TXN004672,MUS0527,2024-06-08 17:12:00,Cumartesi,17,0,ATM Nakit,ATM,911.55,727.85,25.2,Eskişehir,0,0.67,11,0,normal
TXN004317,MUS0402,2024-08-14 02:30:00,Çarşamba,2,1,Döviz,Online,654.32,736.47,-11.2,Mersin,0,0.21,12,0,normal
TXN003615,MUS0786,2024-03-06 02:11:00,Çarşamba,2,1,Sağlık,Online,218.51,268.39,-18.6,Bursa,0,0.18,2,0,normal
TXN003073,MUS0114,2024-11-15 21:25:00,Cuma,21,0,Uluslararası,Online,271.13,196.08,38.3,Antalya,0,0.65,15,0,normal
TXN003940,MUS0440,2024-01-18 20:46:00,Perşembe,20,0,Restoran,Fiziksel Kart,599.31,720.47,-16.8,Adana,0,1.27,22,0,normal
TXN003031,MUS0724,2024-11-25 00:51:00,Pazartesi,0,1,Eğlence,Online,411.71,512.29,-19.6,Samsun,0,1.36,16,0,normal
TXN003681,MUS0074,2024-05-04 01:18:00,Cumartesi,1,1,Ulaşım,Temassız,97.05,96.74,0.3,Gaziantep,0,1.08,15,0,normal
TXN001757,MUS0248,2024-02-14 14:29:00,Çarşamba,14,0,Online Alışveriş,Fiziksel Kart,602.8,326.91,84.4,Ankara,0,2.77,70,1,farkli_sehir
TXN002089,MUS0389,2024-11-03 17:12:00,Pazar,17,0,Restoran,Online,493.64,345.63,42.8,Bursa,0,0.07,0,0,normal
TXN004916,MUS0094,2024-05-21 06:18:00,Salı,6,0,Uluslararası,Fiziksel Kart,169.98,574.72,-70.4,Eskişehir,0,0.43,1,0,normal
TXN000873,MUS0127,2024-12-24 16:50:00,Salı,16,0,Sağlık,Fiziksel Kart,468.35,564.51,-17.0,Konya,0,1.46,15,0,normal
TXN000848,MUS0112,2024-05-17 13:09:00,Cuma,13,0,Yakıt,Online,256.55,484.27,-47.0,Bursa,0,0.72,16,0,normal
TXN001544,MUS0727,2024-08-24 14:01:00,Cumartesi,14,0,Elektronik,Online,7815.89,295.6,2544.1,Moskova,1,6.12,95,1,yurtdisi_anomali
TXN001161,MUS0344,2024-06-19 21:33:00,Çarşamba,21,0,Sağlık,Fiziksel Kart,384.72,243.21,58.2,Mersin,0,1.12,6,0,normal
TXN004140,MUS0534,2024-03-18 23:00:00,Pazartesi,23,1,Döviz,Online,665.64,709.81,-6.2,İzmir,0,2.07,15,0,normal
TXN003710,MUS0645,2024-09-10 07:52:00,Salı,7,0,ATM Nakit,Fiziksel Kart,348.32,131.67,164.5,Ankara,0,5.37,91,1,farkli_sehir
TXN003927,MUS0714,2024-09-02 08:55:00,Pazartesi,8,0,Elektronik,Fiziksel Kart,545.68,317.42,71.9,Konya,0,0.57,12,0,normal
TXN001008,MUS0438,2024-05-21 07:31:00,Salı,7,0,Elektronik,Fiziksel Kart,129.43,107.62,20.3,Gaziantep,0,0.37,0,0,normal
TXN002898,MUS0175,2024-07-02 00:57:00,Salı,0,1,Restoran,Online,599.92,673.27,-10.9,İstanbul,0,0.66,15,0,normal
TXN000970,MUS0239,2024-07-26 11:45:00,Cuma,11,0,Ulaşım,Fiziksel Kart,117.57,165.67,-29.0,Bursa,0,0.06,3,0,normal
TXN003365,MUS0258,2024-01-11 05:15:00,Perşembe,5,1,Elektronik,Fiziksel Kart,589.87,560.55,5.2,Antalya,0,0.07,10,0,normal
TXN000682,MUS0479,2024-06-14 17:26:00,Cuma,17,0,Online Alışveriş,Online,11.02,294.1,-96.3,Samsun,0,3.36,76,1,kart_test
TXN004502,MUS0160,2024-05-14 14:17:00,Salı,14,0,ATM Nakit,ATM,84.02,88.83,-5.4,Eskişehir,0,1.25,15,0,normal
TXN004171,MUS0338,2024-04-09 22:56:00,Salı,22,0,Eğlence,Online,180.53,137.01,31.8,Samsun,0,0.19,6,0,normal
TXN004539,MUS0740,2024-10-23 04:59:00,Çarşamba,4,1,Yakıt,Online,154.87,125.71,23.2,Kayseri,0,1.01,13,0,normal
TXN002690,MUS0226,2024-08-23 00:19:00,Cuma,0,1,Yakıt,Telefon,377.56,529.14,-28.6,İzmir,0,1.3,19,0,normal
TXN000485,MUS0543,2024-12-12 19:49:00,Perşembe,19,0,Yakıt,Fiziksel Kart,58.74,338.79,-82.7,Eskişehir,0,0.48,0,0,normal
TXN004912,MUS0408,2024-06-24 12:34:00,Pazartesi,12,0,ATM Nakit,ATM,751.46,786.15,-4.4,İstanbul,0,0.41,7,0,normal
TXN001630,MUS0548,2024-02-14 05:14:00,Çarşamba,5,1,Yakıt,Fiziksel Kart,124.68,98.96,26.0,Konya,0,0.48,10,0,normal
TXN000537,MUS0756,2024-07-26 20:56:00,Cuma,20,0,Ulaşım,Fiziksel Kart,164.87,149.1,10.6,Eskişehir,0,0.02,7,0,normal
TXN003621,MUS0667,2024-03-14 11:49:00,Perşembe,23,1,Online Alışveriş,ATM,6459.41,707.84,812.6,Eskişehir,0,4.34,80,1,gece_islemi
TXN004122,MUS0661,2024-06-11 22:40:00,Salı,22,0,Elektronik,Fiziksel Kart,847.06,649.1,30.5,Eskişehir,0,1.49,24,0,normal
TXN004298,MUS0635,2024-03-06 06:59:00,Çarşamba,6,0,Döviz,Temassız,608.25,667.75,-8.9,İzmir,0,1.59,25,0,normal
TXN001315,MUS0162,2024-10-03 01:10:00,Perşembe,1,1,Giyim,Telefon,659.73,344.14,91.7,Konya,0,1.17,13,0,normal
TXN000474,MUS0114,2024-10-09 17:45:00,Çarşamba,17,0,Sağlık,Online,98.15,196.08,-49.9,Paris,1,0.52,11,0,normal
TXN000781,MUS0195,2024-04-15 01:53:00,Pazartesi,1,1,Eğlence,Online,293.51,290.67,1.0,Ankara,0,0.12,7,0,normal
TXN003028,MUS0504,2024-01-16 12:54:00,Salı,12,0,Online Alışveriş,Online,661.25,722.06,-8.4,Gaziantep,0,0.57,4,0,normal
TXN002110,MUS0102,2024-04-21 10:40:00,Pazar,10,0,Uluslararası,Fiziksel Kart,517.34,743.17,-30.4,Adana,0,0.97,18,0,normal
TXN001571,MUS0537,2024-05-20 01:32:00,Pazartesi,1,1,Eğlence,Fiziksel Kart,864.04,664.98,29.9,Bursa,0,1.46,12,0,normal
TXN002676,MUS0461,2024-12-09 04:35:00,Pazartesi,4,1,Sağlık,Online,318.38,177.12,79.8,Antalya,0,0.45,4,0,normal
TXN000225,MUS0604,2024-02-07 06:08:00,Çarşamba,6,0,Market,Fiziksel Kart,792.93,625.23,26.8,Konya,0,1.2,7,0,normal
TXN002530,MUS0030,2024-10-21 05:39:00,Pazartesi,5,1,Yakıt,Telefon,148.25,188.41,-21.3,Konya,0,0.17,6,0,normal
TXN002825,MUS0378,2024-11-17 15:47:00,Pazar,15,0,Giyim,Fiziksel Kart,13.02,147.68,-91.2,İstanbul,0,0.09,10,0,normal
TXN002651,MUS0388,2024-02-08 00:33:00,Perşembe,0,1,Yakıt,Fiziksel Kart,5,693.28,-99.3,Londra,1,1.06,20,0,normal
TXN002396,MUS0534,2024-08-01 09:45:00,Perşembe,9,0,Sağlık,Fiziksel Kart,260.18,709.81,-63.3,İzmir,0,1.09,9,0,normal
TXN004647,MUS0736,2024-03-14 06:48:00,Perşembe,6,0,Sağlık,Fiziksel Kart,279.56,145.95,91.5,İstanbul,0,0.68,1,0,normal
TXN003946,MUS0141,2024-06-11 13:33:00,Salı,13,0,Ulaşım,Fiziksel Kart,455.92,528.43,-13.7,Gaziantep,0,0.19,0,0,normal
TXN001078,MUS0586,2024-02-21 14:50:00,Çarşamba,14,0,Eğlence,Fiziksel Kart,705.35,570.39,23.7,Antalya,0,0.4,1,0,normal
TXN000044,MUS0231,2024-10-04 11:00:00,Cuma,11,0,Market,Fiziksel Kart,114.59,94.28,21.5,Mersin,0,0.69,11,0,normal
TXN004858,MUS0318,2024-05-12 03:42:00,Pazar,3,1,Uluslararası,Fiziksel Kart,83.02,324.32,-74.4,Eskişehir,0,0.74,15,0,normal
TXN003951,MUS0561,2024-08-24 15:27:00,Cumartesi,15,0,Uluslararası,Fiziksel Kart,592.02,741.01,-20.1,Gaziantep,0,0.88,18,0,normal
TXN002456,MUS0568,2024-07-01 07:23:00,Pazartesi,7,0,Restoran,Online,411.13,462.57,-11.1,İzmir,0,0.12,8,0,normal
TXN000578,MUS0181,2024-07-23 19:04:00,Salı,19,0,Giyim,Fiziksel Kart,88.56,87.04,1.7,Konya,0,0.01,5,0,normal
TXN002128,MUS0760,2024-06-21 10:30:00,Cuma,10,0,Online Alışveriş,Temassız,571.01,401.62,42.2,Mersin,0,0.83,3,0,normal
TXN003300,MUS0084,2024-12-19 13:36:00,Perşembe,13,0,Döviz,Fiziksel Kart,1373.37,788.05,74.3,Eskişehir,0,0.97,17,0,normal
TXN003551,MUS0634,2024-04-27 15:04:00,Cumartesi,15,0,Ulaşım,ATM,650.14,725.38,-10.4,Moskova,1,0.05,0,0,normal
TXN003464,MUS0633,2024-12-07 13:46:00,Cumartesi,13,0,Elektronik,Fiziksel Kart,6982.42,95.56,7206.8,Dubai,1,4.23,80,1,yurtdisi_anomali
TXN004733,MUS0776,2024-07-19 16:03:00,Cuma,16,0,Market,Temassız,692.63,570.38,21.4,İzmir,0,0.03,6,0,normal
TXN003984,MUS0441,2024-02-02 10:09:00,Cuma,10,0,Giyim,Fiziksel Kart,605.97,358.35,69.1,Konya,0,2.43,20,0,normal
TXN000805,MUS0731,2024-11-25 04:09:00,Pazartesi,4,1,Uluslararası,ATM,156.97,183.62,-14.5,İstanbul,0,0.3,2,0,normal
TXN001615,MUS0118,2024-06-20 14:07:00,Perşembe,14,0,Döviz,Temassız,419.38,334.75,25.3,Bangkok,1,0.13,5,0,normal
TXN001017,MUS0071,2024-09-15 15:43:00,Pazar,15,0,Uluslararası,Online,3033.78,531.82,470.5,Berlin,1,1.42,69,1,yurtdisi_anomali
TXN000473,MUS0580,2024-11-30 22:48:00,Cumartesi,22,0,Döviz,Temassız,262.04,209.85,24.9,İstanbul,0,1.11,8,0,normal
TXN003550,MUS0236,2024-09-23 17:31:00,Pazartesi,17,0,ATM Nakit,Fiziksel Kart,549.15,431.82,27.2,Antalya,0,0.98,12,0,normal
TXN003412,MUS0672,2024-03-20 18:32:00,Çarşamba,18,0,Elektronik,Online,169.79,701.4,-75.8,Mersin,0,1.35,21,0,normal
TXN000456,MUS0411,2024-09-12 03:07:00,Perşembe,3,1,Restoran,Temassız,752.95,481.79,56.3,Bursa,0,0.29,0,0,normal
TXN001710,MUS0080,2024-04-25 21:34:00,Perşembe,21,0,Döviz,Temassız,203.36,160.47,26.7,Adana,0,0.25,9,0,normal
TXN001714,MUS0676,2024-04-16 01:55:00,Salı,1,1,Sağlık,ATM,143.86,88.23,63.1,Bursa,0,1.22,20,0,normal
TXN004917,MUS0476,2024-01-21 22:07:00,Pazar,22,0,Elektronik,Online,70.76,85.95,-17.7,Samsun,0,0.48,9,0,normal
TXN003407,MUS0040,2024-04-24 19:42:00,Çarşamba,19,0,Ulaşım,Fiziksel Kart,374.45,265.34,41.1,Ankara,0,0.16,7,0,normal
TXN001968,MUS0018,2024-09-11 00:56:00,Çarşamba,0,1,Sağlık,Fiziksel Kart,275.97,339.95,-18.8,Kayseri,0,0.34,5,0,normal
TXN002952,MUS0415,2024-04-06 12:49:00,Cumartesi,12,0,Yakıt,Temassız,560.36,475.06,18.0,Konya,0,1.4,10,0,normal
TXN000387,MUS0446,2024-02-15 06:02:00,Perşembe,6,0,Uluslararası,Online,107.57,134.21,-19.8,Ankara,0,0.85,17,0,normal
TXN000544,MUS0733,2024-01-27 07:19:00,Cumartesi,7,0,Giyim,Fiziksel Kart,505.39,470.73,7.4,İzmir,0,0.05,0,0,normal
TXN004480,MUS0185,2024-02-20 22:47:00,Salı,22,0,Online Alışveriş,Online,86.35,120.39,-28.3,Mersin,0,0.83,3,0,normal
TXN002661,MUS0611,2024-12-20 08:03:00,Cuma,8,0,Giyim,Temassız,1111.12,647.46,71.6,İzmir,0,0.54,3,0,normal
TXN000132,MUS0397,2024-12-04 09:10:00,Çarşamba,9,0,Giyim,Temassız,70.67,639.06,-88.9,Ankara,0,0.58,15,0,normal
TXN002741,MUS0116,2024-09-26 08:48:00,Perşembe,8,0,Döviz,Fiziksel Kart,534.84,296.06,80.7,İzmir,0,1.45,12,0,normal
TXN002362,MUS0209,2024-10-05 23:09:00,Cumartesi,23,1,Eğlence,Telefon,514.27,385.7,33.3,Berlin,1,0.92,6,0,normal
TXN002675,MUS0444,2024-12-29 18:17:00,Pazar,18,0,ATM Nakit,Fiziksel Kart,640.57,716.06,-10.5,Samsun,0,0.12,2,0,normal
TXN000881,MUS0383,2024-10-12 02:19:00,Cumartesi,2,1,Eğlence,Temassız,1070.64,658.6,62.6,Bursa,0,0.2,8,0,normal
TXN002682,MUS0012,2024-01-06 03:37:00,Cumartesi,3,1,Market,Temassız,292.99,672.12,-56.4,Adana,0,1.17,7,0,normal
TXN004650,MUS0444,2024-12-11 06:36:00,Çarşamba,6,0,Eğlence,Fiziksel Kart,785.72,716.06,9.7,Konya,0,1.03,5,0,normal
TXN001907,MUS0022,2024-09-25 16:03:00,Çarşamba,16,0,Sağlık,Fiziksel Kart,475.0,740.38,-35.8,Adana,0,1.03,5,0,normal
TXN003000,MUS0379,2024-06-11 09:49:00,Salı,9,0,Market,Fiziksel Kart,345.78,271.21,27.5,Ankara,0,0.84,11,0,normal
TXN001685,MUS0154,2024-02-27 01:11:00,Salı,1,1,ATM Nakit,ATM,177.45,182.54,-2.8,Ankara,0,2.02,29,0,normal
TXN000980,MUS0471,2024-09-11 05:33:00,Çarşamba,5,1,Ulaşım,Online,212.31,364.61,-41.8,İzmir,0,0.04,3,0,normal
TXN003965,MUS0528,2024-04-03 15:19:00,Çarşamba,15,0,Ulaşım,Fiziksel Kart,846.31,722.05,17.2,Eskişehir,0,0.9,10,0,normal
TXN004053,MUS0465,2024-09-06 10:24:00,Cuma,10,0,ATM Nakit,Temassız,491.95,389.9,26.2,Mersin,0,1.12,20,0,normal
TXN000657,MUS0745,2024-05-06 08:22:00,Pazartesi,8,0,Eğlence,Temassız,510.46,380.66,34.1,Konya,0,0.13,4,0,normal
TXN002570,MUS0135,2024-10-25 14:47:00,Cuma,14,0,Yakıt,Fiziksel Kart,396.7,610.35,-35.0,Bursa,0,1.11,16,0,normal
TXN003455,MUS0645,2024-03-18 07:59:00,Pazartesi,7,0,Market,Online,6.99,131.67,-94.7,Bursa,0,5.1,81,1,kart_test
TXN004433,MUS0732,2024-10-26 11:07:00,Cumartesi,11,0,Giyim,Online,92.93,240.2,-61.3,Bursa,0,0.51,12,0,normal
TXN000026,MUS0578,2024-11-21 18:04:00,Perşembe,18,0,ATM Nakit,Temassız,1000.16,761.55,31.3,Ankara,0,0.08,0,0,normal
TXN001449,MUS0555,2024-12-23 16:54:00,Pazartesi,16,0,Elektronik,Fiziksel Kart,200.84,189.79,5.8,Kayseri,0,0.06,9,0,normal
TXN001098,MUS0652,2024-11-30 08:45:00,Cumartesi,8,0,Eğlence,Online,149.27,255.88,-41.7,Kayseri,0,0.04,10,0,normal
TXN003445,MUS0514,2024-07-06 06:29:00,Cumartesi,6,0,Restoran,Online,1261.5,705.35,78.8,İzmir,0,0.16,0,0,normal
TXN003599,MUS0730,2024-11-14 07:40:00,Perşembe,7,0,Döviz,Online,635.05,528.56,20.1,Konya,0,0.51,1,0,normal
TXN000739,MUS0706,2024-01-19 10:02:00,Cuma,10,0,Elektronik,Fiziksel Kart,742.67,643.18,15.5,Antalya,0,0.29,2,0,normal
TXN002454,MUS0178,2024-09-01 20:39:00,Pazar,20,0,Ulaşım,Fiziksel Kart,572.74,603.91,-5.2,Antalya,0,0.55,0,0,normal
TXN003680,MUS0317,2024-08-21 07:46:00,Çarşamba,7,0,Yakıt,Temassız,139.84,337.88,-58.6,Konya,0,1.65,17,0,normal
TXN002931,MUS0082,2024-01-26 18:24:00,Cuma,18,0,Elektronik,Online,385.56,257.31,49.8,Adana,0,0.81,6,0,normal
TXN004104,MUS0261,2024-06-20 14:12:00,Perşembe,14,0,Ulaşım,Online,296.71,631.16,-53.0,Mersin,0,1.9,27,0,normal
TXN003916,MUS0619,2024-03-24 08:09:00,Pazar,8,0,Restoran,Fiziksel Kart,729.78,626.62,16.5,Antalya,0,0.6,11,0,normal
TXN003045,MUS0172,2024-05-10 00:15:00,Cuma,0,1,Sağlık,ATM,263.5,304.99,-13.6,Ankara,0,1.03,17,0,normal
TXN000029,MUS0011,2024-03-22 11:02:00,Cuma,11,0,Restoran,Online,829.11,665.11,24.7,Mersin,0,0.99,4,0,normal
TXN000684,MUS0135,2024-11-12 01:17:00,Salı,1,1,Market,Online,195.51,610.35,-68.0,Bursa,0,0.71,15,0,normal
TXN003064,MUS0277,2024-09-26 19:19:00,Perşembe,19,0,ATM Nakit,Temassız,299.72,396.84,-24.5,Eskişehir,0,1.52,24,0,normal
TXN004014,MUS0318,2024-09-25 07:59:00,Çarşamba,7,0,Elektronik,Online,450.05,324.32,38.8,Bangkok,1,0.62,16,0,normal
TXN001609,MUS0708,2024-12-01 16:22:00,Pazar,16,0,Ulaşım,Telefon,230.97,171.18,34.9,Kayseri,0,1.73,18,0,normal
TXN003349,MUS0777,2024-12-12 09:54:00,Perşembe,9,0,Ulaşım,Online,146.31,308.55,-52.6,Bangkok,1,0.64,2,0,normal
TXN001561,MUS0684,2024-07-23 07:00:00,Salı,7,0,Online Alışveriş,Fiziksel Kart,53.1,291.78,-81.8,Adana,0,0.92,4,0,normal
TXN000024,MUS0316,2024-07-10 12:21:00,Çarşamba,12,0,Döviz,Online,494.46,461.03,7.3,Roma,1,0.45,9,0,normal
TXN004066,MUS0749,2024-05-09 07:07:00,Perşembe,7,0,Uluslararası,Online,78.41,226.53,-65.4,Antalya,0,1.07,10,0,normal
TXN004523,MUS0185,2024-01-18 22:02:00,Perşembe,22,0,Eğlence,Online,87.14,120.39,-27.6,Mersin,0,0.37,9,0,normal
TXN003466,MUS0735,2024-05-14 03:06:00,Salı,3,1,Uluslararası,Fiziksel Kart,524.9,346.16,51.6,Ankara,0,0.14,8,0,normal
TXN000185,MUS0572,2024-07-24 06:56:00,Çarşamba,6,0,Eğlence,Online,436.54,422.44,3.3,Antalya,0,0.38,9,0,normal
TXN002798,MUS0665,2024-05-11 16:51:00,Cumartesi,16,0,Sağlık,Online,1176.95,773.06,52.2,Kayseri,0,0.85,14,0,normal
TXN004255,MUS0457,2024-06-25 11:30:00,Salı,11,0,ATM Nakit,Online,521.38,488.61,6.7,İstanbul,0,0.62,5,0,normal
TXN003945,MUS0558,2024-06-30 18:04:00,Pazar,18,0,Sağlık,Online,366.27,396.55,-7.6,Adana,0,0.95,10,0,normal
TXN001238,MUS0190,2024-12-03 07:44:00,Salı,7,0,Yakıt,Fiziksel Kart,845.07,716.37,18.0,Kayseri,0,0.39,12,0,normal
TXN002012,MUS0381,2024-02-09 06:22:00,Cuma,6,0,Döviz,Fiziksel Kart,334.83,469.01,-28.6,Samsun,0,0.58,4,0,normal
TXN004680,MUS0524,2024-04-01 11:03:00,Pazartesi,11,0,Elektronik,Fiziksel Kart,983.0,746.07,31.8,Antalya,0,1.37,19,0,normal
TXN002183,MUS0219,2024-03-26 19:48:00,Salı,19,0,Market,Telefon,122.75,157.34,-22.0,Gaziantep,0,1.49,19,0,normal
TXN000277,MUS0128,2024-10-21 06:36:00,Pazartesi,6,0,Market,Fiziksel Kart,296.67,230.87,28.5,İstanbul,0,0.35,3,0,normal
TXN004593,MUS0487,2024-05-22 14:47:00,Çarşamba,14,0,Ulaşım,Online,215.62,426.85,-49.5,Gaziantep,0,0.02,0,0,normal
TXN001566,MUS0607,2024-09-07 07:14:00,Cumartesi,7,0,Sağlık,Temassız,176.81,228.24,-22.5,Amsterdam,1,1.66,13,0,normal
TXN004535,MUS0333,2024-06-19 00:33:00,Çarşamba,0,1,Restoran,Online,955.67,763.32,25.2,Bursa,0,1.11,21,0,normal
TXN003758,MUS0382,2024-08-03 01:21:00,Cumartesi,1,1,Online Alışveriş,Temassız,426.09,498.38,-14.5,Amsterdam,1,1.19,8,0,normal
TXN002071,MUS0037,2024-06-25 02:45:00,Salı,2,1,ATM Nakit,Online,276.93,524.23,-47.2,Adana,0,0.56,8,0,normal
TXN003361,MUS0665,2024-04-11 22:49:00,Perşembe,22,0,Market,Temassız,78.03,773.06,-89.9,Kayseri,0,1.19,9,0,normal
TXN000483,MUS0172,2024-09-20 01:02:00,Cuma,1,1,Uluslararası,Telefon,431.53,304.99,41.5,Ankara,0,0.38,10,0,normal
TXN003422,MUS0218,2024-07-12 16:47:00,Cuma,16,0,Giyim,Fiziksel Kart,462.63,293.9,57.4,İstanbul,0,0.25,2,0,normal
TXN001431,MUS0763,2024-09-19 11:15:00,Perşembe,11,0,Eğlence,Temassız,835.35,604.91,38.1,Amsterdam,1,0.29,0,0,normal
TXN004450,MUS0498,2024-02-01 16:08:00,Perşembe,16,0,Market,Online,304.7,378.64,-19.5,Konya,0,0.18,0,0,normal
TXN000036,MUS0302,2024-10-13 17:21:00,Pazar,17,0,Market,Fiziksel Kart,414.34,481.75,-14.0,İstanbul,0,1.28,20,0,normal
TXN000853,MUS0438,2024-05-03 11:45:00,Cuma,11,0,Elektronik,Online,130.43,107.62,21.2,Gaziantep,0,0.17,0,0,normal
TXN001716,MUS0272,2024-01-08 08:34:00,Pazartesi,8,0,Döviz,ATM,503.15,701.55,-28.3,Gaziantep,0,0.59,2,0,normal
TXN001628,MUS0353,2024-03-31 20:33:00,Pazar,20,0,Elektronik,Fiziksel Kart,337.58,304.24,11.0,Gaziantep,0,0.38,12,0,normal
TXN001382,MUS0613,2024-05-09 03:44:00,Perşembe,3,1,Elektronik,Online,187.89,156.66,19.9,Mersin,0,0.05,6,0,normal
TXN002595,MUS0781,2024-05-31 22:35:00,Cuma,22,0,Market,Fiziksel Kart,719.89,684.21,5.2,Gaziantep,0,0.43,2,0,normal
TXN001406,MUS0201,2024-10-03 15:53:00,Perşembe,15,0,Elektronik,Fiziksel Kart,668.67,578.13,15.7,Samsun,0,1.57,25,0,normal
TXN001855,MUS0605,2024-06-22 02:33:00,Cumartesi,2,1,Uluslararası,Online,230.79,296.57,-22.2,Adana,0,0.91,9,0,normal
TXN002231,MUS0104,2024-05-01 13:31:00,Çarşamba,13,0,Restoran,Online,199.23,283.63,-29.8,İstanbul,0,0.66,3,0,normal
TXN000655,MUS0442,2024-04-01 00:43:00,Pazartesi,0,1,ATM Nakit,ATM,145.76,101.1,44.2,Konya,0,0.93,6,0,normal
TXN000548,MUS0738,2024-06-15 15:35:00,Cumartesi,15,0,Restoran,Online,528.26,458.21,15.3,Gaziantep,0,0.06,0,0,normal
TXN004198,MUS0033,2024-07-28 06:26:00,Pazar,6,0,Döviz,Online,209.5,566.26,-63.0,Mersin,0,0.05,4,0,normal
TXN003852,MUS0203,2024-04-29 19:36:00,Pazartesi,19,0,Market,Fiziksel Kart,682.5,315.46,116.4,İzmir,0,0.23,11,0,normal
TXN004883,MUS0551,2024-10-17 23:53:00,Perşembe,23,1,Yakıt,Fiziksel Kart,753.51,533.28,41.3,Kayseri,0,0.06,4,0,normal
TXN002510,MUS0249,2024-01-17 02:44:00,Çarşamba,2,1,Market,Telefon,539.24,394.17,36.8,Konya,0,0.2,6,0,normal
TXN004603,MUS0468,2024-03-07 08:09:00,Perşembe,8,0,Elektronik,Temassız,1117.66,669.46,66.9,Antalya,0,0.86,6,0,normal
TXN004652,MUS0184,2024-12-08 13:58:00,Pazar,13,0,Market,Fiziksel Kart,476.38,391.84,21.6,Bursa,0,0.82,10,0,normal
TXN004167,MUS0565,2024-06-11 13:15:00,Salı,13,0,Giyim,Telefon,75.01,92.17,-18.6,Kayseri,0,0.87,18,0,normal
TXN001477,MUS0122,2024-03-14 10:25:00,Perşembe,10,0,Giyim,ATM,869.26,755.65,15.0,Kayseri,0,0.32,3,0,normal
TXN004372,MUS0309,2024-01-30 17:09:00,Salı,17,0,Restoran,ATM,361.36,666.02,-45.7,Samsun,0,1.1,9,0,normal
TXN002784,MUS0370,2024-01-11 02:51:00,Perşembe,2,1,Elektronik,Fiziksel Kart,287.35,254.3,13.0,Eskişehir,0,0.34,0,0,normal
TXN004879,MUS0197,2024-10-18 08:09:00,Cuma,3,1,Online Alışveriş,Online,4409.61,710.27,520.8,Bursa,0,6.9,95,1,gece_islemi
TXN004898,MUS0519,2024-06-18 05:56:00,Salı,5,1,Ulaşım,Online,561.89,499.23,12.6,Antalya,0,0.08,0,0,normal
TXN003566,MUS0020,2024-06-27 00:09:00,Perşembe,0,1,Yakıt,Online,62.42,80.24,-22.2,Samsun,0,0.8,4,0,normal
TXN002783,MUS0739,2024-09-06 19:04:00,Cuma,19,0,Eğlence,Online,197.77,262.94,-24.8,Eskişehir,0,1.61,21,0,normal
TXN003757,MUS0390,2024-09-05 20:36:00,Perşembe,20,0,Yakıt,Online,338.85,285.57,18.7,Antalya,0,0.48,0,0,normal
TXN000099,MUS0476,2024-04-16 23:53:00,Salı,23,1,Uluslararası,Fiziksel Kart,146.37,85.95,70.3,Antalya,0,0.92,5,0,normal
TXN000584,MUS0050,2024-09-10 04:05:00,Salı,4,1,Uluslararası,Online,188.1,119.24,57.7,Antalya,0,0.26,3,0,normal
TXN000874,MUS0683,2024-02-21 18:20:00,Çarşamba,18,0,Elektronik,Online,177.33,377.95,-53.1,Gaziantep,0,0.43,13,0,normal
TXN001495,MUS0409,2024-06-04 22:21:00,Salı,22,0,Restoran,Online,25.98,135.29,-80.8,Kayseri,0,1.23,9,0,normal
TXN002359,MUS0410,2024-05-10 19:41:00,Cuma,19,0,Eğlence,Telefon,142.46,128.02,11.3,Konya,0,0.46,3,0,normal
TXN003859,MUS0787,2024-04-11 00:15:00,Perşembe,0,1,Online Alışveriş,Online,1089.97,551.76,97.5,Mersin,0,0.44,10,0,normal
TXN004506,MUS0003,2024-08-27 08:28:00,Salı,8,0,Online Alışveriş,Online,181.97,150.34,21.0,Ankara,0,0.52,3,0,normal
TXN000749,MUS0290,2024-06-29 16:43:00,Cumartesi,16,0,Restoran,Online,547.88,477.03,14.9,Gaziantep,0,1.34,17,0,normal
TXN002663,MUS0358,2024-12-12 01:01:00,Perşembe,1,1,Yakıt,Fiziksel Kart,390.27,389.52,0.2,Bursa,0,1.05,15,0,normal
TXN003700,MUS0098,2024-05-31 23:26:00,Cuma,23,1,Giyim,Telefon,627.58,533.71,17.6,Adana,0,1.67,22,0,normal
TXN004685,MUS0616,2024-10-31 16:16:00,Perşembe,16,0,Market,Temassız,429.03,490.4,-12.5,Adana,0,2.47,27,0,normal
TXN003306,MUS0492,2024-04-29 04:28:00,Pazartesi,4,1,ATM Nakit,Temassız,356.25,258.21,38.0,İstanbul,0,1.28,16,0,normal
TXN004494,MUS0086,2024-05-08 17:44:00,Çarşamba,17,0,ATM Nakit,Fiziksel Kart,206.3,560.34,-63.2,Ankara,0,0.76,4,0,normal
TXN002053,MUS0479,2024-05-07 20:52:00,Salı,20,0,Elektronik,Fiziksel Kart,468.44,294.1,59.3,Samsun,0,0.89,9,0,normal
TXN004355,MUS0296,2024-02-13 22:00:00,Salı,22,0,Sağlık,Fiziksel Kart,146.03,139.45,4.7,Antalya,0,0.53,11,0,normal
TXN003720,MUS0091,2024-01-18 15:59:00,Perşembe,15,0,Eğlence,Online,289.5,204.48,41.6,Ankara,0,0.64,9,0,normal
TXN001684,MUS0358,2024-11-27 12:03:00,Çarşamba,12,0,Uluslararası,Telefon,301.15,389.52,-22.7,Bursa,0,0.71,9,0,normal
TXN003495,MUS0031,2024-01-16 17:07:00,Salı,17,0,Restoran,Fiziksel Kart,82.69,135.8,-39.1,Kayseri,0,2.13,27,0,normal
TXN000738,MUS0664,2024-08-24 05:22:00,Cumartesi,5,1,Elektronik,Online,823.69,581.08,41.8,Mersin,0,0.15,10,0,normal
TXN002509,MUS0451,2024-11-25 19:41:00,Pazartesi,19,0,Market,Fiziksel Kart,744.97,616.67,20.8,İstanbul,0,0.94,6,0,normal
TXN003305,MUS0729,2024-04-29 17:54:00,Pazartesi,17,0,Döviz,Fiziksel Kart,730.17,713.13,2.4,Samsun,0,0.03,6,0,normal
TXN004078,MUS0124,2024-12-20 03:21:00,Cuma,3,1,Elektronik,Online,656.14,751.07,-12.6,Kayseri,0,1.57,15,0,normal
TXN001335,MUS0044,2024-01-24 14:18:00,Çarşamba,14,0,Yakıt,ATM,122.91,167.48,-26.6,Eskişehir,0,1.73,14,0,normal
TXN003884,MUS0136,2024-09-17 13:55:00,Salı,13,0,Online Alışveriş,Telefon,295.5,497.54,-40.6,Gaziantep,0,0.2,10,0,normal
TXN004632,MUS0457,2024-06-13 07:39:00,Perşembe,7,0,Online Alışveriş,Online,506.14,488.61,3.6,İstanbul,0,0.24,1,0,normal
TXN002410,MUS0463,2024-05-10 17:44:00,Cuma,17,0,Restoran,Online,270.31,195.33,38.4,İstanbul,0,0.1,0,0,normal
TXN003372,MUS0310,2024-02-21 18:57:00,Çarşamba,18,0,Online Alışveriş,Temassız,511.81,620.56,-17.5,Eskişehir,0,0.31,2,0,normal
TXN001489,MUS0666,2024-02-23 23:12:00,Cuma,23,1,Eğlence,Temassız,378.58,520.88,-27.3,Gaziantep,0,0.03,6,0,normal
TXN001981,MUS0444,2024-11-02 07:28:00,Cumartesi,7,0,ATM Nakit,Online,789.73,716.06,10.3,Konya,0,0.22,9,0,normal
TXN001904,MUS0401,2024-07-14 02:09:00,Pazar,2,1,Giyim,Fiziksel Kart,840.36,731.59,14.9,Mersin,0,0.0,5,0,normal
TXN001554,MUS0545,2024-05-20 21:47:00,Pazartesi,21,0,Sağlık,Online,314.61,680.39,-53.8,Ankara,0,0.22,0,0,normal
TXN002785,MUS0445,2024-01-27 17:24:00,Cumartesi,17,0,Döviz,Online,289.02,496.76,-41.8,Gaziantep,0,1.88,22,0,normal
TXN000322,MUS0549,2024-03-08 20:20:00,Cuma,20,0,Online Alışveriş,Temassız,484.11,663.89,-27.1,İstanbul,0,0.39,4,0,normal
TXN004308,MUS0362,2024-02-03 03:59:00,Cumartesi,3,1,Eğlence,Telefon,438.09,392.31,11.7,Samsun,0,0.08,9,0,normal
TXN001080,MUS0468,2024-03-22 13:52:00,Cuma,13,0,Ulaşım,Online,844.32,669.46,26.1,Antalya,0,0.04,0,0,normal
TXN001700,MUS0593,2024-10-21 09:51:00,Pazartesi,9,0,Giyim,Online,140.21,221.51,-36.7,Samsun,0,1.08,18,0,normal
TXN002768,MUS0793,2024-01-17 00:13:00,Çarşamba,0,1,ATM Nakit,Fiziksel Kart,424.52,369.98,14.7,İzmir,0,1.4,19,0,normal
TXN002466,MUS0048,2024-10-23 06:06:00,Çarşamba,6,0,Giyim,Fiziksel Kart,1478.99,484.46,205.3,Gaziantep,0,3.85,80,1,farkli_sehir
TXN004387,MUS0567,2024-06-23 09:49:00,Pazar,9,0,Online Alışveriş,Online,457.4,380.87,20.1,Samsun,0,1.07,19,0,normal
TXN002919,MUS0743,2024-11-16 01:29:00,Cumartesi,1,1,Sağlık,Fiziksel Kart,441.6,514.96,-14.2,İzmir,0,0.71,8,0,normal
TXN003831,MUS0565,2024-06-20 04:36:00,Perşembe,4,1,Restoran,ATM,66.46,92.17,-27.9,Kayseri,0,0.05,0,0,normal
TXN003406,MUS0221,2024-04-05 07:24:00,Cuma,7,0,Sağlık,ATM,168.5,214.37,-21.4,İzmir,0,1.54,24,0,normal
TXN002643,MUS0598,2024-02-17 05:19:00,Cumartesi,5,1,Restoran,Fiziksel Kart,415.61,381.23,9.0,İzmir,0,1.2,22,0,normal
TXN003808,MUS0106,2024-06-05 08:11:00,Çarşamba,8,0,Sağlık,Telefon,671.19,725.34,-7.5,İzmir,0,0.49,10,0,normal
TXN003385,MUS0560,2024-07-19 18:07:00,Cuma,18,0,Eğlence,Fiziksel Kart,171.28,163.62,4.7,Konya,0,0.64,13,0,normal
TXN004402,MUS0416,2024-11-13 11:16:00,Çarşamba,11,0,Sağlık,Fiziksel Kart,727.24,513.6,41.6,Bursa,0,0.1,5,0,normal
TXN002165,MUS0721,2024-12-21 10:45:00,Cumartesi,10,0,Ulaşım,Telefon,491.87,621.68,-20.9,Konya,0,0.24,2,0,normal
TXN004398,MUS0405,2024-03-23 11:23:00,Cumartesi,11,0,Restoran,Temassız,154.15,97.42,58.2,İzmir,0,0.86,17,0,normal
TXN003921,MUS0553,2024-08-13 09:36:00,Salı,9,0,Ulaşım,Online,1009.25,625.21,61.4,Samsun,0,1.27,16,0,normal
TXN003371,MUS0333,2024-05-26 06:24:00,Pazar,6,0,Uluslararası,Online,1135.89,763.32,48.8,İzmir,0,0.2,9,0,normal
TXN003628,MUS0367,2024-04-14 05:58:00,Pazar,5,1,Ulaşım,Fiziksel Kart,802.32,738.16,8.7,Bursa,0,1.98,14,0,normal
TXN004419,MUS0285,2024-01-03 07:18:00,Çarşamba,7,0,Elektronik,Temassız,716.73,517.68,38.5,Samsun,0,0.77,15,0,normal
TXN001579,MUS0742,2024-07-06 00:12:00,Cumartesi,0,1,Uluslararası,Fiziksel Kart,1129.96,784.53,44.0,Samsun,0,0.81,16,0,normal
TXN004989,MUS0607,2024-12-05 04:15:00,Perşembe,4,1,ATM Nakit,Temassız,222.61,228.24,-2.5,Adana,0,0.89,4,0,normal
TXN004236,MUS0763,2024-09-03 11:06:00,Salı,11,0,ATM Nakit,Temassız,173.56,604.91,-71.3,Kayseri,0,1.2,9,0,normal
TXN002061,MUS0492,2024-05-12 23:11:00,Pazar,23,1,Eğlence,Online,229.27,258.21,-11.2,İstanbul,0,1.32,23,0,normal
TXN001606,MUS0212,2024-08-11 22:00:00,Pazar,22,0,Döviz,Temassız,67.64,557.72,-87.9,Antalya,0,2.25,30,0,normal
TXN001773,MUS0223,2024-10-27 17:18:00,Pazar,17,0,Uluslararası,Temassız,301.35,317.03,-4.9,Eskişehir,0,1.15,18,0,normal
TXN004734,MUS0519,2024-02-22 18:47:00,Perşembe,18,0,Restoran,Telefon,583.12,499.23,16.8,Antalya,0,1.23,11,0,normal
TXN001364,MUS0123,2024-12-17 17:34:00,Salı,17,0,Restoran,Temassız,510.67,407.08,25.4,Adana,0,0.58,4,0,normal
TXN001548,MUS0648,2024-11-29 03:05:00,Cuma,3,1,Yakıt,Fiziksel Kart,48.03,129.1,-62.8,İzmir,0,1.65,17,0,normal
TXN003931,MUS0032,2024-02-15 18:13:00,Perşembe,18,0,Sağlık,Fiziksel Kart,233.44,253.2,-7.8,Gaziantep,0,0.98,5,0,normal
TXN000189,MUS0350,2024-03-31 10:15:00,Pazar,10,0,Uluslararası,Online,481.82,611.5,-21.2,Bursa,0,0.88,17,0,normal
TXN004788,MUS0450,2024-11-12 07:46:00,Salı,7,0,Market,Online,417.98,648.42,-35.5,Kayseri,0,0.48,10,0,normal
TXN000834,MUS0085,2024-11-24 10:37:00,Pazar,10,0,Restoran,Fiziksel Kart,443.74,393.49,12.8,Eskişehir,0,0.76,12,0,normal
TXN002272,MUS0698,2024-09-15 02:45:00,Pazar,2,1,Giyim,Online,275.35,405.26,-32.1,Ankara,0,1.34,8,0,normal
TXN003393,MUS0652,2024-12-14 14:24:00,Cumartesi,14,0,Döviz,Fiziksel Kart,730.19,255.88,185.4,Amsterdam,1,6.73,98,1,yurtdisi_anomali
TXN004645,MUS0226,2024-03-29 01:06:00,Cuma,1,1,Restoran,Fiziksel Kart,640.29,529.14,21.0,İzmir,0,0.4,7,0,normal
TXN000858,MUS0199,2024-12-18 04:59:00,Çarşamba,4,1,Ulaşım,Fiziksel Kart,336.06,464.63,-27.7,Gaziantep,0,0.53,1,0,normal
TXN004676,MUS0765,2024-04-28 16:04:00,Pazar,16,0,Elektronik,Online,709.07,612.34,15.8,Adana,0,1.7,12,0,normal
TXN004447,MUS0421,2024-05-09 07:29:00,Perşembe,7,0,Döviz,Temassız,474.31,473.48,0.2,New York,1,0.66,1,0,normal
TXN001629,MUS0461,2024-08-17 17:46:00,Cumartesi,17,0,Elektronik,Online,192.38,177.12,8.6,Antalya,0,0.73,13,0,normal
TXN003762,MUS0417,2024-12-19 16:01:00,Perşembe,16,0,Online Alışveriş,Temassız,499.21,513.39,-2.8,Gaziantep,0,1.12,17,0,normal
TXN000159,MUS0531,2024-08-12 04:31:00,Pazartesi,4,1,Giyim,Fiziksel Kart,106.72,398.37,-73.2,Ankara,0,1.46,12,0,normal
TXN000768,MUS0130,2024-08-05 03:08:00,Pazartesi,3,1,Eğlence,Temassız,386.46,493.83,-21.7,Samsun,0,0.63,7,0,normal
TXN002693,MUS0644,2024-01-24 18:31:00,Çarşamba,18,0,Ulaşım,Fiziksel Kart,575.02,275.12,109.0,Eskişehir,0,3.79,81,1,farkli_sehir
TXN002222,MUS0360,2024-04-27 20:39:00,Cumartesi,20,0,Giyim,Temassız,257.2,227.32,13.1,Samsun,0,0.08,0,0,normal
TXN003274,MUS0269,2024-04-09 19:34:00,Salı,19,0,Yakıt,Temassız,690.54,480.93,43.6,Bursa,0,1.22,15,0,normal
TXN003737,MUS0691,2024-10-22 12:02:00,Salı,12,0,Market,Fiziksel Kart,377.89,797.68,-52.6,Ankara,0,0.36,13,0,normal
TXN004061,MUS0064,2024-12-07 16:30:00,Cumartesi,16,0,Ulaşım,Online,547.19,723.51,-24.4,Kayseri,0,0.03,5,0,normal
TXN004029,MUS0569,2024-11-02 15:57:00,Cumartesi,15,0,Online Alışveriş,Fiziksel Kart,89.76,159.84,-43.8,İzmir,0,1.63,24,0,normal
TXN002962,MUS0234,2024-06-15 05:51:00,Cumartesi,5,1,Restoran,ATM,137.57,114.94,19.7,İstanbul,0,0.34,0,0,normal
TXN002929,MUS0521,2024-02-24 14:36:00,Cumartesi,14,0,Online Alışveriş,Fiziksel Kart,190.89,370.34,-48.5,Bangkok,1,0.42,0,0,normal
TXN001359,MUS0438,2024-10-03 06:33:00,Perşembe,6,0,Eğlence,Online,45.29,107.62,-57.9,Gaziantep,0,1.84,21,0,normal
TXN003823,MUS0768,2024-03-18 20:00:00,Pazartesi,20,0,Uluslararası,Telefon,633.38,488.79,29.6,İzmir,0,1.01,10,0,normal
TXN003288,MUS0399,2024-02-11 18:42:00,Pazar,18,0,Elektronik,Fiziksel Kart,248.12,308.66,-19.6,İzmir,0,0.75,5,0,normal
TXN000741,MUS0170,2024-01-07 09:20:00,Pazar,9,0,Sağlık,Online,188.15,169.07,11.3,İzmir,0,0.36,7,0,normal
TXN003576,MUS0299,2024-05-02 07:27:00,Perşembe,7,0,Yakıt,Temassız,194.31,398.01,-51.2,Konya,0,1.25,10,0,normal
TXN003937,MUS0237,2024-09-03 04:53:00,Salı,4,1,Sağlık,Fiziksel Kart,521.45,500.17,4.3,Gaziantep,0,0.29,0,0,normal
TXN004515,MUS0152,2024-06-27 14:58:00,Perşembe,14,0,Yakıt,Fiziksel Kart,679.93,627.36,8.4,Ankara,0,0.77,11,0,normal
TXN000903,MUS0583,2024-05-07 16:46:00,Salı,16,0,Ulaşım,Temassız,938.49,682.61,37.5,Samsun,0,0.45,8,0,normal
TXN000747,MUS0635,2024-05-26 16:45:00,Pazar,16,0,Yakıt,ATM,932.91,667.75,39.7,İzmir,0,0.18,9,0,normal
TXN001563,MUS0411,2024-01-14 22:05:00,Pazar,22,0,Eğlence,Fiziksel Kart,596.04,481.79,23.7,Eskişehir,0,0.25,10,0,normal
TXN002234,MUS0430,2024-07-02 19:50:00,Salı,19,0,Yakıt,Online,290.08,781.17,-62.9,Adana,0,0.41,10,0,normal
TXN001357,MUS0288,2024-03-01 19:23:00,Cuma,19,0,Giyim,Telefon,449.46,533.4,-15.7,Gaziantep,0,2.11,21,0,normal
TXN002221,MUS0475,2024-09-22 18:53:00,Pazar,18,0,ATM Nakit,Fiziksel Kart,292.96,347.41,-15.7,İstanbul,0,0.07,0,0,normal
TXN004927,MUS0127,2024-09-30 06:45:00,Pazartesi,6,0,Ulaşım,Online,699.8,564.51,24.0,Konya,0,0.84,18,0,normal
TXN000271,MUS0573,2024-12-06 11:58:00,Cuma,11,0,Elektronik,Online,590.65,471.06,25.4,İstanbul,0,0.28,2,0,normal
TXN000517,MUS0777,2024-12-28 19:40:00,Cumartesi,19,0,Market,Fiziksel Kart,368.12,308.55,19.3,İstanbul,0,0.18,6,0,normal
TXN003085,MUS0193,2024-08-31 22:00:00,Cumartesi,22,0,Yakıt,Online,452.15,422.78,6.9,Konya,0,0.11,9,0,normal
TXN003446,MUS0174,2024-10-06 21:41:00,Pazar,21,0,Giyim,Online,913.22,620.27,47.2,Gaziantep,0,0.78,9,0,normal
TXN002199,MUS0308,2024-03-25 14:43:00,Pazartesi,14,0,Uluslararası,Online,14636.63,719.93,1933.1,Konya,0,4.98,81,1,yuksek_tutar
TXN002882,MUS0005,2024-09-16 10:06:00,Pazartesi,10,0,Restoran,Temassız,421.99,447.36,-5.7,Bursa,0,0.51,12,0,normal
TXN000674,MUS0518,2024-06-15 21:35:00,Cumartesi,21,0,Yakıt,Online,270.21,359.24,-24.8,Konya,0,1.12,19,0,normal
TXN004626,MUS0673,2024-07-13 01:33:00,Cumartesi,1,1,Restoran,Temassız,290.65,254.7,14.1,Antalya,0,0.28,4,0,normal
TXN001252,MUS0482,2024-04-05 08:24:00,Cuma,8,0,Eğlence,Telefon,212.44,233.28,-8.9,Kayseri,0,0.22,0,0,normal
TXN001938,MUS0081,2024-03-13 21:53:00,Çarşamba,21,0,Sağlık,ATM,654.51,495.61,32.1,Gaziantep,0,1.01,5,0,normal
TXN004985,MUS0656,2024-09-15 06:50:00,Pazar,6,0,Döviz,Fiziksel Kart,609.4,683.02,-10.8,Gaziantep,0,0.91,15,0,normal
TXN004757,MUS0710,2024-03-27 08:36:00,Çarşamba,8,0,Ulaşım,ATM,534.02,365.23,46.2,Adana,0,0.78,7,0,normal
TXN001727,MUS0146,2024-09-10 01:02:00,Salı,1,1,Ulaşım,Fiziksel Kart,390.02,279.19,39.7,Ankara,0,0.62,15,0,normal
TXN004044,MUS0127,2024-10-29 23:55:00,Salı,23,1,Market,Temassız,446.0,564.51,-21.0,Konya,0,0.34,8,0,normal
TXN002688,MUS0694,2024-11-22 02:14:00,Cuma,2,1,Elektronik,Online,688.56,655.25,5.1,Mersin,0,1.16,9,0,normal
TXN000121,MUS0688,2024-07-26 22:34:00,Cuma,22,0,Restoran,Online,377.25,210.61,79.1,Bursa,0,0.7,3,0,normal
TXN001933,MUS0692,2024-02-12 01:49:00,Pazartesi,1,1,Döviz,Temassız,104.64,91.31,14.6,Antalya,0,0.23,9,0,normal
TXN002133,MUS0306,2024-03-23 13:11:00,Cumartesi,13,0,Elektronik,Fiziksel Kart,73.27,87.11,-15.9,Konya,0,0.26,1,0,normal
TXN004036,MUS0680,2024-07-19 13:12:00,Cuma,13,0,Restoran,ATM,637.84,438.47,45.5,Bursa,0,0.26,0,0,normal
TXN004689,MUS0326,2024-05-06 22:03:00,Pazartesi,22,0,Giyim,Fiziksel Kart,623.09,394.48,58.0,Mersin,0,0.7,14,0,normal
TXN003736,MUS0739,2024-10-17 12:32:00,Perşembe,12,0,Sağlık,Fiziksel Kart,301.2,262.94,14.6,Eskişehir,0,1.27,14,0,normal
TXN001331,MUS0087,2024-05-10 12:59:00,Cuma,12,0,Restoran,Online,598.24,670.82,-10.8,Antalya,0,1.53,15,0,normal
TXN002822,MUS0546,2024-01-12 20:42:00,Cuma,20,0,Uluslararası,Online,176.01,150.13,17.2,Samsun,0,0.48,0,0,normal
TXN002401,MUS0030,2024-11-04 07:53:00,Pazartesi,7,0,Ulaşım,Fiziksel Kart,200.18,188.41,6.2,Bursa,0,0.54,3,0,normal
TXN004190,MUS0132,2024-03-13 03:15:00,Çarşamba,3,1,Restoran,Fiziksel Kart,80.8,111.54,-27.6,Adana,0,0.46,0,0,normal
TXN001157,MUS0462,2024-09-11 07:35:00,Çarşamba,7,0,Online Alışveriş,Online,590.25,514.51,14.7,Eskişehir,0,0.37,7,0,normal
TXN001152,MUS0580,2024-12-19 11:16:00,Perşembe,11,0,Ulaşım,Online,68.45,209.85,-67.4,İstanbul,0,0.76,10,0,normal
TXN003620,MUS0383,2024-05-07 21:03:00,Salı,21,0,Market,Temassız,956.85,658.6,45.3,Bursa,0,0.24,0,0,normal
TXN003346,MUS0150,2024-07-03 08:28:00,Çarşamba,8,0,Ulaşım,ATM,402.57,413.91,-2.7,Kayseri,0,1.85,14,0,normal
TXN002343,MUS0532,2024-06-04 04:27:00,Salı,4,1,Online Alışveriş,Online,132.1,105.82,24.8,New York,1,0.11,8,0,normal
TXN004307,MUS0027,2024-02-07 14:20:00,Çarşamba,14,0,Yakıt,Fiziksel Kart,197.8,182.45,8.4,İzmir,0,0.12,0,0,normal
TXN002043,MUS0186,2024-06-18 09:07:00,Salı,9,0,Döviz,ATM,602.63,444.25,35.7,İzmir,0,1.16,6,0,normal
TXN003600,MUS0458,2024-11-20 16:56:00,Çarşamba,16,0,Giyim,Fiziksel Kart,462.37,312.9,47.8,New York,1,0.73,3,0,normal
TXN000936,MUS0784,2024-07-10 00:42:00,Çarşamba,0,1,Online Alışveriş,Fiziksel Kart,227.73,382.17,-40.4,Mersin,0,1.85,21,0,normal
TXN000723,MUS0133,2024-06-29 22:37:00,Cumartesi,22,0,Ulaşım,Online,321.97,259.77,23.9,Gaziantep,0,0.74,15,0,normal
TXN003364,MUS0207,2024-10-15 18:58:00,Salı,18,0,Eğlence,Fiziksel Kart,132.82,82.97,60.1,Bursa,0,0.8,6,0,normal
TXN002068,MUS0502,2024-06-20 17:16:00,Perşembe,17,0,Market,Online,22.3,354.95,-93.7,Mersin,0,7.19,99,1,kart_test
TXN000978,MUS0430,2024-05-21 07:45:00,Salı,7,0,Giyim,ATM,772.82,781.17,-1.1,Adana,0,1.0,7,0,normal
TXN002118,MUS0592,2024-04-16 14:08:00,Salı,14,0,Restoran,Fiziksel Kart,102.81,722.24,-85.8,Ankara,0,0.79,12,0,normal
TXN001244,MUS0025,2024-06-21 04:34:00,Cuma,4,1,Market,Online,376.65,399.29,-5.7,Mersin,0,0.83,18,0,normal
TXN004204,MUS0229,2024-05-22 17:44:00,Çarşamba,17,0,Online Alışveriş,ATM,1024.48,743.48,37.8,Samsun,0,1.69,20,0,normal
TXN004819,MUS0784,2024-10-29 08:04:00,Salı,8,0,Restoran,Online,395.48,382.17,3.5,Mersin,0,1.5,19,0,normal
TXN004541,MUS0250,2024-04-21 12:57:00,Pazar,12,0,Online Alışveriş,ATM,943.84,611.1,54.4,Mersin,0,0.77,6,0,normal
TXN001486,MUS0389,2024-07-19 00:08:00,Cuma,0,1,Sağlık,Online,554.14,345.63,60.3,Bursa,0,1.93,26,0,normal
TXN001353,MUS0314,2024-05-31 02:45:00,Cuma,2,1,ATM Nakit,Fiziksel Kart,277.27,521.97,-46.9,Konya,0,1.27,14,0,normal
TXN004724,MUS0387,2024-10-03 18:02:00,Perşembe,18,0,Uluslararası,Fiziksel Kart,616.64,547.94,12.5,Antalya,0,0.99,17,0,normal
TXN004665,MUS0094,2024-11-12 07:33:00,Salı,7,0,Uluslararası,Telefon,446.26,574.72,-22.4,Eskişehir,0,0.9,9,0,normal
TXN002888,MUS0018,2024-01-14 16:55:00,Pazar,16,0,Elektronik,ATM,196.44,339.95,-42.2,Kayseri,0,1.51,25,0,normal
TXN003260,MUS0241,2024-03-15 23:43:00,Cuma,23,1,Uluslararası,Online,195.51,663.83,-70.5,Adana,0,0.11,8,0,normal
TXN003820,MUS0150,2024-04-12 05:46:00,Cuma,5,1,Yakıt,Temassız,487.38,413.91,17.8,Adana,0,0.4,0,0,normal
TXN000808,MUS0269,2024-01-17 21:43:00,Çarşamba,21,0,Yakıt,Fiziksel Kart,454.35,480.93,-5.5,Bursa,0,0.93,8,0,normal
TXN002869,MUS0205,2024-09-19 17:22:00,Perşembe,17,0,Market,Online,9.24,607.61,-98.5,Mersin,0,2.83,78,1,kart_test
TXN001145,MUS0454,2024-06-11 10:32:00,Salı,10,0,Online Alışveriş,Temassız,868.95,663.91,30.9,Eskişehir,0,0.22,0,0,normal
TXN000786,MUS0235,2024-02-15 15:48:00,Perşembe,15,0,Döviz,Online,99.35,126.4,-21.4,Bursa,0,0.86,9,0,normal
TXN002606,MUS0543,2024-03-07 19:54:00,Perşembe,19,0,Restoran,Online,341.47,338.79,0.8,Eskişehir,0,0.38,8,0,normal
TXN002792,MUS0524,2024-07-28 18:39:00,Pazar,18,0,Döviz,Temassız,448.36,746.07,-39.9,Antalya,0,0.18,0,0,normal
TXN003399,MUS0236,2024-06-26 01:01:00,Çarşamba,1,1,Yakıt,Fiziksel Kart,250.63,431.82,-42.0,Antalya,0,0.23,6,0,normal
TXN002325,MUS0100,2024-10-09 18:25:00,Çarşamba,18,0,Elektronik,ATM,233.83,213.86,9.3,İstanbul,0,1.46,14,0,normal
TXN000753,MUS0307,2024-12-10 06:13:00,Salı,6,0,Eğlence,Online,612.61,556.55,10.1,Paris,1,1.77,19,0,normal
TXN003532,MUS0045,2024-05-26 23:59:00,Pazar,23,1,Sağlık,Online,99.83,294.03,-66.0,Eskişehir,0,0.16,0,0,normal
TXN004297,MUS0305,2024-02-29 07:55:00,Perşembe,7,0,Yakıt,Temassız,343.32,237.6,44.5,Gaziantep,0,2.45,28,0,normal
TXN004640,MUS0546,2024-04-13 01:12:00,Cumartesi,1,1,Ulaşım,Fiziksel Kart,287.87,150.13,91.7,Samsun,0,0.17,5,0,normal
TXN004329,MUS0046,2024-04-15 22:51:00,Pazartesi,22,0,Uluslararası,Temassız,482.85,517.3,-6.7,Bursa,0,0.76,16,0,normal
TXN000419,MUS0236,2024-10-29 12:58:00,Salı,12,0,Giyim,Fiziksel Kart,610.68,431.82,41.4,Antalya,0,0.95,14,0,normal
TXN001833,MUS0037,2024-12-29 21:27:00,Pazar,21,0,Döviz,Online,8204.13,524.23,1465.0,Mersin,0,2.63,76,1,yuksek_tutar
TXN004306,MUS0437,2024-03-24 15:36:00,Pazar,15,0,Market,Fiziksel Kart,816.6,605.89,34.8,Ankara,0,1.43,17,0,normal
TXN002963,MUS0677,2024-02-19 19:41:00,Pazartesi,19,0,Restoran,Fiziksel Kart,1166.54,704.79,65.5,Konya,0,2.08,26,0,normal
TXN001607,MUS0749,2024-11-21 00:46:00,Perşembe,0,1,Döviz,Online,298.92,226.53,32.0,Antalya,0,2.3,30,0,normal
TXN000251,MUS0594,2024-09-23 17:04:00,Pazartesi,17,0,Elektronik,Fiziksel Kart,132.45,110.94,19.4,Eskişehir,0,0.11,1,0,normal
TXN004476,MUS0101,2024-08-17 13:29:00,Cumartesi,13,0,Sağlık,Online,465.97,664.75,-29.9,İzmir,0,1.1,8,0,normal
TXN001654,MUS0396,2024-03-18 20:05:00,Pazartesi,20,0,Uluslararası,Fiziksel Kart,776.83,777.7,-0.1,Samsun,0,0.65,8,0,normal
TXN002363,MUS0591,2024-03-19 14:00:00,Salı,14,0,Döviz,Online,743.51,687.49,8.1,Eskişehir,0,0.51,9,0,normal
TXN000708,MUS0750,2024-12-02 04:18:00,Pazartesi,4,1,Ulaşım,Online,417.03,603.67,-30.9,Bursa,0,0.0,0,0,normal
TXN001134,MUS0336,2024-09-21 17:03:00,Cumartesi,17,0,Eğlence,Online,333.96,201.77,65.5,Kayseri,0,0.22,0,0,normal
TXN002670,MUS0421,2024-08-28 10:18:00,Çarşamba,10,0,Eğlence,Fiziksel Kart,1006.83,473.48,112.6,Bursa,0,0.89,62,1,farkli_sehir
TXN001829,MUS0691,2024-09-08 23:46:00,Pazar,23,1,Market,Online,839.16,797.68,5.2,Ankara,0,0.37,3,0,normal
TXN002261,MUS0333,2024-09-26 10:13:00,Perşembe,10,0,Sağlık,Telefon,553.43,763.32,-27.5,İzmir,0,0.98,10,0,normal
TXN003379,MUS0727,2024-11-07 09:18:00,Perşembe,9,0,Ulaşım,Online,249.75,295.6,-15.5,Konya,0,1.38,9,0,normal
TXN001029,MUS0539,2024-12-12 09:36:00,Perşembe,9,0,Döviz,Fiziksel Kart,404.72,266.78,51.7,Antalya,0,0.63,16,0,normal
TXN002614,MUS0709,2024-06-02 19:57:00,Pazar,19,0,Yakıt,Temassız,527.54,514.0,2.6,Mersin,0,0.47,3,0,normal
TXN000988,MUS0162,2024-11-24 10:22:00,Pazar,10,0,Elektronik,Fiziksel Kart,417.19,344.14,21.2,Mersin,0,0.71,6,0,normal
TXN000289,MUS0569,2024-12-09 14:15:00,Pazartesi,14,0,Giyim,Fiziksel Kart,5,159.84,-96.9,İzmir,0,1.47,9,0,normal
TXN004478,MUS0465,2024-09-17 03:48:00,Salı,3,1,Restoran,Fiziksel Kart,767.05,389.9,96.7,Antalya,0,0.58,1,0,normal
TXN001037,MUS0412,2024-12-24 02:40:00,Salı,2,1,Restoran,Temassız,1012.23,599.92,68.7,Samsun,0,1.86,13,0,normal
TXN000673,MUS0497,2024-04-08 21:29:00,Pazartesi,21,0,Döviz,Online,220.63,124.6,77.1,İstanbul,0,0.96,11,0,normal
TXN003179,MUS0012,2024-05-13 16:51:00,Pazartesi,16,0,Döviz,ATM,800.8,672.12,19.1,Adana,0,0.3,9,0,normal
TXN004334,MUS0433,2024-02-01 10:30:00,Perşembe,10,0,ATM Nakit,Online,990.49,557.43,77.7,Adana,0,1.13,9,0,normal
TXN001084,MUS0139,2024-03-02 23:34:00,Cumartesi,23,1,Restoran,Fiziksel Kart,287.32,752.4,-61.8,Eskişehir,0,1.43,9,0,normal
TXN004148,MUS0282,2024-03-17 23:34:00,Pazar,23,1,ATM Nakit,Fiziksel Kart,281.3,583.93,-51.8,İstanbul,0,2.19,25,0,normal
TXN002720,MUS0292,2024-06-27 22:38:00,Perşembe,22,0,Market,Fiziksel Kart,249.08,560.34,-55.5,Mersin,0,1.04,19,0,normal
TXN001880,MUS0648,2024-08-21 09:52:00,Çarşamba,9,0,Döviz,Temassız,151.99,129.1,17.7,İzmir,0,0.09,4,0,normal
TXN000216,MUS0314,2024-04-11 08:21:00,Perşembe,8,0,Ulaşım,Online,223.46,521.97,-57.2,Konya,0,0.28,9,0,normal
TXN004060,MUS0232,2024-08-31 16:28:00,Cumartesi,16,0,Eğlence,Online,290.47,277.81,4.6,Gaziantep,0,0.45,0,0,normal
TXN002422,MUS0618,2024-05-15 07:37:00,Çarşamba,7,0,Sağlık,Fiziksel Kart,290.63,288.77,0.6,Antalya,0,1.23,9,0,normal
TXN002367,MUS0329,2024-09-09 15:20:00,Pazartesi,15,0,Restoran,Temassız,445.22,481.54,-7.5,İzmir,0,1.23,16,0,normal
TXN003618,MUS0163,2024-01-24 22:57:00,Çarşamba,22,0,Eğlence,Fiziksel Kart,406.16,264.6,53.5,İzmir,0,0.23,0,0,normal
TXN004585,MUS0172,2024-05-28 08:52:00,Salı,8,0,Market,Temassız,368.88,304.99,20.9,Ankara,0,0.55,1,0,normal
TXN004353,MUS0552,2024-02-05 01:36:00,Pazartesi,1,1,Uluslararası,Online,2822.26,587.88,380.1,Tokyo,1,8.39,100,1,yurtdisi_anomali
TXN001750,MUS0032,2024-07-14 03:55:00,Pazar,3,1,Eğlence,Online,252.06,253.2,-0.5,Gaziantep,0,0.3,3,0,normal
TXN001115,MUS0027,2024-11-23 08:44:00,Cumartesi,8,0,Ulaşım,Online,234.45,182.45,28.5,İzmir,0,0.65,10,0,normal
TXN003687,MUS0234,2024-08-12 23:16:00,Pazartesi,23,1,Ulaşım,Temassız,67.5,114.94,-41.3,İstanbul,0,1.47,13,0,normal
TXN000975,MUS0772,2024-11-09 00:03:00,Cumartesi,0,1,Eğlence,Online,41.07,100.59,-59.2,Samsun,0,0.13,3,0,normal
TXN001959,MUS0064,2024-02-14 06:46:00,Çarşamba,6,0,Online Alışveriş,Temassız,772.44,723.51,6.8,Kayseri,0,2.28,30,0,normal
TXN004576,MUS0157,2024-10-07 18:40:00,Pazartesi,18,0,Uluslararası,Online,7396.72,390.75,1793.0,İstanbul,0,2.12,66,1,yuksek_tutar
TXN004179,MUS0039,2024-05-15 11:23:00,Çarşamba,11,0,Restoran,Temassız,1126.35,773.66,45.6,Mersin,0,1.14,21,0,normal
TXN002966,MUS0445,2024-08-18 18:03:00,Pazar,18,0,Giyim,Online,372.99,496.76,-24.9,Antalya,0,1.52,23,0,normal
TXN000895,MUS0591,2024-10-19 11:11:00,Cumartesi,11,0,Restoran,Temassız,698.17,687.49,1.6,Eskişehir,0,1.86,26,0,normal
TXN003948,MUS0674,2024-03-18 02:18:00,Pazartesi,2,1,Online Alışveriş,Online,255.47,253.37,0.8,Kayseri,0,2.22,28,0,normal
TXN000261,MUS0481,2024-10-15 20:18:00,Salı,20,0,Ulaşım,Fiziksel Kart,188.77,732.79,-74.2,Gaziantep,0,1.25,22,0,normal
TXN001877,MUS0345,2024-04-05 10:13:00,Cuma,10,0,Döviz,ATM,150.68,375.99,-59.9,Gaziantep,0,0.59,9,0,normal
TXN001876,MUS0599,2024-11-27 23:28:00,Çarşamba,23,1,Uluslararası,Online,2349.58,166.87,1308.0,İzmir,0,5.52,92,1,yuksek_tutar
TXN004964,MUS0030,2024-02-17 00:17:00,Cumartesi,0,1,Market,Temassız,205.68,188.41,9.2,Bursa,0,0.37,12,0,normal
TXN003234,MUS0028,2024-09-15 07:08:00,Pazar,7,0,Elektronik,Online,310.15,251.81,23.2,Adana,0,0.45,7,0,normal
TXN004698,MUS0347,2024-01-10 08:49:00,Çarşamba,8,0,Online Alışveriş,Online,302.02,350.9,-13.9,Bangkok,1,0.98,18,0,normal
TXN004518,MUS0567,2024-10-11 07:01:00,Cuma,7,0,Online Alışveriş,Fiziksel Kart,609.5,380.87,60.0,Samsun,0,0.09,7,0,normal
TXN004654,MUS0111,2024-06-08 20:37:00,Cumartesi,20,0,Ulaşım,Temassız,106.21,254.74,-58.3,Konya,0,0.52,13,0,normal
TXN000349,MUS0301,2024-02-05 20:28:00,Pazartesi,20,0,Uluslararası,Online,467.5,372.69,25.4,İstanbul,0,2.22,19,0,normal
TXN001348,MUS0788,2024-06-02 17:00:00,Pazar,17,0,Market,Temassız,156.18,140.14,11.4,Kayseri,0,0.2,1,0,normal
TXN004001,MUS0296,2024-01-07 07:21:00,Pazar,7,0,Döviz,Online,87.31,139.45,-37.4,Antalya,0,0.93,5,0,normal
TXN004803,MUS0182,2024-01-09 01:26:00,Salı,1,1,Eğlence,Temassız,610.73,430.34,41.9,Mersin,0,0.31,0,0,normal
TXN000451,MUS0425,2024-02-13 05:32:00,Salı,5,1,Ulaşım,Fiziksel Kart,495.88,601.63,-17.6,Samsun,0,1.43,21,0,normal
TXN004887,MUS0715,2024-01-19 12:07:00,Cuma,12,0,Giyim,Telefon,933.03,725.26,28.6,İstanbul,0,0.88,4,0,normal
TXN002417,MUS0769,2024-12-23 02:45:00,Pazartesi,2,1,Market,Fiziksel Kart,383.66,314.58,22.0,New York,1,0.92,14,0,normal
TXN002300,MUS0401,2024-05-06 23:33:00,Pazartesi,23,1,Giyim,Online,1533.88,731.59,109.7,Mersin,0,0.46,1,0,normal
TXN002179,MUS0580,2024-01-20 18:45:00,Cumartesi,18,0,Döviz,Temassız,167.43,209.85,-20.2,İstanbul,0,1.59,23,0,normal
TXN000515,MUS0516,2024-04-02 09:39:00,Salı,9,0,ATM Nakit,Online,436.2,610.16,-28.5,Ankara,0,0.38,11,0,normal
TXN004977,MUS0709,2024-06-14 17:39:00,Cuma,17,0,Online Alışveriş,Temassız,542.64,514.0,5.6,Mersin,0,0.97,8,0,normal
TXN004892,MUS0666,2024-08-01 14:36:00,Perşembe,14,0,Döviz,Fiziksel Kart,749.18,520.88,43.8,Gaziantep,0,0.12,0,0,normal
TXN001160,MUS0213,2024-03-23 22:26:00,Cumartesi,22,0,Uluslararası,Temassız,326.25,477.78,-31.7,İstanbul,0,1.75,27,0,normal
TXN003243,MUS0654,2024-05-04 18:52:00,Cumartesi,18,0,Elektronik,Temassız,1224.91,741.62,65.2,Ankara,0,0.55,7,0,normal
TXN000645,MUS0738,2024-11-27 13:39:00,Çarşamba,13,0,Giyim,Online,276.32,458.21,-39.7,Gaziantep,0,1.2,19,0,normal
TXN002538,MUS0091,2024-06-16 01:53:00,Pazar,1,1,Giyim,Online,272.69,204.48,33.4,Ankara,0,2.41,30,0,normal
TXN000920,MUS0464,2024-12-26 11:18:00,Perşembe,11,0,Giyim,Temassız,715.79,484.15,47.8,Dubai,1,0.52,9,0,normal
TXN002696,MUS0672,2024-03-18 04:33:00,Pazartesi,4,1,Sağlık,Temassız,725.65,701.4,3.5,Mersin,0,0.11,11,0,normal
TXN004897,MUS0252,2024-06-27 11:34:00,Perşembe,11,0,Ulaşım,Fiziksel Kart,473.75,334.51,41.6,Samsun,0,0.38,9,0,normal
TXN001349,MUS0201,2024-09-17 09:47:00,Salı,9,0,Online Alışveriş,Fiziksel Kart,685.04,578.13,18.5,Samsun,0,0.7,12,0,normal
TXN000256,MUS0221,2024-06-26 09:06:00,Çarşamba,9,0,Uluslararası,Online,301.18,214.37,40.5,Samsun,0,0.2,7,0,normal
TXN002329,MUS0315,2024-06-28 20:26:00,Cuma,20,0,Yakıt,Fiziksel Kart,139.42,197.14,-29.3,Eskişehir,0,1.43,19,0,normal
TXN001018,MUS0201,2024-01-03 20:20:00,Çarşamba,20,0,Ulaşım,Fiziksel Kart,580.34,578.13,0.4,Samsun,0,0.69,5,0,normal
TXN002475,MUS0422,2024-03-25 16:41:00,Pazartesi,16,0,Market,Online,165.71,429.73,-61.4,Samsun,0,0.55,6,0,normal
TXN001386,MUS0557,2024-01-21 20:22:00,Pazar,20,0,Online Alışveriş,Fiziksel Kart,5,137.78,-96.4,Samsun,0,0.12,2,0,normal
TXN001184,MUS0399,2024-08-14 19:37:00,Çarşamba,19,0,Sağlık,Temassız,465.98,308.66,51.0,İzmir,0,1.65,26,0,normal
TXN003503,MUS0364,2024-08-30 18:34:00,Cuma,2,1,Online Alışveriş,ATM,1917.23,247.84,673.6,Konya,0,4.27,79,1,gece_islemi
TXN001053,MUS0536,2024-11-07 09:54:00,Perşembe,9,0,ATM Nakit,Online,502.26,511.75,-1.9,Bursa,0,0.82,16,0,normal
TXN003583,MUS0405,2024-02-27 15:29:00,Salı,15,0,Online Alışveriş,Temassız,109.54,97.42,12.4,İzmir,0,0.51,9,0,normal
TXN000850,MUS0468,2024-11-16 11:57:00,Cumartesi,11,0,Yakıt,Fiziksel Kart,627.06,669.46,-6.3,Antalya,0,1.14,13,0,normal
TXN004305,MUS0340,2024-01-09 22:58:00,Salı,3,1,Online Alışveriş,ATM,2572.32,414.2,521.0,İstanbul,0,5.12,85,1,gece_islemi
TXN001689,MUS0076,2024-08-10 17:33:00,Cumartesi,17,0,Market,Online,202.62,743.5,-72.7,Samsun,0,0.87,17,0,normal
TXN001074,MUS0106,2024-06-09 10:58:00,Pazar,10,0,Giyim,Fiziksel Kart,988.67,725.34,36.3,İzmir,0,1.97,25,0,normal
TXN002634,MUS0259,2024-09-09 11:48:00,Pazartesi,11,0,Uluslararası,Temassız,98.61,464.23,-78.8,Bangkok,1,0.52,15,0,normal
TXN000310,MUS0151,2024-10-12 09:56:00,Cumartesi,9,0,Sağlık,Fiziksel Kart,5,200.38,-97.5,İzmir,0,0.35,3,0,normal
TXN000690,MUS0298,2024-07-14 03:45:00,Pazar,3,1,ATM Nakit,Fiziksel Kart,507.61,521.36,-2.6,İzmir,0,0.08,5,0,normal
TXN001875,MUS0117,2024-07-08 18:56:00,Pazartesi,18,0,Online Alışveriş,Online,486.43,297.51,63.5,Eskişehir,0,0.95,15,0,normal
TXN003367,MUS0452,2024-02-11 15:29:00,Pazar,15,0,Eğlence,ATM,139.41,542.01,-74.3,Kayseri,0,0.36,5,0,normal
TXN002063,MUS0729,2024-12-01 21:11:00,Pazar,21,0,Online Alışveriş,Fiziksel Kart,265.14,713.13,-62.8,Mersin,0,0.08,0,0,normal
TXN002857,MUS0070,2024-10-16 21:15:00,Çarşamba,21,0,Restoran,Temassız,164.02,251.82,-34.9,Gaziantep,0,0.04,0,0,normal
TXN002074,MUS0231,2024-08-28 20:19:00,Çarşamba,20,0,Uluslararası,Online,128.16,94.28,35.9,Mersin,0,0.6,3,0,normal
TXN001921,MUS0100,2024-07-16 11:08:00,Salı,11,0,Online Alışveriş,Online,19.2,213.86,-91.0,İstanbul,0,4.61,83,1,kart_test
TXN003032,MUS0658,2024-05-23 20:10:00,Perşembe,20,0,Uluslararası,Temassız,119.17,116.62,2.2,Mersin,0,1.56,17,0,normal
TXN004351,MUS0521,2024-02-13 01:20:00,Salı,1,1,Online Alışveriş,Telefon,340.14,370.34,-8.2,Eskişehir,0,1.6,15,0,normal
TXN000236,MUS0299,2024-04-10 09:40:00,Çarşamba,9,0,ATM Nakit,Fiziksel Kart,300.06,398.01,-24.6,Konya,0,0.23,0,0,normal
TXN003802,MUS0012,2024-07-27 11:05:00,Cumartesi,11,0,Elektronik,ATM,594.36,672.12,-11.6,Adana,0,0.56,14,0,normal
TXN002132,MUS0101,2024-01-19 00:26:00,Cuma,0,1,Online Alışveriş,Temassız,701.71,664.75,5.6,Amsterdam,1,1.01,16,0,normal
TXN004806,MUS0355,2024-07-28 13:02:00,Pazar,13,0,Ulaşım,Fiziksel Kart,177.55,614.64,-71.1,Mersin,0,0.66,16,0,normal
TXN002728,MUS0318,2024-11-03 06:13:00,Pazar,6,0,Giyim,Online,299.69,324.32,-7.6,Eskişehir,0,0.12,2,0,normal
TXN003144,MUS0234,2024-08-10 09:22:00,Cumartesi,9,0,Elektronik,Fiziksel Kart,150.35,114.94,30.8,Bursa,0,0.53,3,0,normal
TXN000556,MUS0379,2024-01-17 02:15:00,Çarşamba,2,1,Online Alışveriş,Online,369.33,271.21,36.2,Ankara,0,0.66,2,0,normal
TXN001545,MUS0292,2024-07-17 13:07:00,Çarşamba,13,0,Eğlence,Temassız,455.97,560.34,-18.6,Gaziantep,0,1.03,16,0,normal
TXN000570,MUS0177,2024-12-17 01:13:00,Salı,1,1,Market,Fiziksel Kart,370.62,680.45,-45.5,Adana,0,0.46,9,0,normal
TXN000031,MUS0691,2024-04-28 02:25:00,Pazar,2,1,Ulaşım,Fiziksel Kart,322.85,797.68,-59.5,Ankara,0,1.22,17,0,normal
TXN002494,MUS0178,2024-06-04 20:00:00,Salı,20,0,Eğlence,Fiziksel Kart,822.15,603.91,36.1,Antalya,0,1.2,21,0,normal
TXN002201,MUS0720,2024-07-09 05:32:00,Salı,5,1,Restoran,Temassız,391.16,607.8,-35.6,Gaziantep,0,1.3,14,0,normal
TXN004445,MUS0371,2024-09-16 08:11:00,Pazartesi,8,0,Market,Online,336.42,276.61,21.6,Antalya,0,0.43,12,0,normal
TXN002309,MUS0759,2024-08-16 18:34:00,Cuma,18,0,Ulaşım,Fiziksel Kart,720.61,701.41,2.7,Konya,0,1.3,10,0,normal
TXN001019,MUS0331,2024-03-31 15:55:00,Pazar,15,0,Elektronik,ATM,671.05,578.69,16.0,Konya,0,2.19,23,0,normal
TXN001705,MUS0417,2024-06-01 03:21:00,Cumartesi,3,1,Elektronik,Fiziksel Kart,301.64,513.39,-41.2,Gaziantep,0,0.31,0,0,normal
TXN002697,MUS0354,2024-04-16 17:35:00,Salı,17,0,Ulaşım,Fiziksel Kart,236.31,176.57,33.8,Mersin,0,0.59,7,0,normal
TXN001788,MUS0386,2024-12-14 07:15:00,Cumartesi,7,0,Uluslararası,Temassız,700.95,568.59,23.3,Adana,0,0.34,7,0,normal
TXN000877,MUS0524,2024-07-08 16:25:00,Pazartesi,16,0,Uluslararası,Fiziksel Kart,1105.33,746.07,48.2,Antalya,0,0.46,5,0,normal
TXN000863,MUS0395,2024-01-24 16:43:00,Çarşamba,16,0,Online Alışveriş,Online,545.44,480.86,13.4,Eskişehir,0,0.91,11,0,normal
TXN001441,MUS0258,2024-10-18 00:00:00,Cuma,0,1,Market,Online,477.49,560.55,-14.8,Antalya,0,0.02,0,0,normal
TXN001066,MUS0736,2024-07-25 08:28:00,Perşembe,8,0,Sağlık,Online,51.1,145.95,-65.0,Adana,0,0.17,0,0,normal
TXN003613,MUS0497,2024-12-03 06:12:00,Salı,6,0,Elektronik,Temassız,32.72,124.6,-73.7,İstanbul,0,1.84,19,0,normal
TXN003499,MUS0649,2024-08-29 03:55:00,Perşembe,3,1,Giyim,Online,232.12,574.81,-59.6,İstanbul,0,0.68,9,0,normal
TXN002751,MUS0565,2024-10-30 18:50:00,Çarşamba,0,1,Online Alışveriş,Online,457.25,92.17,396.1,Kayseri,0,4.75,82,1,gece_islemi
TXN002171,MUS0608,2024-11-10 08:25:00,Pazar,8,0,Restoran,Fiziksel Kart,165.14,176.95,-6.7,Ankara,0,0.02,10,0,normal
TXN004740,MUS0751,2024-07-07 06:18:00,Pazar,6,0,Yakıt,Online,1108.7,628.43,76.4,Antalya,0,1.1,17,0,normal
TXN003420,MUS0153,2024-10-21 18:41:00,Pazartesi,18,0,Ulaşım,Online,225.84,229.88,-1.8,Ankara,0,0.41,11,0,normal
TXN001130,MUS0265,2024-10-17 23:04:00,Perşembe,23,1,Market,Fiziksel Kart,110.5,260.92,-57.6,Ankara,0,0.77,10,0,normal
TXN001006,MUS0320,2024-11-07 15:33:00,Perşembe,15,0,Elektronik,Temassız,383.45,394.18,-2.7,Ankara,0,0.15,9,0,normal
TXN003301,MUS0306,2024-11-20 08:06:00,Çarşamba,8,0,ATM Nakit,Online,55.43,87.11,-36.4,Konya,0,1.46,22,0,normal
TXN002672,MUS0677,2024-10-27 01:31:00,Pazar,1,1,Eğlence,Telefon,727.02,704.79,3.2,Konya,0,0.11,4,0,normal
TXN001801,MUS0006,2024-05-12 14:28:00,Pazar,14,0,Online Alışveriş,Fiziksel Kart,185.18,99.17,86.7,Bursa,0,0.26,0,0,normal
TXN003648,MUS0386,2024-10-27 06:23:00,Pazar,6,0,Yakıt,Fiziksel Kart,1015.06,568.59,78.5,Adana,0,0.4,10,0,normal
TXN001096,MUS0027,2024-04-13 12:10:00,Cumartesi,12,0,ATM Nakit,Fiziksel Kart,124.79,182.45,-31.6,İzmir,0,0.92,6,0,normal
TXN000889,MUS0120,2024-03-11 22:44:00,Pazartesi,22,0,Restoran,Fiziksel Kart,92.45,144.37,-36.0,Gaziantep,0,1.23,20,0,normal
TXN002563,MUS0026,2024-10-02 04:40:00,Çarşamba,4,1,Sağlık,Online,197.09,266.09,-25.9,İstanbul,0,0.51,14,0,normal
TXN000180,MUS0642,2024-10-24 19:09:00,Perşembe,19,0,Yakıt,ATM,358.63,302.61,18.5,İstanbul,0,0.09,2,0,normal
TXN003524,MUS0663,2024-09-05 16:02:00,Perşembe,16,0,Giyim,Online,743.64,710.91,4.6,Kayseri,0,0.41,0,0,normal
TXN002327,MUS0243,2024-01-17 03:49:00,Çarşamba,3,1,Market,Online,2.18,93.38,-97.7,Samsun,0,4.99,85,1,kart_test
TXN004911,MUS0020,2024-12-12 13:54:00,Perşembe,13,0,ATM Nakit,Online,59.17,80.24,-26.3,Samsun,0,1.39,15,0,normal
TXN001854,MUS0796,2024-09-14 03:14:00,Cumartesi,3,1,Giyim,Online,554.73,296.48,87.1,Mersin,0,1.46,15,0,normal
TXN001005,MUS0094,2024-09-30 12:53:00,Pazartesi,12,0,Eğlence,Fiziksel Kart,1982.72,574.72,245.0,Bursa,0,1.62,70,1,farkli_sehir
TXN001604,MUS0571,2024-11-01 23:39:00,Cuma,23,1,Ulaşım,Fiziksel Kart,206.92,278.68,-25.7,Konya,0,0.43,9,0,normal
TXN002098,MUS0660,2024-10-21 17:53:00,Pazartesi,17,0,Sağlık,Fiziksel Kart,517.92,352.16,47.1,Kayseri,0,1.51,19,0,normal
TXN001693,MUS0372,2024-02-25 00:43:00,Pazar,0,1,Restoran,Online,190.96,332.8,-42.6,İstanbul,0,0.21,0,0,normal
TXN002169,MUS0648,2024-01-03 20:31:00,Çarşamba,20,0,Market,Telefon,183.28,129.1,42.0,İzmir,0,0.23,0,0,normal
TXN004965,MUS0091,2024-07-12 06:28:00,Cuma,6,0,Elektronik,Online,269.12,204.48,31.6,Ankara,0,0.59,5,0,normal
TXN004566,MUS0649,2024-07-25 04:58:00,Perşembe,4,1,Sağlık,Online,891.32,574.81,55.1,İstanbul,0,0.06,1,0,normal
TXN003887,MUS0244,2024-03-06 21:05:00,Çarşamba,21,0,Ulaşım,ATM,1056.34,507.65,108.1,Eskişehir,0,0.23,0,0,normal
TXN003083,MUS0349,2024-12-23 12:26:00,Pazartesi,12,0,Yakıt,Fiziksel Kart,121.0,112.11,7.9,Samsun,0,0.62,14,0,normal
TXN002094,MUS0335,2024-06-24 20:34:00,Pazartesi,20,0,Eğlence,Online,504.39,489.35,3.1,Kayseri,0,0.15,7,0,normal
TXN003395,MUS0453,2024-05-12 10:50:00,Pazar,10,0,Market,Fiziksel Kart,1001.28,799.94,25.2,Bursa,0,0.71,3,0,normal
TXN001168,MUS0338,2024-01-17 19:14:00,Çarşamba,19,0,Uluslararası,Fiziksel Kart,141.12,137.01,3.0,Gaziantep,0,0.72,11,0,normal
TXN004009,MUS0710,2024-02-14 12:39:00,Çarşamba,12,0,Uluslararası,Online,7935.05,365.23,2072.6,Adana,0,5.05,82,1,yuksek_tutar
TXN001346,MUS0311,2024-03-01 07:52:00,Cuma,7,0,Sağlık,Fiziksel Kart,1389.78,797.77,74.2,Mersin,0,0.4,6,0,normal
TXN004370,MUS0633,2024-11-10 15:55:00,Pazar,15,0,Döviz,Telefon,65.3,95.56,-31.7,Samsun,0,1.52,25,0,normal
TXN000917,MUS0125,2024-06-05 12:47:00,Çarşamba,12,0,Ulaşım,Fiziksel Kart,132.3,183.8,-28.0,İstanbul,0,1.13,8,0,normal
TXN001819,MUS0126,2024-10-14 18:16:00,Pazartesi,18,0,Yakıt,Online,566.2,587.16,-3.6,Mersin,0,0.52,2,0,normal
TXN003280,MUS0783,2024-09-22 13:08:00,Pazar,13,0,Market,Fiziksel Kart,161.12,374.68,-57.0,Adana,0,0.29,0,0,normal
TXN001133,MUS0332,2024-07-18 07:17:00,Perşembe,7,0,Online Alışveriş,Fiziksel Kart,992.17,791.81,25.3,Adana,0,0.84,13,0,normal
TXN000098,MUS0685,2024-04-30 19:34:00,Salı,1,1,Online Alışveriş,ATM,2705.84,292.85,824.0,İstanbul,0,3.53,81,1,gece_islemi
TXN002348,MUS0417,2024-04-28 17:13:00,Pazar,17,0,Eğlence,Online,873.76,513.39,70.2,Gaziantep,0,0.28,0,0,normal
TXN004124,MUS0011,2024-08-14 05:20:00,Çarşamba,5,1,Elektronik,Fiziksel Kart,11130.69,665.11,1573.5,Mersin,0,3.04,74,1,yuksek_tutar
TXN003955,MUS0135,2024-12-11 13:11:00,Çarşamba,13,0,Elektronik,Fiziksel Kart,569.06,610.35,-6.8,Bursa,0,1.55,17,0,normal
TXN001334,MUS0319,2024-11-09 18:01:00,Cumartesi,18,0,Ulaşım,Fiziksel Kart,511.06,404.81,26.2,Antalya,0,0.51,10,0,normal
TXN003136,MUS0536,2024-07-28 19:03:00,Pazar,19,0,Elektronik,Fiziksel Kart,701.11,511.75,37.0,Bursa,0,0.86,5,0,normal
TXN003273,MUS0683,2024-09-16 15:11:00,Pazartesi,15,0,Sağlık,Online,324.81,377.95,-14.1,Gaziantep,0,0.38,8,0,normal
TXN002093,MUS0103,2024-12-16 16:24:00,Pazartesi,4,1,Online Alışveriş,ATM,1849.86,210.47,778.9,Konya,0,5.31,83,1,gece_islemi
TXN004364,MUS0246,2024-06-29 09:05:00,Cumartesi,9,0,Ulaşım,Online,161.96,620.91,-73.9,Antalya,0,0.68,4,0,normal
TXN000951,MUS0041,2024-07-05 09:00:00,Cuma,9,0,Yakıt,ATM,220.6,549.04,-59.8,Samsun,0,1.15,10,0,normal
TXN004081,MUS0252,2024-08-13 03:27:00,Salı,3,1,Yakıt,ATM,233.66,334.51,-30.1,Samsun,0,0.51,15,0,normal
TXN000348,MUS0135,2024-03-24 15:19:00,Pazar,15,0,Elektronik,Online,531.13,610.35,-13.0,Bursa,0,0.85,16,0,normal
TXN002177,MUS0086,2024-09-29 04:18:00,Pazar,4,1,Uluslararası,Fiziksel Kart,9650.74,560.34,1622.3,Ankara,0,4.58,81,1,yuksek_tutar
TXN004627,MUS0793,2024-05-26 05:56:00,Pazar,5,1,Sağlık,Telefon,201.56,369.98,-45.5,İzmir,0,0.37,7,0,normal
TXN003322,MUS0583,2024-11-16 15:56:00,Cumartesi,15,0,Ulaşım,Telefon,1020.59,682.61,49.5,Samsun,0,0.83,7,0,normal
TXN001183,MUS0738,2024-02-29 06:56:00,Perşembe,6,0,Giyim,Online,668.99,458.21,46.0,Gaziantep,0,0.48,2,0,normal
TXN002311,MUS0799,2024-01-20 08:37:00,Cumartesi,8,0,Elektronik,Online,504.36,566.79,-11.0,Bursa,0,0.04,0,0,normal
TXN001415,MUS0399,2024-07-08 18:18:00,Pazartesi,18,0,Giyim,Online,245.3,308.66,-20.5,İzmir,0,1.3,15,0,normal
TXN001910,MUS0278,2024-06-29 05:15:00,Cumartesi,5,1,Giyim,Fiziksel Kart,677.28,567.32,19.4,Samsun,0,1.68,18,0,normal
TXN002350,MUS0008,2024-08-16 18:51:00,Cuma,18,0,Market,Temassız,274.91,159.76,72.1,Bursa,0,1.72,20,0,normal
TXN003459,MUS0340,2024-08-14 21:18:00,Çarşamba,21,0,Yakıt,Online,339.78,414.2,-18.0,İstanbul,0,1.18,14,0,normal
TXN000234,MUS0309,2024-10-29 17:18:00,Salı,17,0,Sağlık,Online,985.13,666.02,47.9,Adana,0,0.74,13,0,normal
TXN000383,MUS0605,2024-10-14 19:17:00,Pazartesi,19,0,Ulaşım,Online,352.45,296.57,18.8,Adana,0,0.58,2,0,normal
TXN000393,MUS0639,2024-08-22 13:18:00,Perşembe,13,0,Ulaşım,Fiziksel Kart,545.34,526.56,3.6,İzmir,0,0.75,14,0,normal
TXN001148,MUS0624,2024-10-19 15:24:00,Cumartesi,15,0,Market,Online,236.25,473.95,-50.2,Bursa,0,0.42,6,0,normal
TXN004796,MUS0388,2024-03-22 16:31:00,Cuma,16,0,Uluslararası,Online,666.93,693.28,-3.8,Gaziantep,0,1.45,10,0,normal
TXN002810,MUS0394,2024-08-01 09:04:00,Perşembe,9,0,Elektronik,Fiziksel Kart,817.17,593.96,37.6,Kayseri,0,1.34,20,0,normal
TXN003131,MUS0579,2024-04-06 18:41:00,Cumartesi,18,0,Eğlence,Fiziksel Kart,831.48,782.63,6.2,Konya,0,0.85,10,0,normal
TXN000071,MUS0733,2024-08-05 01:55:00,Pazartesi,1,1,Elektronik,Online,438.34,470.73,-6.9,İzmir,0,0.19,5,0,normal
TXN004312,MUS0351,2024-05-23 16:01:00,Perşembe,16,0,Market,ATM,529.02,431.24,22.7,Eskişehir,0,0.37,9,0,normal
TXN002965,MUS0155,2024-10-13 06:52:00,Pazar,6,0,Online Alışveriş,Online,201.29,167.07,20.5,İstanbul,0,1.04,11,0,normal
TXN004659,MUS0685,2024-06-18 21:23:00,Salı,21,0,Giyim,Temassız,273.11,292.85,-6.7,İstanbul,0,0.41,4,0,normal
TXN003866,MUS0600,2024-05-12 00:26:00,Pazar,0,1,Ulaşım,Online,982.04,430.97,127.9,İzmir,0,0.1,6,0,normal
TXN004976,MUS0068,2024-08-04 10:44:00,Pazar,10,0,Market,Online,445.28,250.55,77.7,Ankara,0,0.15,5,0,normal
TXN002925,MUS0233,2024-02-07 02:32:00,Çarşamba,2,1,Eğlence,Telefon,723.89,767.72,-5.7,İzmir,0,0.23,1,0,normal
TXN002224,MUS0606,2024-12-20 21:24:00,Cuma,21,0,Elektronik,ATM,328.18,297.79,10.2,Kayseri,0,0.23,8,0,normal
TXN003703,MUS0771,2024-03-26 18:19:00,Salı,18,0,Uluslararası,Online,132.07,92.74,42.4,Ankara,0,1.19,17,0,normal
TXN000686,MUS0509,2024-08-31 21:35:00,Cumartesi,21,0,Restoran,Temassız,1289.1,783.18,64.6,İzmir,0,0.01,0,0,normal
TXN003327,MUS0797,2024-03-21 16:51:00,Perşembe,16,0,Restoran,Fiziksel Kart,181.26,134.36,34.9,Roma,1,0.94,18,0,normal
TXN001954,MUS0587,2024-02-02 23:33:00,Cuma,23,1,Döviz,Fiziksel Kart,854.17,617.7,38.3,Konya,0,0.43,0,0,normal
TXN002921,MUS0362,2024-09-19 21:53:00,Perşembe,21,0,Uluslararası,Fiziksel Kart,403.84,392.31,2.9,Samsun,0,0.79,16,0,normal
TXN002203,MUS0436,2024-11-26 06:10:00,Salı,6,0,Döviz,Fiziksel Kart,244.71,391.22,-37.4,İstanbul,0,0.56,6,0,normal
TXN000060,MUS0657,2024-01-28 08:29:00,Pazar,8,0,Yakıt,Fiziksel Kart,408.46,264.64,54.3,Bursa,0,0.13,0,0,normal
TXN002730,MUS0342,2024-09-10 03:43:00,Salı,3,1,Restoran,ATM,871.96,781.55,11.6,Mersin,0,0.31,3,0,normal
TXN000466,MUS0201,2024-08-30 08:47:00,Cuma,8,0,Yakıt,Temassız,989.34,578.13,71.1,Samsun,0,1.02,10,0,normal
TXN004657,MUS0221,2024-03-01 23:32:00,Cuma,23,1,Ulaşım,Fiziksel Kart,225.77,214.37,5.3,Samsun,0,0.05,0,0,normal
TXN001663,MUS0618,2024-11-12 15:50:00,Salı,15,0,Sağlık,Online,423.35,288.77,46.6,İzmir,0,0.74,6,0,normal
TXN000096,MUS0504,2024-11-07 12:17:00,Perşembe,12,0,Ulaşım,Fiziksel Kart,586.73,722.06,-18.7,İzmir,0,0.15,1,0,normal
TXN003860,MUS0431,2024-09-02 09:00:00,Pazartesi,9,0,Uluslararası,Temassız,165.22,196.45,-15.9,Adana,0,0.87,4,0,normal
TXN000743,MUS0770,2024-08-12 22:32:00,Pazartesi,22,0,Uluslararası,Online,786.43,783.88,0.3,İstanbul,0,0.02,10,0,normal
TXN002420,MUS0309,2024-04-15 22:03:00,Pazartesi,2,1,Döviz,ATM,5666.44,666.02,750.8,Samsun,0,5.69,87,1,gece_islemi
TXN004165,MUS0466,2024-08-03 03:12:00,Cumartesi,3,1,Market,Fiziksel Kart,123.55,134.94,-8.4,Konya,0,0.7,3,0,normal
TXN002468,MUS0043,2024-10-08 22:35:00,Salı,22,0,Yakıt,Temassız,330.0,522.25,-36.8,Adana,0,0.86,14,0,normal
TXN003992,MUS0100,2024-03-29 20:38:00,Cuma,20,0,Elektronik,Online,204.42,213.86,-4.4,İstanbul,0,0.89,15,0,normal
TXN003939,MUS0768,2024-10-30 11:30:00,Çarşamba,11,0,Yakıt,Online,660.78,488.79,35.2,İzmir,0,0.08,7,0,normal
TXN000505,MUS0669,2024-10-02 14:48:00,Çarşamba,14,0,Elektronik,Online,267.31,505.13,-47.1,Konya,0,0.17,8,0,normal
TXN003826,MUS0305,2024-11-01 22:21:00,Cuma,4,1,Online Alışveriş,Online,2151.36,237.6,805.5,Gaziantep,0,2.88,70,1,gece_islemi
TXN002862,MUS0639,2024-03-25 17:12:00,Pazartesi,17,0,Ulaşım,Fiziksel Kart,472.02,526.56,-10.4,İzmir,0,0.44,1,0,normal
TXN003624,MUS0477,2024-04-08 08:29:00,Pazartesi,8,0,Uluslararası,Fiziksel Kart,880.58,662.24,33.0,Eskişehir,0,0.08,0,0,normal
TXN004472,MUS0121,2024-03-17 04:00:00,Pazar,4,1,Restoran,Temassız,964.62,665.6,44.9,Bangkok,1,1.45,12,0,normal
TXN001912,MUS0670,2024-12-19 19:08:00,Perşembe,19,0,Eğlence,Fiziksel Kart,330.67,316.63,4.4,Konya,0,0.09,0,0,normal
TXN001463,MUS0163,2024-06-11 05:16:00,Salı,5,1,Sağlık,Online,230.67,264.6,-12.8,İzmir,0,0.12,7,0,normal
TXN001908,MUS0218,2024-03-12 12:14:00,Salı,12,0,Yakıt,Online,204.74,293.9,-30.3,İstanbul,0,0.02,10,0,normal
TXN002095,MUS0011,2024-12-16 09:41:00,Pazartesi,9,0,Yakıt,Online,490.09,665.11,-26.3,Mersin,0,0.59,10,0,normal
TXN004550,MUS0662,2024-12-27 08:35:00,Cuma,8,0,Market,Online,305.58,348.13,-12.2,Samsun,0,0.96,16,0,normal
TXN000640,MUS0166,2024-08-06 12:59:00,Salı,12,0,Yakıt,Fiziksel Kart,234.68,368.91,-36.4,Samsun,0,0.89,14,0,normal
TXN001020,MUS0773,2024-07-31 15:20:00,Çarşamba,15,0,Online Alışveriş,Fiziksel Kart,355.58,425.78,-16.5,Eskişehir,0,0.66,3,0,normal
TXN000998,MUS0742,2024-05-19 05:21:00,Pazar,5,1,ATM Nakit,Fiziksel Kart,1073.23,784.53,36.8,Samsun,0,0.32,2,0,normal
TXN002520,MUS0224,2024-05-23 17:03:00,Perşembe,17,0,Giyim,Fiziksel Kart,2085.21,619.08,236.8,Samsun,0,5.72,89,1,farkli_sehir
TXN001241,MUS0248,2024-03-13 23:39:00,Çarşamba,23,1,Market,Temassız,414.18,326.91,26.7,Samsun,0,0.14,2,0,normal
TXN004037,MUS0133,2024-11-29 14:24:00,Cuma,14,0,Restoran,Temassız,5,259.77,-98.1,Gaziantep,0,0.04,6,0,normal
TXN001706,MUS0674,2024-08-09 06:52:00,Cuma,1,1,Online Alışveriş,Online,1817.11,253.37,617.2,Kayseri,0,2.86,73,1,gece_islemi
TXN004889,MUS0283,2024-08-19 20:01:00,Pazartesi,20,0,Market,Fiziksel Kart,345.68,521.62,-33.7,Bursa,0,0.33,10,0,normal
TXN003190,MUS0275,2024-07-11 23:31:00,Perşembe,23,1,Giyim,Fiziksel Kart,95.2,523.25,-81.8,Eskişehir,0,1.22,10,0,normal
TXN000814,MUS0211,2024-09-17 21:25:00,Salı,21,0,Sağlık,Online,236.81,430.8,-45.0,Samsun,0,1.74,18,0,normal
TXN002731,MUS0011,2024-11-23 06:16:00,Cumartesi,6,0,Döviz,Fiziksel Kart,682.49,665.11,2.6,Mersin,0,0.82,12,0,normal
TXN002616,MUS0715,2024-08-30 03:03:00,Cuma,3,1,Döviz,Online,966.2,725.26,33.2,İstanbul,0,0.83,14,0,normal
TXN003574,MUS0118,2024-12-19 08:28:00,Perşembe,8,0,Eğlence,Temassız,127.66,334.75,-61.9,Ankara,0,0.19,0,0,normal
TXN002893,MUS0072,2024-04-04 10:19:00,Perşembe,10,0,Uluslararası,Fiziksel Kart,98.03,112.37,-12.8,Ankara,0,0.22,9,0,normal
TXN000616,MUS0298,2024-01-21 19:28:00,Pazar,19,0,Döviz,Fiziksel Kart,317.74,521.36,-39.1,İzmir,0,1.05,13,0,normal
TXN003232,MUS0402,2024-03-15 09:41:00,Cuma,9,0,Market,Online,1167.79,736.47,58.6,Mersin,0,0.14,9,0,normal
TXN000856,MUS0009,2024-02-10 16:23:00,Cumartesi,16,0,Eğlence,Online,278.06,163.57,70.0,İzmir,0,0.2,5,0,normal
TXN003915,MUS0254,2024-07-18 07:04:00,Perşembe,7,0,Döviz,Fiziksel Kart,908.86,716.95,26.8,Samsun,0,1.57,11,0,normal
TXN003086,MUS0577,2024-10-08 16:44:00,Salı,16,0,Uluslararası,Fiziksel Kart,181.9,181.02,0.5,Moskova,1,0.6,13,0,normal
TXN001841,MUS0616,2024-08-24 07:38:00,Cumartesi,7,0,Yakıt,Fiziksel Kart,352.58,490.4,-28.1,Adana,0,0.47,14,0,normal
TXN000108,MUS0521,2024-05-15 01:48:00,Çarşamba,1,1,Online Alışveriş,Online,489.41,370.34,32.2,Eskişehir,0,2.56,26,0,normal
TXN001825,MUS0504,2024-05-20 19:39:00,Pazartesi,19,0,Uluslararası,Telefon,366.72,722.06,-49.2,İzmir,0,0.41,8,0,normal
TXN004453,MUS0628,2024-05-10 00:43:00,Cuma,0,1,Elektronik,Fiziksel Kart,690.34,656.98,5.1,İzmir,0,2.65,24,0,normal
TXN000496,MUS0463,2024-04-18 00:53:00,Perşembe,0,1,ATM Nakit,Fiziksel Kart,314.15,195.33,60.8,İstanbul,0,1.4,12,0,normal
TXN002478,MUS0626,2024-07-02 21:18:00,Salı,21,0,ATM Nakit,ATM,1120.19,684.1,63.7,Antalya,0,0.01,0,0,normal
TXN004356,MUS0537,2024-07-18 03:41:00,Perşembe,3,1,Restoran,Online,485.91,664.98,-26.9,Bursa,0,0.53,3,0,normal
TXN003457,MUS0631,2024-04-22 15:37:00,Pazartesi,15,0,Döviz,Fiziksel Kart,611.25,791.56,-22.8,Adana,0,1.88,18,0,normal
TXN004225,MUS0055,2024-08-14 01:45:00,Çarşamba,1,1,Online Alışveriş,Fiziksel Kart,567.09,741.95,-23.6,Kayseri,0,0.0,0,0,normal
TXN004588,MUS0730,2024-10-24 07:03:00,Perşembe,7,0,Ulaşım,Fiziksel Kart,334.74,528.56,-36.7,Konya,0,1.59,23,0,normal
TXN002883,MUS0254,2024-02-22 18:26:00,Perşembe,18,0,Uluslararası,Fiziksel Kart,327.7,716.95,-54.3,Samsun,0,0.72,7,0,normal
TXN001814,MUS0093,2024-08-20 12:44:00,Salı,12,0,Market,ATM,258.7,267.81,-3.4,Tokyo,1,0.41,0,0,normal
TXN003642,MUS0708,2024-02-23 10:45:00,Cuma,10,0,Uluslararası,Temassız,77.99,171.18,-54.4,Ankara,0,0.47,6,0,normal
TXN000621,MUS0074,2024-10-07 11:18:00,Pazartesi,11,0,Restoran,Temassız,77.94,96.74,-19.4,Dubai,1,0.62,7,0,normal
TXN002481,MUS0774,2024-08-06 12:53:00,Salı,12,0,Uluslararası,Online,390.89,547.1,-28.6,Gaziantep,0,1.57,10,0,normal
TXN001362,MUS0288,2024-12-19 03:10:00,Perşembe,3,1,Ulaşım,ATM,571.74,533.4,7.2,Gaziantep,0,0.83,8,0,normal
TXN002665,MUS0652,2024-12-20 15:57:00,Cuma,3,1,ATM Nakit,ATM,1947.32,255.88,661.0,Kayseri,0,9.19,100,1,gece_islemi
TXN001290,MUS0640,2024-02-01 00:28:00,Perşembe,0,1,Giyim,Fiziksel Kart,1591.29,427.9,271.9,Bursa,0,3.51,76,1,farkli_sehir
TXN003094,MUS0424,2024-08-21 09:23:00,Çarşamba,9,0,ATM Nakit,Fiziksel Kart,126.36,365.52,-65.4,Gaziantep,0,2.25,21,0,normal
TXN002284,MUS0737,2024-09-20 07:24:00,Cuma,7,0,Online Alışveriş,Fiziksel Kart,764.3,515.52,48.3,Eskişehir,0,0.99,9,0,normal
TXN004528,MUS0320,2024-10-11 07:08:00,Cuma,7,0,Elektronik,Temassız,477.19,394.18,21.1,Ankara,0,0.86,12,0,normal
TXN004374,MUS0437,2024-05-25 15:41:00,Cumartesi,15,0,Döviz,Fiziksel Kart,463.46,605.89,-23.5,Ankara,0,0.03,0,0,normal
TXN002217,MUS0450,2024-06-16 23:52:00,Pazar,23,1,ATM Nakit,Online,492.56,648.42,-24.0,Mersin,0,0.24,11,0,normal
TXN003928,MUS0326,2024-06-20 14:47:00,Perşembe,14,0,Market,Online,21.31,394.48,-94.6,Mersin,0,5.69,92,1,kart_test
TXN000763,MUS0277,2024-01-22 20:16:00,Pazartesi,20,0,Eğlence,ATM,542.08,396.84,36.6,Eskişehir,0,0.65,12,0,normal
TXN001304,MUS0350,2024-03-23 12:44:00,Cumartesi,12,0,Yakıt,Online,675.78,611.5,10.5,Bursa,0,0.02,0,0,normal
TXN002875,MUS0680,2024-01-17 00:55:00,Çarşamba,0,1,Elektronik,Online,4423.25,438.47,908.8,Bursa,0,4.32,82,1,yuksek_tutar
TXN002146,MUS0184,2024-02-04 04:19:00,Pazar,4,1,Giyim,ATM,315.08,391.84,-19.6,Gaziantep,0,0.2,8,0,normal
TXN001951,MUS0491,2024-05-21 19:16:00,Salı,19,0,ATM Nakit,Temassız,255.98,527.91,-51.5,Gaziantep,0,0.7,10,0,normal
TXN003408,MUS0710,2024-10-06 02:11:00,Pazar,2,1,Online Alışveriş,Online,378.44,365.23,3.6,Adana,0,0.85,6,0,normal
TXN004608,MUS0409,2024-07-04 06:30:00,Perşembe,6,0,Market,Fiziksel Kart,88.75,135.29,-34.4,Eskişehir,0,0.45,7,0,normal
TXN003303,MUS0002,2024-11-02 02:02:00,Cumartesi,2,1,Elektronik,Fiziksel Kart,338.63,347.31,-2.5,Gaziantep,0,0.89,15,0,normal
TXN002812,MUS0102,2024-09-06 17:52:00,Cuma,17,0,Yakıt,ATM,599.29,743.17,-19.4,Adana,0,1.16,16,0,normal
TXN001792,MUS0654,2024-09-20 07:36:00,Cuma,7,0,Sağlık,Fiziksel Kart,578.07,741.62,-22.1,Ankara,0,0.15,11,0,normal
TXN000691,MUS0687,2024-01-22 19:39:00,Pazartesi,19,0,Online Alışveriş,Online,334.48,358.54,-6.7,Ankara,0,0.24,12,0,normal
TXN001114,MUS0691,2024-01-15 20:36:00,Pazartesi,20,0,ATM Nakit,Online,362.29,797.68,-54.6,Ankara,0,1.04,9,0,normal
TXN004926,MUS0592,2024-03-11 01:57:00,Pazartesi,1,1,Ulaşım,Fiziksel Kart,1102.06,722.24,52.6,Ankara,0,0.94,14,0,normal
TXN001069,MUS0154,2024-07-14 12:58:00,Pazar,12,0,Elektronik,Temassız,130.66,182.54,-28.4,Ankara,0,0.83,13,0,normal
TXN000449,MUS0634,2024-07-04 05:52:00,Perşembe,5,1,Uluslararası,Temassız,597.65,725.38,-17.6,Samsun,0,0.77,13,0,normal
TXN003917,MUS0639,2024-05-26 21:36:00,Pazar,21,0,Döviz,Fiziksel Kart,735.82,526.56,39.7,İzmir,0,0.11,0,0,normal
TXN002194,MUS0402,2024-05-24 16:07:00,Cuma,16,0,ATM Nakit,Online,900.75,736.47,22.3,Mersin,0,0.37,1,0,normal
TXN002880,MUS0328,2024-05-19 10:09:00,Pazar,10,0,Online Alışveriş,Fiziksel Kart,546.66,562.24,-2.8,İstanbul,0,0.77,17,0,normal
TXN000105,MUS0759,2024-05-07 03:05:00,Salı,3,1,Restoran,Fiziksel Kart,501.75,701.41,-28.5,Konya,0,0.76,12,0,normal
TXN004993,MUS0012,2024-05-25 10:45:00,Cumartesi,10,0,Giyim,Online,245.81,672.12,-63.4,Adana,0,2.93,30,0,normal
TXN003924,MUS0329,2024-03-05 17:34:00,Salı,17,0,Giyim,Fiziksel Kart,456.32,481.54,-5.2,İzmir,0,0.16,9,0,normal
TXN003873,MUS0091,2024-09-19 19:07:00,Perşembe,19,0,Elektronik,Online,162.37,204.48,-20.6,Ankara,0,0.72,4,0,normal
TXN003868,MUS0220,2024-01-19 06:02:00,Cuma,6,0,Restoran,Fiziksel Kart,140.28,260.5,-46.1,Ankara,0,0.14,9,0,normal
TXN003104,MUS0630,2024-06-28 21:29:00,Cuma,21,0,Eğlence,ATM,86.6,102.51,-15.5,Adana,0,1.12,8,0,normal
TXN001986,MUS0637,2024-02-26 15:24:00,Pazartesi,15,0,Döviz,Online,142.71,756.37,-81.1,Bursa,0,0.85,17,0,normal
TXN000528,MUS0680,2024-01-06 01:29:00,Cumartesi,1,1,Market,Online,487.36,438.47,11.2,Bursa,0,1.08,10,0,normal
TXN003634,MUS0158,2024-02-09 21:40:00,Cuma,21,0,Elektronik,Fiziksel Kart,253.82,255.9,-0.8,İzmir,0,0.26,10,0,normal
TXN004272,MUS0462,2024-03-19 19:29:00,Salı,19,0,Sağlık,Temassız,393.53,514.51,-23.5,Eskişehir,0,0.07,8,0,normal
TXN000779,MUS0656,2024-01-30 08:11:00,Salı,8,0,Online Alışveriş,Online,7.27,683.02,-98.9,Gaziantep,0,4.68,80,1,kart_test
TXN003825,MUS0533,2024-05-29 12:52:00,Çarşamba,12,0,Market,Online,484.73,450.68,7.6,Bursa,0,0.53,6,0,normal
TXN003470,MUS0618,2024-09-03 04:20:00,Salı,4,1,Döviz,Online,381.41,288.77,32.1,Antalya,0,0.85,4,0,normal
TXN003428,MUS0492,2024-07-12 05:20:00,Cuma,5,1,Giyim,Fiziksel Kart,375.9,258.21,45.6,İstanbul,0,0.02,0,0,normal
TXN001459,MUS0030,2024-03-15 02:17:00,Cuma,2,1,ATM Nakit,Fiziksel Kart,231.0,188.41,22.6,Bursa,0,0.93,9,0,normal
TXN000138,MUS0482,2024-07-23 14:10:00,Salı,14,0,Online Alışveriş,Online,7.5,233.28,-96.8,Kayseri,0,3.55,74,1,kart_test
TXN000040,MUS0695,2024-08-28 18:11:00,Çarşamba,18,0,Ulaşım,Temassız,356.4,467.16,-23.7,Eskişehir,0,0.81,4,0,normal
TXN001549,MUS0449,2024-11-04 14:02:00,Pazartesi,14,0,Ulaşım,Temassız,93.84,431.62,-78.3,Kayseri,0,0.37,0,0,normal
TXN002924,MUS0638,2024-01-31 07:50:00,Çarşamba,7,0,Döviz,Fiziksel Kart,368.41,445.24,-17.3,Mersin,0,0.63,8,0,normal
TXN003297,MUS0146,2024-07-15 14:24:00,Pazartesi,14,0,Giyim,Fiziksel Kart,194.92,279.19,-30.2,Gaziantep,0,1.0,15,0,normal
TXN004293,MUS0656,2024-11-14 03:23:00,Perşembe,3,1,Online Alışveriş,Temassız,323.42,683.02,-52.6,Gaziantep,0,1.37,15,0,normal
TXN001621,MUS0009,2024-08-15 17:50:00,Perşembe,17,0,Giyim,Online,192.6,163.57,17.7,İzmir,0,0.34,11,0,normal
TXN003196,MUS0149,2024-10-07 20:57:00,Pazartesi,20,0,Sağlık,Fiziksel Kart,801.16,659.44,21.5,Eskişehir,0,0.8,15,0,normal
TXN001723,MUS0434,2024-06-06 08:11:00,Perşembe,8,0,Giyim,Telefon,65.2,111.37,-41.5,İzmir,0,0.28,4,0,normal
TXN000937,MUS0632,2024-04-17 20:19:00,Çarşamba,20,0,Yakıt,Fiziksel Kart,78.62,133.92,-41.3,Gaziantep,0,0.24,10,0,normal
TXN001265,MUS0250,2024-12-19 22:52:00,Perşembe,22,0,ATM Nakit,Fiziksel Kart,137.8,611.1,-77.5,Mersin,0,0.28,0,0,normal
TXN000713,MUS0472,2024-07-05 18:02:00,Cuma,18,0,Uluslararası,Online,1252.6,750.11,67.0,Paris,1,2.98,73,1,yurtdisi_anomali
TXN001810,MUS0764,2024-01-13 02:56:00,Cumartesi,2,1,ATM Nakit,Fiziksel Kart,232.19,383.08,-39.4,Kayseri,0,1.68,25,0,normal
TXN002818,MUS0614,2024-06-15 01:41:00,Cumartesi,1,1,Uluslararası,Fiziksel Kart,193.51,225.75,-14.3,Adana,0,0.56,8,0,normal
TXN003804,MUS0089,2024-01-03 20:42:00,Çarşamba,20,0,Yakıt,Fiziksel Kart,336.16,415.85,-19.2,Mersin,0,0.27,1,0,normal
TXN001872,MUS0138,2024-03-03 08:57:00,Pazar,8,0,Uluslararası,Fiziksel Kart,463.57,253.85,82.6,Antalya,0,0.16,11,0,normal
TXN004840,MUS0391,2024-10-29 21:25:00,Salı,21,0,ATM Nakit,Telefon,376.56,543.98,-30.8,Antalya,0,0.88,13,0,normal
TXN004114,MUS0656,2024-03-31 21:47:00,Pazar,21,0,Ulaşım,Online,936.11,683.02,37.1,Gaziantep,0,0.94,19,0,normal
TXN002989,MUS0490,2024-09-02 03:41:00,Pazartesi,3,1,Restoran,Fiziksel Kart,224.5,701.07,-68.0,Bursa,0,0.41,5,0,normal
TXN002758,MUS0462,2024-01-07 02:30:00,Pazar,2,1,Uluslararası,ATM,402.11,514.51,-21.8,Adana,0,1.11,8,0,normal
TXN004087,MUS0239,2024-01-23 18:20:00,Salı,18,0,Sağlık,Fiziksel Kart,150.31,165.67,-9.3,Bursa,0,0.17,2,0,normal
TXN001520,MUS0492,2024-07-02 06:37:00,Salı,6,0,Sağlık,Online,325.09,258.21,25.9,İstanbul,0,1.15,20,0,normal
TXN001770,MUS0776,2024-09-11 15:17:00,Çarşamba,15,0,Eğlence,Telefon,603.21,570.38,5.8,İzmir,0,0.75,8,0,normal
TXN000013,MUS0194,2024-03-24 16:04:00,Pazar,16,0,Online Alışveriş,Fiziksel Kart,195.37,185.12,5.5,İzmir,0,0.33,2,0,normal
TXN002889,MUS0009,2024-03-02 14:59:00,Cumartesi,14,0,Yakıt,Fiziksel Kart,189.29,163.57,15.7,İzmir,0,0.73,2,0,normal
TXN004166,MUS0059,2024-10-17 09:33:00,Perşembe,9,0,Eğlence,Fiziksel Kart,160.43,161.04,-0.4,Antalya,0,0.6,6,0,normal
TXN003435,MUS0202,2024-06-25 03:11:00,Salı,3,1,Market,Fiziksel Kart,254.63,255.15,-0.2,İzmir,0,0.19,0,0,normal
TXN000437,MUS0207,2024-03-22 19:09:00,Cuma,19,0,Yakıt,Fiziksel Kart,326.71,82.97,293.8,Gaziantep,0,2.16,72,1,farkli_sehir
TXN001351,MUS0684,2024-12-21 16:37:00,Cumartesi,16,0,Elektronik,Fiziksel Kart,281.01,291.78,-3.7,Adana,0,0.9,5,0,normal
TXN001638,MUS0174,2024-06-13 08:49:00,Perşembe,8,0,Döviz,Temassız,156.18,620.27,-74.8,Paris,1,1.31,12,0,normal
TXN001552,MUS0644,2024-03-22 02:49:00,Cuma,2,1,Giyim,Fiziksel Kart,399.55,275.12,45.2,İzmir,0,0.59,14,0,normal
TXN003514,MUS0104,2024-04-03 15:15:00,Çarşamba,15,0,Yakıt,Temassız,315.17,283.63,11.1,Bursa,0,0.56,1,0,normal
TXN000869,MUS0323,2024-10-25 21:55:00,Cuma,21,0,Döviz,Fiziksel Kart,444.7,592.84,-25.0,Eskişehir,0,0.85,3,0,normal
TXN000957,MUS0120,2024-11-07 06:28:00,Perşembe,6,0,Döviz,Temassız,158.99,144.37,10.1,Gaziantep,0,1.35,17,0,normal
TXN003844,MUS0672,2024-05-15 00:03:00,Çarşamba,0,1,ATM Nakit,Fiziksel Kart,827.32,701.4,18.0,Mersin,0,1.24,10,0,normal
TXN002153,MUS0676,2024-07-24 00:26:00,Çarşamba,0,1,ATM Nakit,Temassız,36.95,88.23,-58.1,Bursa,0,1.56,25,0,normal
TXN003313,MUS0099,2024-12-07 16:02:00,Cumartesi,16,0,Yakıt,Online,193.68,166.34,16.4,Mersin,0,1.16,7,0,normal
TXN003661,MUS0591,2024-05-01 11:58:00,Çarşamba,11,0,Elektronik,ATM,1168.84,687.49,70.0,Amsterdam,1,0.98,10,0,normal
TXN000450,MUS0529,2024-09-12 15:36:00,Perşembe,15,0,ATM Nakit,Fiziksel Kart,157.8,96.45,63.6,Konya,0,0.82,9,0,normal
TXN003530,MUS0645,2024-12-01 08:19:00,Pazar,8,0,Uluslararası,Online,224.08,131.67,70.2,Bursa,0,0.51,2,0,normal
TXN000388,MUS0260,2024-05-03 02:27:00,Cuma,2,1,Elektronik,Fiziksel Kart,6175.83,636.95,869.6,Dubai,1,6.46,94,1,yurtdisi_anomali
TXN000141,MUS0152,2024-02-06 06:32:00,Salı,6,0,Restoran,Online,673.7,627.36,7.4,Ankara,0,0.21,0,0,normal
TXN000522,MUS0475,2024-05-21 13:57:00,Salı,13,0,ATM Nakit,Temassız,206.1,347.41,-40.7,Antalya,0,1.51,13,0,normal
TXN000725,MUS0494,2024-08-01 05:26:00,Perşembe,5,1,Restoran,Temassız,48.72,87.96,-44.6,İstanbul,0,0.44,6,0,normal
TXN004986,MUS0148,2024-10-13 09:54:00,Pazar,9,0,Ulaşım,Fiziksel Kart,328.38,296.04,10.9,Gaziantep,0,1.17,13,0,normal
TXN004346,MUS0678,2024-11-02 14:48:00,Cumartesi,14,0,Market,Telefon,371.44,324.94,14.3,Gaziantep,0,0.61,9,0,normal
TXN001564,MUS0583,2024-11-27 17:10:00,Çarşamba,17,0,Uluslararası,Fiziksel Kart,653.66,682.61,-4.2,Bangkok,1,1.63,22,0,normal
TXN001376,MUS0409,2024-09-14 05:30:00,Cumartesi,5,1,Elektronik,Telefon,91.36,135.29,-32.5,Eskişehir,0,0.48,4,0,normal
TXN004064,MUS0271,2024-10-31 07:17:00,Perşembe,7,0,Sağlık,ATM,754.73,631.48,19.5,Antalya,0,0.36,4,0,normal
TXN000375,MUS0065,2024-06-02 03:47:00,Pazar,3,1,Eğlence,Fiziksel Kart,557.65,689.03,-19.1,İzmir,0,0.47,2,0,normal
TXN004624,MUS0509,2024-11-21 14:29:00,Perşembe,14,0,Ulaşım,Fiziksel Kart,889.19,783.18,13.5,İzmir,0,0.47,1,0,normal
TXN001532,MUS0682,2024-08-10 04:23:00,Cumartesi,4,1,Ulaşım,Online,515.53,550.38,-6.3,Ankara,0,0.54,11,0,normal
TXN001890,MUS0104,2024-12-22 20:42:00,Pazar,20,0,Market,Online,316.02,283.63,11.4,Bursa,0,0.06,0,0,normal
TXN001979,MUS0558,2024-09-21 16:52:00,Cumartesi,16,0,Giyim,Fiziksel Kart,189.61,396.55,-52.2,Adana,0,0.54,1,0,normal
TXN000183,MUS0078,2024-02-15 13:55:00,Perşembe,13,0,Ulaşım,Fiziksel Kart,1167.11,756.87,54.2,Ankara,0,1.67,11,0,normal
TXN001656,MUS0105,2024-03-28 13:56:00,Perşembe,13,0,Online Alışveriş,Telefon,367.33,544.6,-32.6,Gaziantep,0,0.2,0,0,normal
TXN002692,MUS0221,2024-12-22 22:03:00,Pazar,22,0,Elektronik,ATM,311.4,214.37,45.3,Samsun,0,0.39,0,0,normal
TXN001373,MUS0116,2024-01-15 07:20:00,Pazartesi,7,0,Giyim,Fiziksel Kart,27.7,296.06,-90.6,İzmir,0,1.95,26,0,normal
TXN003990,MUS0510,2024-08-28 04:55:00,Çarşamba,4,1,ATM Nakit,Fiziksel Kart,482.06,503.69,-4.3,Bursa,0,0.84,15,0,normal
TXN000793,MUS0281,2024-01-25 02:19:00,Perşembe,2,1,Uluslararası,Fiziksel Kart,11097.83,792.17,1300.9,İstanbul,0,5.2,82,1,yuksek_tutar
TXN003392,MUS0372,2024-03-15 08:48:00,Cuma,8,0,Market,Fiziksel Kart,89.45,332.8,-73.1,İzmir,0,0.59,10,0,normal
TXN000309,MUS0774,2024-05-26 17:08:00,Pazar,17,0,Sağlık,Online,608.38,547.1,11.2,Gaziantep,0,1.2,12,0,normal
TXN003493,MUS0692,2024-09-23 14:29:00,Pazartesi,14,0,Yakıt,Fiziksel Kart,111.62,91.31,22.2,Antalya,0,1.73,19,0,normal
TXN004923,MUS0147,2024-10-08 10:20:00,Salı,10,0,Ulaşım,Fiziksel Kart,799.41,533.54,49.8,Adana,0,0.29,8,0,normal
TXN003889,MUS0705,2024-07-23 23:55:00,Salı,23,1,Eğlence,Telefon,248.55,318.39,-21.9,Konya,0,0.7,13,0,normal
TXN001258,MUS0249,2024-12-20 16:13:00,Cuma,16,0,Yakıt,Online,317.58,394.17,-19.4,Kayseri,0,1.65,13,0,normal
TXN004590,MUS0764,2024-05-26 04:19:00,Pazar,4,1,Giyim,Fiziksel Kart,145.09,383.08,-62.1,Kayseri,0,0.01,0,0,normal
TXN000157,MUS0553,2024-05-08 09:54:00,Çarşamba,9,0,Giyim,Fiziksel Kart,893.34,625.21,42.9,Samsun,0,1.7,23,0,normal
TXN003331,MUS0094,2024-02-06 22:30:00,Salı,22,0,Giyim,Telefon,443.71,574.72,-22.8,Eskişehir,0,1.17,19,0,normal
TXN000561,MUS0722,2024-04-08 12:22:00,Pazartesi,12,0,Elektronik,Fiziksel Kart,364.96,664.8,-45.1,Eskişehir,0,0.73,10,0,normal
TXN004238,MUS0548,2024-06-01 13:57:00,Cumartesi,13,0,ATM Nakit,Fiziksel Kart,142.72,98.96,44.2,Konya,0,1.95,16,0,normal
TXN001633,MUS0572,2024-08-11 14:09:00,Pazar,14,0,ATM Nakit,Online,550.25,422.44,30.3,Antalya,0,0.0,6,0,normal
TXN003245,MUS0521,2024-05-03 11:21:00,Cuma,11,0,Uluslararası,Fiziksel Kart,456.71,370.34,23.3,Londra,1,1.69,20,0,normal
TXN004839,MUS0346,2024-10-16 17:23:00,Çarşamba,17,0,Yakıt,Fiziksel Kart,287.41,215.25,33.5,Gaziantep,0,0.56,2,0,normal
TXN000718,MUS0067,2024-11-29 02:37:00,Cuma,2,1,Giyim,Fiziksel Kart,437.84,418.23,4.7,İzmir,0,1.78,21,0,normal
TXN000107,MUS0184,2024-04-14 23:26:00,Pazar,23,1,Giyim,ATM,72.61,391.84,-81.5,Gaziantep,0,0.67,7,0,normal
TXN002219,MUS0017,2024-05-02 08:35:00,Perşembe,8,0,Elektronik,Online,4132.41,281.56,1367.7,Adana,0,4.79,79,1,yuksek_tutar
TXN000051,MUS0623,2024-01-22 20:59:00,Pazartesi,20,0,Uluslararası,Fiziksel Kart,576.43,625.6,-7.9,İzmir,0,0.7,9,0,normal
TXN003034,MUS0059,2024-07-15 03:13:00,Pazartesi,3,1,Döviz,Temassız,181.14,161.04,12.5,Antalya,0,1.42,12,0,normal
TXN000592,MUS0141,2024-02-15 00:09:00,Perşembe,0,1,ATM Nakit,Fiziksel Kart,426.48,528.43,-19.3,Gaziantep,0,1.24,11,0,normal
TXN003125,MUS0587,2024-05-13 05:54:00,Pazartesi,5,1,ATM Nakit,Telefon,537.93,617.7,-12.9,Londra,1,0.04,8,0,normal
TXN003589,MUS0335,2024-12-30 19:10:00,Pazartesi,19,0,Restoran,Fiziksel Kart,70.65,489.35,-85.6,Kayseri,0,1.4,14,0,normal
TXN004109,MUS0054,2024-09-05 23:06:00,Perşembe,23,1,Eğlence,Online,104.18,115.25,-9.6,Ankara,0,0.53,8,0,normal
TXN003332,MUS0238,2024-03-29 03:13:00,Cuma,3,1,Sağlık,Online,395.71,749.47,-47.2,Mersin,0,1.01,6,0,normal
TXN001931,MUS0755,2024-07-30 06:53:00,Salı,6,0,Sağlık,Temassız,395.29,281.6,40.4,Bursa,0,0.75,3,0,normal
TXN002157,MUS0483,2024-02-18 06:37:00,Pazar,6,0,Ulaşım,Online,1156.33,771.64,49.9,Kayseri,0,0.54,3,0,normal
TXN004440,MUS0177,2024-08-07 18:24:00,Çarşamba,18,0,Uluslararası,Fiziksel Kart,260.44,680.45,-61.7,Adana,0,1.36,17,0,normal
TXN003356,MUS0630,2024-11-15 05:19:00,Cuma,5,1,Online Alışveriş,Online,35.16,102.51,-65.7,Adana,0,1.15,14,0,normal
TXN003871,MUS0365,2024-03-07 22:46:00,Perşembe,22,0,Restoran,Temassız,319.35,707.18,-54.8,Antalya,0,1.02,13,0,normal
TXN001090,MUS0237,2024-11-16 11:25:00,Cumartesi,11,0,Yakıt,Online,488.2,500.17,-2.4,Gaziantep,0,0.04,0,0,normal
TXN003879,MUS0060,2024-05-30 08:52:00,Perşembe,8,0,Elektronik,Fiziksel Kart,64.16,169.76,-62.2,İstanbul,0,2.61,23,0,normal
TXN003230,MUS0758,2024-07-31 00:36:00,Çarşamba,0,1,Uluslararası,Online,329.77,263.85,25.0,Samsun,0,0.58,3,0,normal
TXN002370,MUS0469,2024-03-26 08:56:00,Salı,8,0,Yakıt,Temassız,196.73,171.34,14.8,Mersin,0,0.23,0,0,normal
TXN000454,MUS0551,2024-04-14 02:54:00,Pazar,2,1,Döviz,Fiziksel Kart,830.54,533.28,55.7,Gaziantep,0,0.91,17,0,normal
TXN004031,MUS0141,2024-12-11 14:44:00,Çarşamba,14,0,Eğlence,Temassız,420.52,528.43,-20.4,Gaziantep,0,0.94,10,0,normal
TXN003129,MUS0046,2024-05-20 04:28:00,Pazartesi,4,1,Yakıt,Fiziksel Kart,587.7,517.3,13.6,Bursa,0,0.38,8,0,normal
TXN004804,MUS0563,2024-05-16 23:44:00,Perşembe,23,1,Restoran,Fiziksel Kart,166.08,115.4,43.9,Kayseri,0,1.37,23,0,normal
TXN002531,MUS0324,2024-11-07 08:58:00,Perşembe,8,0,Uluslararası,Fiziksel Kart,749.06,621.61,20.5,Samsun,0,1.44,15,0,normal
TXN000328,MUS0188,2024-10-14 15:14:00,Pazartesi,15,0,Online Alışveriş,Online,858.4,527.17,62.8,Ankara,0,1.77,17,0,normal
TXN004972,MUS0515,2024-03-21 23:56:00,Perşembe,23,1,Market,Fiziksel Kart,436.1,683.68,-36.2,Bursa,0,0.15,3,0,normal
TXN004277,MUS0076,2024-10-10 17:17:00,Perşembe,17,0,Elektronik,Online,1107.18,743.5,48.9,Samsun,0,0.5,14,0,normal
TXN001035,MUS0513,2024-05-23 19:42:00,Perşembe,19,0,Yakıt,Online,168.65,796.09,-78.8,İzmir,0,0.44,1,0,normal
TXN004765,MUS0651,2024-06-24 13:35:00,Pazartesi,13,0,Yakıt,Fiziksel Kart,94.93,104.34,-9.0,Bursa,0,0.28,6,0,normal
TXN004884,MUS0717,2024-10-14 15:31:00,Pazartesi,15,0,Restoran,ATM,602.16,520.91,15.6,Bursa,0,1.55,13,0,normal
TXN001892,MUS0376,2024-05-11 15:38:00,Cumartesi,15,0,Döviz,Online,528.3,605.25,-12.7,Bursa,0,1.11,8,0,normal
TXN004055,MUS0634,2024-06-02 18:54:00,Pazar,18,0,Sağlık,Fiziksel Kart,551.61,725.38,-24.0,Samsun,0,0.35,13,0,normal
TXN001881,MUS0461,2024-07-12 02:25:00,Cuma,2,1,Market,Fiziksel Kart,125.44,177.12,-29.2,Antalya,0,0.5,2,0,normal
TXN000904,MUS0189,2024-10-25 06:56:00,Cuma,6,0,Eğlence,Fiziksel Kart,124.57,372.31,-66.5,Adana,0,0.92,17,0,normal
TXN003977,MUS0401,2024-03-19 23:39:00,Salı,23,1,ATM Nakit,Online,711.79,731.59,-2.7,Mersin,0,0.64,14,0,normal
TXN001965,MUS0024,2024-01-23 20:17:00,Salı,20,0,Market,Fiziksel Kart,832.44,574.91,44.8,Bursa,0,0.13,6,0,normal
TXN002378,MUS0150,2024-01-18 06:48:00,Perşembe,6,0,Ulaşım,ATM,333.17,413.91,-19.5,Bursa,0,0.28,2,0,normal
TXN004233,MUS0568,2024-01-25 12:06:00,Perşembe,12,0,Giyim,Temassız,400.32,462.57,-13.5,İzmir,0,0.67,10,0,normal
TXN000934,MUS0652,2024-07-08 01:07:00,Pazartesi,1,1,Sağlık,Temassız,184.16,255.88,-28.0,Kayseri,0,0.39,0,0,normal
TXN003055,MUS0267,2024-01-25 03:20:00,Perşembe,3,1,Döviz,Fiziksel Kart,275.79,310.09,-11.1,Eskişehir,0,0.36,13,0,normal
TXN000070,MUS0790,2024-06-30 20:11:00,Pazar,20,0,Giyim,Fiziksel Kart,434.75,780.55,-44.3,Mersin,0,0.26,1,0,normal
TXN004107,MUS0627,2024-11-19 17:37:00,Salı,17,0,Sağlık,Online,298.69,639.45,-53.3,Konya,0,0.14,11,0,normal
TXN002197,MUS0168,2024-06-15 09:53:00,Cumartesi,9,0,Uluslararası,Fiziksel Kart,60.41,92.37,-34.6,Konya,0,0.05,9,0,normal
TXN003794,MUS0693,2024-04-16 04:39:00,Salı,4,1,Uluslararası,Temassız,484.58,470.26,3.0,Bursa,0,0.49,3,0,normal
TXN003324,MUS0698,2024-05-07 00:58:00,Salı,0,1,Market,Online,23.04,405.26,-94.3,Ankara,0,3.97,80,1,kart_test
TXN001210,MUS0713,2024-03-18 13:58:00,Pazartesi,13,0,Eğlence,Fiziksel Kart,219.31,213.75,2.6,Adana,0,1.11,17,0,normal
TXN003156,MUS0575,2024-02-03 09:33:00,Cumartesi,9,0,Yakıt,Online,176.56,332.77,-46.9,Kayseri,0,1.2,13,0,normal
TXN000472,MUS0614,2024-03-05 05:03:00,Salı,5,1,Sağlık,ATM,278.03,225.75,23.2,Adana,0,0.45,0,0,normal
TXN000803,MUS0180,2024-01-09 01:41:00,Salı,1,1,Eğlence,Fiziksel Kart,457.15,722.13,-36.7,Konya,0,0.31,5,0,normal
TXN001263,MUS0045,2024-08-13 14:21:00,Salı,14,0,Market,Telefon,384.59,294.03,30.8,Eskişehir,0,0.11,2,0,normal
TXN000541,MUS0123,2024-05-07 03:28:00,Salı,3,1,Giyim,Fiziksel Kart,533.81,407.08,31.1,Adana,0,0.69,7,0,normal
TXN003014,MUS0658,2024-12-01 23:24:00,Pazar,23,1,Sağlık,Online,103.39,116.62,-11.3,Mersin,0,0.58,13,0,normal
TXN003436,MUS0074,2024-03-18 23:27:00,Pazartesi,23,1,Elektronik,ATM,173.7,96.74,79.6,Mersin,0,0.26,0,0,normal
TXN002273,MUS0646,2024-05-17 13:55:00,Cuma,13,0,Uluslararası,Fiziksel Kart,893.59,580.15,54.0,Ankara,0,0.82,10,0,normal
TXN001844,MUS0544,2024-11-23 21:20:00,Cumartesi,21,0,Elektronik,Temassız,605.52,417.83,44.9,İstanbul,0,0.21,2,0,normal
TXN004998,MUS0368,2024-08-29 12:25:00,Perşembe,12,0,Giyim,Fiziksel Kart,200.02,317.29,-37.0,Bursa,0,0.18,2,0,normal
TXN000287,MUS0657,2024-10-25 21:59:00,Cuma,21,0,Market,Temassız,300.91,264.64,13.7,Ankara,0,0.57,5,0,normal
TXN004032,MUS0600,2024-10-30 21:43:00,Çarşamba,21,0,Sağlık,Fiziksel Kart,499.18,430.97,15.8,İzmir,0,0.33,8,0,normal
TXN000802,MUS0014,2024-11-23 15:07:00,Cumartesi,15,0,Eğlence,Fiziksel Kart,482.74,625.05,-22.8,Mersin,0,1.08,14,0,normal
TXN002947,MUS0170,2024-08-06 18:41:00,Salı,18,0,Online Alışveriş,Fiziksel Kart,115.98,169.07,-31.4,İzmir,0,0.24,0,0,normal
TXN000973,MUS0133,2024-08-12 06:30:00,Pazartesi,6,0,Giyim,Fiziksel Kart,26.81,259.77,-89.7,Gaziantep,0,0.82,18,0,normal
TXN004673,MUS0119,2024-11-25 10:08:00,Pazartesi,10,0,Eğlence,Fiziksel Kart,272.27,193.65,40.6,Eskişehir,0,1.0,20,0,normal
TXN003925,MUS0544,2024-08-16 08:35:00,Cuma,8,0,Ulaşım,Temassız,698.68,417.83,67.2,İzmir,0,0.28,4,0,normal
TXN000367,MUS0039,2024-07-08 03:46:00,Pazartesi,3,1,Restoran,Online,782.08,773.66,1.1,Mersin,0,1.93,29,0,normal
TXN003974,MUS0636,2024-07-30 22:50:00,Salı,22,0,Restoran,Temassız,753.45,788.67,-4.5,Mersin,0,0.66,8,0,normal
TXN000237,MUS0016,2024-10-11 01:28:00,Cuma,1,1,ATM Nakit,Temassız,356.61,327.87,8.8,İzmir,0,1.26,16,0,normal
TXN003434,MUS0165,2024-06-20 12:33:00,Perşembe,12,0,Yakıt,Fiziksel Kart,338.93,204.55,65.7,Samsun,0,0.01,5,0,normal
TXN000373,MUS0791,2024-06-27 21:26:00,Perşembe,21,0,Döviz,Fiziksel Kart,376.19,384.86,-2.3,Bursa,0,0.42,8,0,normal
TXN000369,MUS0271,2024-02-14 09:13:00,Çarşamba,9,0,Eğlence,Temassız,549.59,631.48,-13.0,Antalya,0,0.96,17,0,normal
TXN000995,MUS0674,2024-03-10 12:38:00,Pazar,12,0,Döviz,Temassız,204.25,253.37,-19.4,Kayseri,0,0.83,15,0,normal
TXN002939,MUS0386,2024-10-25 04:12:00,Cuma,4,1,Restoran,Online,430.24,568.59,-24.3,Adana,0,0.6,1,0,normal
TXN003416,MUS0193,2024-04-05 06:38:00,Cuma,6,0,Uluslararası,Temassız,587.97,422.78,39.1,Konya,0,0.75,16,0,normal
TXN003093,MUS0323,2024-10-11 01:17:00,Cuma,1,1,Restoran,Fiziksel Kart,675.56,592.84,14.0,Samsun,0,0.13,0,0,normal
TXN003219,MUS0731,2024-01-10 23:45:00,Çarşamba,23,1,ATM Nakit,ATM,109.21,183.62,-40.5,İstanbul,0,1.12,21,0,normal
TXN004869,MUS0579,2024-05-11 18:37:00,Cumartesi,18,0,Restoran,Online,618.45,782.63,-21.0,İzmir,0,1.0,13,0,normal
TXN004635,MUS0769,2024-01-08 12:35:00,Pazartesi,12,0,Döviz,Fiziksel Kart,567.08,314.58,80.3,Gaziantep,0,0.41,8,0,normal
TXN004549,MUS0356,2024-07-23 01:36:00,Salı,1,1,ATM Nakit,Fiziksel Kart,2092.0,650.47,221.6,İzmir,0,5.43,88,1,farkli_sehir
TXN004451,MUS0243,2024-11-17 06:23:00,Pazar,6,0,Market,Fiziksel Kart,49.92,93.38,-46.5,Samsun,0,0.43,4,0,normal
TXN002299,MUS0018,2024-06-28 22:40:00,Cuma,22,0,Online Alışveriş,Online,556.94,339.95,63.8,Kayseri,0,1.86,27,0,normal
TXN002245,MUS0711,2024-07-27 19:24:00,Cumartesi,19,0,Ulaşım,Fiziksel Kart,343.49,622.21,-44.8,Konya,0,1.11,17,0,normal
TXN000334,MUS0181,2024-05-24 19:43:00,Cuma,19,0,Giyim,Online,128.91,87.04,48.1,Konya,0,0.7,10,0,normal
TXN000453,MUS0660,2024-10-26 17:17:00,Cumartesi,17,0,Yakıt,Temassız,495.59,352.16,40.7,Kayseri,0,0.59,13,0,normal
TXN000061,MUS0738,2024-12-05 12:07:00,Perşembe,12,0,ATM Nakit,Online,253.79,458.21,-44.6,Gaziantep,0,0.23,12,0,normal
TXN001913,MUS0447,2024-01-21 14:57:00,Pazar,14,0,Market,Online,561.99,437.31,28.5,Samsun,0,0.25,8,0,normal
TXN000179,MUS0117,2024-12-13 17:04:00,Cuma,17,0,Döviz,Online,232.11,297.51,-22.0,Eskişehir,0,0.8,8,0,normal
TXN000406,MUS0074,2024-11-27 12:29:00,Çarşamba,12,0,Eğlence,Online,80.69,96.74,-16.6,Adana,0,0.59,14,0,normal
TXN003203,MUS0679,2024-09-18 01:04:00,Çarşamba,1,1,Eğlence,Temassız,557.2,655.81,-15.0,Gaziantep,0,0.52,4,0,normal
TXN004716,MUS0568,2024-03-20 13:26:00,Çarşamba,13,0,Giyim,Fiziksel Kart,522.37,462.57,12.9,İzmir,0,1.5,19,0,normal
TXN003126,MUS0303,2024-06-15 08:45:00,Cumartesi,8,0,Online Alışveriş,Online,312.29,365.99,-14.7,İstanbul,0,1.73,26,0,normal
TXN002526,MUS0141,2024-05-21 15:35:00,Salı,15,0,ATM Nakit,Online,247.92,528.43,-53.1,Gaziantep,0,1.54,16,0,normal
TXN004159,MUS0081,2024-01-28 05:51:00,Pazar,5,1,Eğlence,Online,391.59,495.61,-21.0,Gaziantep,0,1.13,7,0,normal
TXN004563,MUS0356,2024-02-19 10:12:00,Pazartesi,10,0,Market,Fiziksel Kart,879.69,650.47,35.2,Samsun,0,0.68,16,0,normal
TXN003350,MUS0155,2024-04-19 13:09:00,Cuma,13,0,Market,ATM,63.17,167.07,-62.2,Kayseri,0,0.04,2,0,normal
TXN000397,MUS0506,2024-10-30 18:42:00,Çarşamba,18,0,Elektronik,Fiziksel Kart,1007.54,763.08,32.0,Adana,0,1.0,14,0,normal
TXN001233,MUS0795,2024-01-18 19:29:00,Perşembe,19,0,Market,Temassız,182.74,292.95,-37.6,Konya,0,0.8,18,0,normal
TXN002589,MUS0107,2024-08-23 09:28:00,Cuma,9,0,Yakıt,Online,377.56,382.24,-1.2,Konya,0,0.96,11,0,normal
TXN001749,MUS0530,2024-12-07 10:21:00,Cumartesi,10,0,Market,Fiziksel Kart,208.82,333.99,-37.5,İstanbul,0,0.58,9,0,normal
TXN001036,MUS0066,2024-09-09 00:47:00,Pazartesi,0,1,Sağlık,Fiziksel Kart,597.19,666.91,-10.5,Antalya,0,1.71,18,0,normal
TXN004973,MUS0798,2024-05-05 19:56:00,Pazar,19,0,Online Alışveriş,ATM,621.72,457.04,36.0,Adana,0,0.78,17,0,normal
TXN003944,MUS0695,2024-10-17 23:19:00,Perşembe,23,1,Yakıt,Online,426.7,467.16,-8.7,Samsun,0,0.92,8,0,normal
TXN000426,MUS0234,2024-06-27 07:55:00,Perşembe,7,0,Eğlence,ATM,201.96,114.94,75.7,İstanbul,0,0.45,8,0,normal
TXN000206,MUS0521,2024-02-12 16:43:00,Pazartesi,16,0,Market,Fiziksel Kart,358.41,370.34,-3.2,Eskişehir,0,0.6,3,0,normal
TXN003382,MUS0001,2024-11-27 01:46:00,Çarşamba,1,1,Yakıt,ATM,803.88,761.76,5.5,Kayseri,0,0.24,10,0,normal
TXN000471,MUS0552,2024-07-19 08:57:00,Cuma,8,0,Giyim,ATM,634.36,587.88,7.9,İzmir,0,0.21,1,0,normal
TXN004630,MUS0458,2024-07-13 20:23:00,Cumartesi,20,0,Sağlık,Online,485.84,312.9,55.3,Mersin,0,0.63,6,0,normal
TXN000380,MUS0073,2024-03-21 17:26:00,Perşembe,17,0,Restoran,Fiziksel Kart,85.34,84.37,1.1,Samsun,0,0.17,3,0,normal
TXN002917,MUS0164,2024-06-03 02:20:00,Pazartesi,2,1,Market,Fiziksel Kart,1018.87,695.03,46.6,Antalya,0,0.7,3,0,normal
TXN001745,MUS0286,2024-09-02 22:37:00,Pazartesi,22,0,Market,Online,7.55,351.09,-97.8,Ankara,0,4.75,81,1,kart_test
TXN004253,MUS0197,2024-03-12 00:46:00,Salı,0,1,Online Alışveriş,Online,777.14,710.27,9.4,Bursa,0,0.89,9,0,normal
TXN003669,MUS0008,2024-07-21 21:47:00,Pazar,21,0,Döviz,Fiziksel Kart,124.8,159.76,-21.9,Bursa,0,2.55,22,0,normal
TXN003214,MUS0765,2024-06-16 20:24:00,Pazar,20,0,Döviz,Telefon,713.03,612.34,16.4,Adana,0,1.06,14,0,normal
TXN000371,MUS0768,2024-04-24 01:49:00,Çarşamba,1,1,Online Alışveriş,ATM,792.65,488.79,62.2,İzmir,0,0.07,0,0,normal
TXN000095,MUS0016,2024-04-11 11:54:00,Perşembe,11,0,Market,Online,195.98,327.87,-40.2,Kayseri,0,0.78,15,0,normal
TXN004151,MUS0357,2024-08-30 00:23:00,Cuma,0,1,Eğlence,Temassız,470.72,381.21,23.5,Gaziantep,0,0.42,3,0,normal
TXN003052,MUS0270,2024-12-01 14:35:00,Pazar,14,0,Giyim,ATM,525.52,595.88,-11.8,Antalya,0,0.38,13,0,normal
TXN000300,MUS0117,2024-09-13 04:46:00,Cuma,4,1,Yakıt,Online,191.71,297.51,-35.6,Eskişehir,0,0.75,15,0,normal
TXN003994,MUS0482,2024-11-18 05:55:00,Pazartesi,5,1,Sağlık,Fiziksel Kart,5,233.28,-97.9,Kayseri,0,0.12,0,0,normal
TXN002269,MUS0499,2024-01-25 07:03:00,Perşembe,7,0,Döviz,Fiziksel Kart,1286.24,563.96,128.1,Kayseri,0,0.52,10,0,normal
TXN001031,MUS0147,2024-06-16 12:45:00,Pazar,12,0,Yakıt,Fiziksel Kart,875.81,533.54,64.2,Adana,0,0.7,2,0,normal
TXN000491,MUS0235,2024-10-23 23:07:00,Çarşamba,23,1,ATM Nakit,Temassız,151.46,126.4,19.8,Antalya,0,0.49,11,0,normal
TXN001699,MUS0515,2024-10-08 21:17:00,Salı,21,0,Sağlık,Fiziksel Kart,309.58,683.68,-54.7,Bursa,0,1.66,18,0,normal
TXN000162,MUS0704,2024-12-26 06:45:00,Perşembe,6,0,Restoran,Fiziksel Kart,194.72,196.09,-0.7,Mersin,0,0.61,7,0,normal
TXN002331,MUS0336,2024-06-13 10:22:00,Perşembe,10,0,Uluslararası,Temassız,260.18,201.77,28.9,Kayseri,0,0.16,0,0,normal
TXN001837,MUS0668,2024-06-27 16:30:00,Perşembe,1,1,Online Alışveriş,ATM,4623.09,516.49,795.1,İstanbul,0,3.18,73,1,gece_islemi
TXN003548,MUS0612,2024-12-28 01:32:00,Cumartesi,1,1,Online Alışveriş,Online,905.03,738.97,22.5,Bursa,0,1.06,10,0,normal
TXN001104,MUS0472,2024-06-02 21:57:00,Pazar,21,0,Sağlık,Temassız,5,750.11,-99.3,Amsterdam,1,0.11,0,0,normal
TXN002739,MUS0251,2024-03-16 15:03:00,Cumartesi,15,0,Online Alışveriş,Temassız,13.56,244.71,-94.5,Kayseri,0,1.56,15,0,normal
TXN001838,MUS0431,2024-12-13 00:38:00,Cuma,0,1,Market,Online,254.49,196.45,29.5,Konya,0,0.89,3,0,normal
TXN003240,MUS0085,2024-03-02 04:56:00,Cumartesi,4,1,Giyim,Fiziksel Kart,181.85,393.49,-53.8,Eskişehir,0,0.58,0,0,normal
TXN001614,MUS0094,2024-08-18 14:22:00,Pazar,14,0,Online Alışveriş,Temassız,534.9,574.72,-6.9,Eskişehir,0,1.51,15,0,normal
TXN002009,MUS0147,2024-07-22 18:46:00,Pazartesi,18,0,Döviz,Online,568.01,533.54,6.5,Adana,0,1.4,23,0,normal
TXN001781,MUS0307,2024-07-07 23:02:00,Pazar,23,1,Sağlık,ATM,608.49,556.55,9.3,Samsun,0,1.47,9,0,normal
TXN004692,MUS0164,2024-09-12 21:12:00,Perşembe,21,0,Döviz,Online,529.86,695.03,-23.8,Antalya,0,0.93,14,0,normal
TXN003724,MUS0798,2024-08-15 22:00:00,Perşembe,22,0,Restoran,Telefon,247.37,457.04,-45.9,Adana,0,0.4,14,0,normal
TXN003479,MUS0631,2024-10-12 16:12:00,Cumartesi,16,0,Elektronik,Fiziksel Kart,634.07,791.56,-19.9,Berlin,1,0.03,4,0,normal
TXN004442,MUS0490,2024-06-15 17:17:00,Cumartesi,17,0,Elektronik,ATM,455.96,701.07,-35.0,Bursa,0,0.31,0,0,normal
TXN004195,MUS0266,2024-11-10 05:31:00,Pazar,5,1,ATM Nakit,Fiziksel Kart,129.96,240.19,-45.9,Adana,0,0.32,2,0,normal
TXN003025,MUS0192,2024-12-28 17:55:00,Cumartesi,17,0,ATM Nakit,Online,462.32,638.78,-27.6,Antalya,0,0.4,8,0,normal
TXN003546,MUS0351,2024-03-21 10:43:00,Perşembe,10,0,Döviz,Online,612.88,431.24,42.1,Samsun,0,0.12,1,0,normal
TXN002447,MUS0692,2024-10-26 12:34:00,Cumartesi,12,0,ATM Nakit,Fiziksel Kart,116.76,91.31,27.9,Antalya,0,0.12,3,0,normal
TXN002539,MUS0651,2024-10-06 03:13:00,Pazar,3,1,Döviz,Online,121.97,104.34,16.9,Bursa,0,0.31,13,0,normal
TXN002292,MUS0747,2024-10-04 23:21:00,Cuma,23,1,Market,Fiziksel Kart,228.04,584.36,-61.0,İzmir,0,0.87,3,0,normal
TXN000885,MUS0396,2024-06-19 09:01:00,Çarşamba,9,0,Döviz,Online,709.87,777.7,-8.7,Samsun,0,0.76,2,0,normal
TXN002251,MUS0755,2024-11-15 22:07:00,Cuma,22,0,Elektronik,Fiziksel Kart,444.67,281.6,57.9,İstanbul,0,1.6,25,0,normal
TXN004411,MUS0306,2024-12-21 14:22:00,Cumartesi,14,0,Restoran,ATM,42.22,87.11,-51.5,Konya,0,0.15,0,0,normal
TXN000020,MUS0181,2024-09-07 22:23:00,Cumartesi,22,0,Online Alışveriş,Fiziksel Kart,118.44,87.04,36.1,Konya,0,1.08,10,0,normal
TXN001795,MUS0006,2024-10-25 14:09:00,Cuma,14,0,Eğlence,Temassız,106.2,99.17,7.1,Bursa,0,1.85,15,0,normal
TXN000811,MUS0682,2024-10-03 04:20:00,Perşembe,4,1,Ulaşım,ATM,672.46,550.38,22.2,Ankara,0,0.47,4,0,normal
TXN003138,MUS0355,2024-10-14 16:21:00,Pazartesi,16,0,Uluslararası,Temassız,821.24,614.64,33.6,Mersin,0,0.69,9,0,normal
TXN002412,MUS0667,2024-02-29 01:09:00,Perşembe,1,1,Uluslararası,Online,382.5,707.84,-46.0,Bangkok,1,0.46,4,0,normal
TXN003775,MUS0398,2024-02-16 03:08:00,Cuma,3,1,Elektronik,Fiziksel Kart,1200.97,725.19,65.6,Konya,0,0.16,11,0,normal
TXN004703,MUS0671,2024-10-19 05:58:00,Cumartesi,5,1,Ulaşım,Online,128.01,174.54,-26.7,Konya,0,0.05,3,0,normal
TXN000356,MUS0730,2024-05-24 18:40:00,Cuma,18,0,Yakıt,Telefon,419.3,528.56,-20.7,Konya,0,0.91,7,0,normal
TXN000442,MUS0639,2024-09-21 16:07:00,Cumartesi,16,0,Yakıt,Fiziksel Kart,473.8,526.56,-10.0,Tokyo,1,0.87,16,0,normal
TXN001862,MUS0665,2024-05-20 11:59:00,Pazartesi,11,0,Elektronik,Temassız,647.87,773.06,-16.2,Kayseri,0,1.26,21,0,normal
TXN000462,MUS0052,2024-12-06 03:11:00,Cuma,3,1,ATM Nakit,Online,829.51,581.67,42.6,Samsun,0,0.18,11,0,normal
TXN003334,MUS0248,2024-07-11 20:53:00,Perşembe,20,0,Elektronik,Telefon,188.78,326.91,-42.3,Londra,1,0.05,0,0,normal
TXN000429,MUS0290,2024-05-28 02:37:00,Salı,2,1,Eğlence,Online,616.19,477.03,29.2,Gaziantep,0,1.14,15,0,normal
TXN004756,MUS0134,2024-05-21 17:00:00,Salı,17,0,Elektronik,Fiziksel Kart,770.71,745.38,3.4,Gaziantep,0,0.18,1,0,normal
TXN003714,MUS0048,2024-03-12 21:39:00,Salı,21,0,Elektronik,Temassız,209.61,484.46,-56.7,Eskişehir,0,0.62,1,0,normal
TXN003443,MUS0001,2024-05-18 18:36:00,Cumartesi,18,0,Online Alışveriş,Online,971.63,761.76,27.6,Kayseri,0,0.13,1,0,normal
TXN004637,MUS0556,2024-04-27 08:07:00,Cumartesi,8,0,Giyim,Fiziksel Kart,596.94,560.6,6.5,Eskişehir,0,1.88,20,0,normal
TXN004285,MUS0392,2024-09-02 10:03:00,Pazartesi,10,0,Elektronik,Online,104.68,219.59,-52.3,Kayseri,0,0.46,14,0,normal
TXN000709,MUS0229,2024-03-06 06:51:00,Çarşamba,6,0,Giyim,Fiziksel Kart,738.04,743.48,-0.7,Samsun,0,0.35,6,0,normal
TXN003542,MUS0568,2024-09-06 23:57:00,Cuma,23,1,Döviz,Fiziksel Kart,719.95,462.57,55.6,İzmir,0,0.91,8,0,normal
TXN001802,MUS0629,2024-08-03 06:56:00,Cumartesi,6,0,Market,Online,5,293.25,-98.3,Antalya,0,0.48,2,0,normal
TXN003011,MUS0559,2024-05-03 21:09:00,Cuma,21,0,Eğlence,Online,413.21,511.75,-19.3,Kayseri,0,0.69,1,0,normal
TXN001766,MUS0535,2024-05-09 01:27:00,Perşembe,1,1,ATM Nakit,Temassız,694.61,696.24,-0.2,Gaziantep,0,0.42,13,0,normal
TXN000961,MUS0594,2024-02-05 15:20:00,Pazartesi,15,0,Ulaşım,ATM,149.07,110.94,34.4,Eskişehir,0,1.04,11,0,normal
TXN003877,MUS0168,2024-10-26 21:46:00,Cumartesi,21,0,Sağlık,Temassız,117.14,92.37,26.8,Konya,0,1.26,22,0,normal
TXN001291,MUS0609,2024-12-23 19:40:00,Pazartesi,19,0,Elektronik,Fiziksel Kart,669.28,484.82,38.0,İzmir,0,0.65,16,0,normal
TXN003478,MUS0153,2024-10-21 07:13:00,Pazartesi,7,0,Sağlık,Online,285.82,229.88,24.3,Ankara,0,0.15,7,0,normal
TXN001670,MUS0465,2024-12-13 08:16:00,Cuma,8,0,Eğlence,Online,540.85,389.9,38.7,Moskova,1,0.56,11,0,normal
TXN004162,MUS0325,2024-10-05 17:23:00,Cumartesi,17,0,Elektronik,Temassız,352.09,473.16,-25.6,Antalya,0,0.07,7,0,normal
TXN002249,MUS0208,2024-08-29 20:10:00,Perşembe,20,0,Eğlence,Fiziksel Kart,432.19,414.95,4.2,İzmir,0,0.6,6,0,normal
TXN004835,MUS0375,2024-04-05 14:05:00,Cuma,14,0,Uluslararası,ATM,733.27,769.58,-4.7,Paris,1,0.37,2,0,normal
TXN003625,MUS0690,2024-02-29 03:04:00,Perşembe,3,1,ATM Nakit,Telefon,1002.52,599.34,67.3,Mersin,0,0.43,8,0,normal
TXN002762,MUS0265,2024-06-29 13:44:00,Cumartesi,13,0,Restoran,Online,288.5,260.92,10.6,Ankara,0,1.21,20,0,normal
TXN000336,MUS0042,2024-01-22 15:05:00,Pazartesi,15,0,Giyim,Telefon,426.24,531.1,-19.7,Kayseri,0,0.72,5,0,normal
TXN001911,MUS0746,2024-07-07 20:06:00,Pazar,20,0,Eğlence,ATM,250.52,305.96,-18.1,Samsun,0,0.47,4,0,normal
TXN000839,MUS0527,2024-07-17 00:13:00,Çarşamba,0,1,Restoran,Online,703.27,727.85,-3.4,Ankara,0,0.9,17,0,normal
TXN003632,MUS0695,2024-07-24 22:42:00,Çarşamba,22,0,Online Alışveriş,Online,24.23,467.16,-94.8,Eskişehir,0,4.57,77,1,kart_test
TXN001408,MUS0085,2024-04-20 02:24:00,Cumartesi,2,1,Elektronik,Telefon,5,393.49,-98.7,Eskişehir,0,0.36,13,0,normal
TXN000799,MUS0540,2024-07-02 08:04:00,Salı,8,0,Market,Online,4.16,165.05,-97.5,İzmir,0,7.84,100,1,kart_test
TXN003626,MUS0382,2024-10-14 08:24:00,Pazartesi,8,0,Uluslararası,Temassız,118.54,498.38,-76.2,Mersin,0,0.93,13,0,normal
TXN003635,MUS0381,2024-05-19 22:36:00,Pazar,22,0,Ulaşım,Fiziksel Kart,573.57,469.01,22.3,Samsun,0,1.56,15,0,normal
TXN003837,MUS0451,2024-11-07 19:32:00,Perşembe,19,0,Ulaşım,Fiziksel Kart,471.83,616.67,-23.5,İstanbul,0,0.76,9,0,normal
TXN001055,MUS0168,2024-09-15 15:30:00,Pazar,15,0,Elektronik,Online,1920.87,92.37,1979.5,Konya,0,3.33,74,1,yuksek_tutar
TXN001590,MUS0639,2024-08-22 18:06:00,Perşembe,18,0,Giyim,Fiziksel Kart,444.52,526.56,-15.6,İzmir,0,0.78,8,0,normal
TXN004150,MUS0571,2024-06-05 08:46:00,Çarşamba,8,0,Giyim,Temassız,255.98,278.68,-8.1,İzmir,0,1.01,14,0,normal
TXN002477,MUS0287,2024-03-28 15:14:00,Perşembe,15,0,Döviz,ATM,459.11,489.86,-6.3,Ankara,0,0.02,0,0,normal
TXN002274,MUS0324,2024-11-12 11:57:00,Salı,11,0,Uluslararası,Fiziksel Kart,7361.9,621.61,1084.3,Amsterdam,1,4.79,83,1,yurtdisi_anomali
TXN000698,MUS0442,2024-03-22 05:29:00,Cuma,5,1,ATM Nakit,Online,118.61,101.1,17.3,Konya,0,0.5,8,0,normal
TXN002745,MUS0041,2024-11-13 13:13:00,Çarşamba,13,0,Ulaşım,Telefon,759.78,549.04,38.4,Samsun,0,1.54,19,0,normal
TXN004216,MUS0767,2024-04-26 09:28:00,Cuma,9,0,Eğlence,Fiziksel Kart,610.4,457.0,33.6,Kayseri,0,0.21,0,0,normal
TXN002512,MUS0313,2024-07-02 09:29:00,Salı,9,0,ATM Nakit,Online,1036.88,653.55,58.7,Ankara,0,0.8,18,0,normal
TXN000128,MUS0140,2024-02-02 04:46:00,Cuma,4,1,Sağlık,Fiziksel Kart,657.44,371.03,77.2,İzmir,0,0.03,0,0,normal
TXN000843,MUS0737,2024-06-25 00:01:00,Salı,0,1,Online Alışveriş,Online,151.17,515.52,-70.7,Samsun,0,0.27,10,0,normal
TXN003191,MUS0313,2024-12-22 21:05:00,Pazar,21,0,Giyim,Fiziksel Kart,779.76,653.55,19.3,Konya,0,1.76,12,0,normal
TXN003047,MUS0039,2024-02-24 07:47:00,Cumartesi,7,0,Market,Temassız,653.03,773.66,-15.6,Mersin,0,1.48,12,0,normal
TXN000576,MUS0218,2024-07-03 04:38:00,Çarşamba,4,1,Ulaşım,Online,322.47,293.9,9.7,İstanbul,0,0.87,14,0,normal
TXN001782,MUS0104,2024-11-20 22:49:00,Çarşamba,22,0,Uluslararası,Fiziksel Kart,282.73,283.63,-0.3,Bursa,0,0.36,5,0,normal
TXN003697,MUS0234,2024-06-18 11:35:00,Salı,11,0,Uluslararası,Telefon,78.64,114.94,-31.6,İstanbul,0,0.53,5,0,normal
TXN000859,MUS0670,2024-07-19 23:54:00,Cuma,23,1,Sağlık,ATM,293.27,316.63,-7.4,Konya,0,0.41,12,0,normal
TXN003208,MUS0470,2024-01-09 09:41:00,Salı,9,0,Giyim,Online,96.8,135.84,-28.7,Samsun,0,0.17,6,0,normal
TXN000436,MUS0461,2024-11-22 12:01:00,Cuma,12,0,Ulaşım,Fiziksel Kart,134.3,177.12,-24.2,Antalya,0,0.4,2,0,normal
TXN002393,MUS0086,2024-02-13 05:14:00,Salı,5,1,Restoran,Fiziksel Kart,1377.26,560.34,145.8,Antalya,0,1.52,70,1,farkli_sehir
TXN004464,MUS0246,2024-07-01 15:28:00,Pazartesi,15,0,Online Alışveriş,Fiziksel Kart,372.28,620.91,-40.0,Antalya,0,0.01,0,0,normal
TXN001591,MUS0066,2024-04-26 16:09:00,Cuma,16,0,Döviz,Fiziksel Kart,1000.33,666.91,50.0,Antalya,0,0.12,10,0,normal
TXN000420,MUS0174,2024-04-21 02:13:00,Pazar,2,1,Online Alışveriş,Temassız,1042.12,620.27,68.0,Gaziantep,0,1.08,9,0,normal
TXN004749,MUS0406,2024-03-12 12:15:00,Salı,12,0,Ulaşım,Temassız,1025.77,755.25,35.8,Eskişehir,0,0.1,2,0,normal
TXN003511,MUS0040,2024-10-01 10:52:00,Salı,10,0,Yakıt,Online,224.4,265.34,-15.4,Ankara,0,1.8,22,0,normal
TXN001420,MUS0769,2024-09-02 23:03:00,Pazartesi,23,1,Eğlence,Fiziksel Kart,461.54,314.58,46.7,Gaziantep,0,0.64,1,0,normal
TXN003015,MUS0792,2024-10-29 01:18:00,Salı,1,1,Giyim,Telefon,412.0,666.57,-38.2,Gaziantep,0,0.32,10,0,normal
TXN002954,MUS0078,2024-12-02 03:52:00,Pazartesi,3,1,Eğlence,Fiziksel Kart,882.15,756.87,16.6,Ankara,0,0.0,3,0,normal
TXN003701,MUS0751,2024-09-27 09:02:00,Cuma,9,0,Sağlık,Online,1177.48,628.43,87.4,Antalya,0,0.49,4,0,normal
TXN004418,MUS0546,2024-06-23 05:20:00,Pazar,5,1,Uluslararası,Fiziksel Kart,177.47,150.13,18.2,Kayseri,0,0.88,14,0,normal
TXN000767,MUS0656,2024-04-24 01:57:00,Çarşamba,1,1,Giyim,ATM,912.67,683.02,33.6,Gaziantep,0,1.43,23,0,normal
TXN004600,MUS0330,2024-10-24 02:13:00,Perşembe,2,1,Elektronik,Temassız,821.19,687.67,19.4,Kayseri,0,0.48,11,0,normal
TXN003370,MUS0666,2024-04-24 11:05:00,Çarşamba,11,0,Döviz,Temassız,633.1,520.88,21.5,Gaziantep,0,0.85,15,0,normal
TXN002114,MUS0542,2024-02-16 05:36:00,Cuma,5,1,Eğlence,Fiziksel Kart,355.51,289.76,22.7,Mersin,0,1.0,15,0,normal
TXN001946,MUS0388,2024-03-29 23:54:00,Cuma,23,1,Giyim,Online,761.95,693.28,9.9,Gaziantep,0,0.92,8,0,normal
TXN000945,MUS0475,2024-07-12 07:44:00,Cuma,7,0,Sağlık,Telefon,345.78,347.41,-0.5,İstanbul,0,0.12,0,0,normal
TXN001926,MUS0680,2024-04-26 11:19:00,Cuma,11,0,Market,ATM,578.38,438.47,31.9,Bursa,0,1.49,9,0,normal
TXN001456,MUS0521,2024-07-21 15:55:00,Pazar,15,0,Yakıt,Online,385.17,370.34,4.0,Eskişehir,0,0.47,8,0,normal
TXN001137,MUS0793,2024-07-17 16:01:00,Çarşamba,16,0,ATM Nakit,Fiziksel Kart,310.87,369.98,-16.0,İzmir,0,0.21,7,0,normal
TXN004457,MUS0178,2024-10-21 20:56:00,Pazartesi,20,0,ATM Nakit,Online,1022.6,603.91,69.3,Antalya,0,0.1,0,0,normal
TXN004316,MUS0776,2024-11-05 07:25:00,Salı,7,0,ATM Nakit,ATM,494.26,570.38,-13.3,İzmir,0,0.84,4,0,normal
TXN000620,MUS0749,2024-02-05 00:50:00,Pazartesi,0,1,Online Alışveriş,Fiziksel Kart,199.37,226.53,-12.0,Antalya,0,0.25,0,0,normal
TXN003908,MUS0773,2024-02-18 06:18:00,Pazar,6,0,Eğlence,Fiziksel Kart,612.79,425.78,43.9,Eskişehir,0,0.74,5,0,normal
TXN002565,MUS0119,2024-05-21 18:02:00,Salı,18,0,Döviz,Temassız,192.9,193.65,-0.4,Adana,0,1.39,9,0,normal
TXN004610,MUS0528,2024-05-01 20:05:00,Çarşamba,20,0,Restoran,Online,894.41,722.05,23.9,Eskişehir,0,1.16,11,0,normal
TXN003811,MUS0416,2024-09-26 17:41:00,Perşembe,17,0,Online Alışveriş,Fiziksel Kart,314.38,513.6,-38.8,Bursa,0,0.3,2,0,normal
TXN004111,MUS0781,2024-10-05 20:51:00,Cumartesi,20,0,ATM Nakit,Temassız,794.11,684.21,16.1,Gaziantep,0,0.06,8,0,normal
TXN004184,MUS0149,2024-10-01 06:25:00,Salı,6,0,ATM Nakit,Fiziksel Kart,576.54,659.44,-12.6,Eskişehir,0,0.01,6,0,normal
TXN002668,MUS0278,2024-07-21 19:51:00,Pazar,19,0,Sağlık,Temassız,359.09,567.32,-36.7,Londra,1,1.75,14,0,normal
TXN001473,MUS0109,2024-03-26 18:37:00,Salı,18,0,Eğlence,Temassız,732.95,771.66,-5.0,Antalya,0,0.75,10,0,normal
TXN002497,MUS0680,2024-05-19 05:15:00,Pazar,1,1,ATM Nakit,ATM,4311.55,438.47,883.3,Bursa,0,3.53,73,1,gece_islemi
TXN004966,MUS0769,2024-08-26 13:41:00,Pazartesi,13,0,Uluslararası,Temassız,301.14,314.58,-4.3,Gaziantep,0,0.23,10,0,normal
TXN000264,MUS0730,2024-04-22 11:32:00,Pazartesi,11,0,Online Alışveriş,Temassız,389.78,528.56,-26.3,Konya,0,1.16,17,0,normal
TXN003403,MUS0002,2024-11-20 23:01:00,Çarşamba,23,1,Restoran,Online,589.06,347.31,69.6,Gaziantep,0,0.05,6,0,normal
TXN001272,MUS0515,2024-07-05 02:45:00,Cuma,2,1,Elektronik,ATM,443.29,683.68,-35.2,Bursa,0,1.46,14,0,normal
TXN001209,MUS0552,2024-06-02 07:28:00,Pazar,7,0,Uluslararası,Fiziksel Kart,529.44,587.88,-9.9,İzmir,0,0.58,9,0,normal
TXN004199,MUS0660,2024-04-25 22:18:00,Perşembe,22,0,Giyim,Fiziksel Kart,442.25,352.16,25.6,Kayseri,0,0.22,1,0,normal
TXN003763,MUS0219,2024-05-15 22:57:00,Çarşamba,22,0,Restoran,Fiziksel Kart,106.73,157.34,-32.2,Gaziantep,0,0.88,14,0,normal
TXN003793,MUS0135,2024-02-13 00:31:00,Salı,0,1,Market,Fiziksel Kart,672.8,610.35,10.2,Bursa,0,0.4,0,0,normal
TXN002020,MUS0157,2024-08-08 05:37:00,Perşembe,5,1,Ulaşım,Temassız,500.91,390.75,28.2,İstanbul,0,0.28,8,0,normal
TXN004145,MUS0785,2024-07-28 01:46:00,Pazar,1,1,ATM Nakit,Online,550.6,484.73,13.6,Ankara,0,0.71,15,0,normal
TXN003926,MUS0435,2024-01-15 02:55:00,Pazartesi,2,1,Elektronik,Temassız,460.55,330.25,39.5,Adana,0,1.49,9,0,normal
TXN004718,MUS0507,2024-06-25 09:03:00,Salı,9,0,Market,Temassız,374.2,359.44,4.1,Mersin,0,0.51,15,0,normal
TXN004861,MUS0609,2024-07-24 11:39:00,Çarşamba,11,0,Eğlence,Fiziksel Kart,570.28,484.82,17.6,Bursa,0,1.12,15,0,normal
TXN001748,MUS0219,2024-09-18 22:56:00,Çarşamba,22,0,Giyim,Temassız,96.91,157.34,-38.4,Londra,1,0.98,10,0,normal
TXN001032,MUS0181,2024-01-18 11:00:00,Perşembe,11,0,Giyim,Fiziksel Kart,120.8,87.04,38.8,Konya,0,0.0,6,0,normal
TXN000670,MUS0087,2024-09-27 22:49:00,Cuma,22,0,Giyim,Online,152.93,670.82,-77.2,Antalya,0,0.38,3,0,normal
TXN004651,MUS0111,2024-08-29 13:34:00,Perşembe,13,0,Elektronik,Online,252.69,254.74,-0.8,Konya,0,1.09,19,0,normal
TXN001075,MUS0263,2024-02-08 18:33:00,Perşembe,18,0,Ulaşım,Online,57.17,86.47,-33.9,Kayseri,0,0.9,9,0,normal
TXN001902,MUS0149,2024-01-21 16:42:00,Pazar,16,0,Yakıt,Temassız,952.18,659.44,44.4,Eskişehir,0,0.61,10,0,normal
TXN001212,MUS0216,2024-02-28 12:10:00,Çarşamba,12,0,Giyim,Fiziksel Kart,109.19,173.04,-36.9,İzmir,0,0.5,11,0,normal
TXN000736,MUS0300,2024-05-13 10:28:00,Pazartesi,10,0,Ulaşım,Online,364.54,723.01,-49.6,Eskişehir,0,0.33,0,0,normal
TXN004503,MUS0752,2024-02-04 17:39:00,Pazar,17,0,Döviz,Online,343.04,372.99,-8.0,Mersin,0,0.03,0,0,normal
TXN003211,MUS0051,2024-12-28 13:25:00,Cumartesi,13,0,Giyim,Fiziksel Kart,393.78,500.39,-21.3,Kayseri,0,0.19,3,0,normal
TXN004616,MUS0190,2024-06-01 05:42:00,Cumartesi,5,1,Market,Fiziksel Kart,673.08,716.37,-6.0,Kayseri,0,0.01,3,0,normal
TXN001682,MUS0710,2024-08-16 18:17:00,Cuma,18,0,Market,Online,433.12,365.23,18.6,Adana,0,0.32,9,0,normal
TXN003475,MUS0534,2024-05-04 07:28:00,Cumartesi,7,0,Ulaşım,Temassız,1180.05,709.81,66.2,İzmir,0,1.68,24,0,normal
TXN000425,MUS0037,2024-11-06 21:32:00,Çarşamba,21,0,ATM Nakit,Fiziksel Kart,1577.8,524.23,201.0,Ankara,0,4.22,80,1,farkli_sehir
TXN001060,MUS0723,2024-01-03 07:44:00,Çarşamba,7,0,Market,Fiziksel Kart,225.89,614.63,-63.2,Gaziantep,0,1.32,9,0,normal
TXN003253,MUS0538,2024-09-11 03:05:00,Çarşamba,3,1,Ulaşım,ATM,141.36,195.13,-27.6,New York,1,0.35,8,0,normal
TXN002083,MUS0661,2024-12-16 11:09:00,Pazartesi,11,0,Eğlence,Fiziksel Kart,532.21,649.1,-18.0,Eskişehir,0,0.59,4,0,normal
TXN002124,MUS0499,2024-06-07 23:13:00,Cuma,23,1,Elektronik,Temassız,840.83,563.96,49.1,Kayseri,0,0.02,0,0,normal
TXN000574,MUS0164,2024-03-30 22:08:00,Cumartesi,22,0,Sağlık,Online,779.58,695.03,12.2,Antalya,0,1.15,7,0,normal
TXN004975,MUS0323,2024-06-16 01:21:00,Pazar,1,1,Giyim,Fiziksel Kart,551.02,592.84,-7.1,Samsun,0,1.23,15,0,normal
TXN002590,MUS0277,2024-07-14 00:44:00,Pazar,0,1,Eğlence,Online,245.95,396.84,-38.0,Ankara,0,0.31,6,0,normal
TXN000545,MUS0357,2024-05-09 14:31:00,Perşembe,14,0,Giyim,ATM,314.7,381.21,-17.4,Gaziantep,0,0.1,2,0,normal
TXN004773,MUS0433,2024-12-01 14:53:00,Pazar,14,0,Yakıt,Fiziksel Kart,606.95,557.43,8.9,Adana,0,1.54,25,0,normal
TXN004728,MUS0750,2024-09-06 23:20:00,Cuma,23,1,Restoran,Fiziksel Kart,915.62,603.67,51.7,Eskişehir,0,0.82,3,0,normal
TXN004984,MUS0189,2024-12-04 04:45:00,Çarşamba,4,1,Döviz,ATM,194.75,372.31,-47.7,Adana,0,0.96,12,0,normal
TXN003969,MUS0499,2024-07-23 17:36:00,Salı,17,0,Sağlık,Online,294.49,563.96,-47.8,Kayseri,0,0.05,9,0,normal
TXN003896,MUS0134,2024-12-24 10:12:00,Salı,10,0,Market,ATM,222.75,745.38,-70.1,Gaziantep,0,1.58,12,0,normal
TXN001216,MUS0355,2024-05-10 22:05:00,Cuma,22,0,Döviz,ATM,435.03,614.64,-29.2,Mersin,0,1.56,23,0,normal
TXN003117,MUS0355,2024-07-04 12:52:00,Perşembe,12,0,ATM Nakit,Online,357.63,614.64,-41.8,Mersin,0,1.2,22,0,normal
TXN002908,MUS0094,2024-07-13 07:58:00,Cumartesi,7,0,Uluslararası,ATM,753.96,574.72,31.2,Eskişehir,0,0.34,12,0,normal
TXN001760,MUS0596,2024-03-20 23:04:00,Çarşamba,23,1,Döviz,ATM,118.74,217.2,-45.3,İzmir,0,1.33,17,0,normal
TXN003496,MUS0166,2024-01-27 14:58:00,Cumartesi,14,0,Yakıt,Fiziksel Kart,366.34,368.91,-0.7,Samsun,0,1.05,14,0,normal
TXN002030,MUS0321,2024-02-14 04:19:00,Çarşamba,4,1,Market,Telefon,389.29,393.11,-1.0,Gaziantep,0,0.05,9,0,normal
TXN003764,MUS0125,2024-03-24 18:07:00,Pazar,18,0,Market,Temassız,216.45,183.8,17.8,İstanbul,0,0.04,6,0,normal
TXN001865,MUS0078,2024-07-20 12:29:00,Cumartesi,12,0,Uluslararası,ATM,1027.08,756.87,35.7,Ankara,0,0.38,7,0,normal
TXN001424,MUS0708,2024-11-17 11:56:00,Pazar,11,0,Yakıt,Fiziksel Kart,208.38,171.18,21.7,Ankara,0,0.56,6,0,normal
TXN000232,MUS0151,2024-08-05 08:49:00,Pazartesi,8,0,Yakıt,Temassız,129.9,200.38,-35.2,İzmir,0,0.56,11,0,normal
TXN003557,MUS0493,2024-09-29 06:51:00,Pazar,6,0,Restoran,Telefon,27.93,187.36,-85.1,Bursa,0,0.53,2,0,normal
TXN002935,MUS0642,2024-05-23 12:54:00,Perşembe,12,0,Eğlence,Online,259.9,302.61,-14.1,İstanbul,0,1.41,14,0,normal
TXN003130,MUS0727,2024-07-30 04:01:00,Salı,4,1,Market,Fiziksel Kart,305.27,295.6,3.3,Konya,0,0.36,10,0,normal
TXN003848,MUS0105,2024-10-06 00:14:00,Pazar,0,1,Restoran,Temassız,794.88,544.6,46.0,Gaziantep,0,0.79,7,0,normal
TXN003272,MUS0240,2024-09-26 15:57:00,Perşembe,15,0,Eğlence,Temassız,575.9,741.98,-22.4,Samsun,0,0.82,8,0,normal
TXN002504,MUS0053,2024-03-02 07:29:00,Cumartesi,7,0,Online Alışveriş,Fiziksel Kart,463.05,361.55,28.1,Adana,0,0.26,1,0,normal
TXN004848,MUS0558,2024-12-25 09:34:00,Çarşamba,9,0,Market,Fiziksel Kart,208.95,396.55,-47.3,Adana,0,0.56,10,0,normal
TXN000702,MUS0585,2024-08-02 23:41:00,Cuma,23,1,Restoran,Telefon,403.28,652.37,-38.2,Mersin,0,0.26,8,0,normal
TXN003598,MUS0110,2024-10-07 08:23:00,Pazartesi,8,0,Uluslararası,Online,849.23,567.95,49.5,Kayseri,0,1.13,16,0,normal
TXN000125,MUS0664,2024-08-22 20:28:00,Perşembe,20,0,Sağlık,Online,858.75,581.08,47.8,Konya,0,0.04,6,0,normal
TXN003920,MUS0015,2024-11-22 08:10:00,Cuma,8,0,Elektronik,ATM,1119.59,625.7,78.9,Mersin,0,0.6,11,0,normal
TXN001843,MUS0056,2024-11-02 08:14:00,Cumartesi,8,0,Sağlık,Online,520.44,433.94,19.9,Adana,0,0.34,7,0,normal
TXN002878,MUS0487,2024-10-16 17:39:00,Çarşamba,17,0,Market,Fiziksel Kart,365.79,426.85,-14.3,Gaziantep,0,0.52,11,0,normal
TXN001268,MUS0642,2024-06-25 02:18:00,Salı,2,1,Döviz,Fiziksel Kart,74.46,302.61,-75.4,İstanbul,0,0.45,4,0,normal
TXN003909,MUS0774,2024-04-01 21:06:00,Pazartesi,21,0,Eğlence,Fiziksel Kart,761.49,547.1,39.2,Gaziantep,0,0.71,5,0,normal
TXN002349,MUS0292,2024-02-12 22:28:00,Pazartesi,22,0,Uluslararası,ATM,405.68,560.34,-27.6,Mersin,0,2.22,25,0,normal
TXN002262,MUS0130,2024-10-24 02:43:00,Perşembe,2,1,Sağlık,ATM,507.6,493.83,2.8,Ankara,0,1.12,9,0,normal
TXN003413,MUS0551,2024-12-12 09:58:00,Perşembe,9,0,Sağlık,Temassız,461.41,533.28,-13.5,Gaziantep,0,0.41,3,0,normal
TXN002788,MUS0042,2024-02-15 22:19:00,Perşembe,22,0,Uluslararası,Fiziksel Kart,586.25,531.1,10.4,Ankara,0,0.01,0,0,normal
TXN000926,MUS0778,2024-05-16 16:28:00,Perşembe,16,0,Online Alışveriş,Fiziksel Kart,149.75,164.22,-8.8,Kayseri,0,0.07,9,0,normal
TXN001013,MUS0157,2024-01-03 15:34:00,Çarşamba,15,0,Online Alışveriş,Online,380.96,390.75,-2.5,İstanbul,0,0.9,4,0,normal
TXN004818,MUS0284,2024-02-13 04:39:00,Salı,4,1,Market,Online,6.07,281.67,-97.8,Samsun,0,2.31,71,1,kart_test
TXN000144,MUS0754,2024-10-23 20:07:00,Çarşamba,20,0,Sağlık,Temassız,545.54,670.0,-18.6,Kayseri,0,0.49,13,0,normal
TXN003112,MUS0396,2024-05-19 04:20:00,Pazar,4,1,Ulaşım,Online,194.56,777.7,-75.0,Gaziantep,0,0.34,0,0,normal
TXN002130,MUS0524,2024-08-16 14:36:00,Cuma,14,0,Elektronik,Temassız,566.12,746.07,-24.1,Antalya,0,0.77,11,0,normal
TXN002689,MUS0201,2024-09-18 21:29:00,Çarşamba,21,0,Online Alışveriş,Fiziksel Kart,482.11,578.13,-16.6,Dubai,1,1.15,7,0,normal
TXN000447,MUS0107,2024-12-12 13:41:00,Perşembe,13,0,Döviz,Temassız,296.83,382.24,-22.3,Konya,0,1.07,10,0,normal
TXN003389,MUS0737,2024-05-13 15:37:00,Pazartesi,15,0,ATM Nakit,Online,526.49,515.52,2.1,Eskişehir,0,2.06,19,0,normal
TXN001378,MUS0680,2024-04-02 08:55:00,Salı,8,0,Yakıt,Fiziksel Kart,577.31,438.47,31.7,Bursa,0,0.77,6,0,normal
TXN000358,MUS0427,2024-06-28 18:51:00,Cuma,2,1,Online Alışveriş,ATM,1448.03,141.02,926.8,İstanbul,0,7.03,97,1,gece_islemi
TXN003836,MUS0209,2024-10-26 16:03:00,Cumartesi,16,0,Market,Online,5.49,385.7,-98.6,Bursa,0,5.3,91,1,kart_test
TXN004813,MUS0779,2024-08-16 08:54:00,Cuma,8,0,Market,Fiziksel Kart,130.17,158.08,-17.7,Moskova,1,0.63,2,0,normal
TXN000443,MUS0387,2024-10-19 01:59:00,Cumartesi,1,1,Restoran,Online,666.85,547.94,21.7,Mersin,0,1.02,14,0,normal
TXN003767,MUS0088,2024-10-04 05:08:00,Cuma,5,1,Yakıt,Fiziksel Kart,42.19,179.41,-76.5,Samsun,0,1.61,21,0,normal
TXN003683,MUS0201,2024-07-08 08:47:00,Pazartesi,8,0,Yakıt,Online,569.5,578.13,-1.5,Samsun,0,0.66,13,0,normal
TXN002421,MUS0629,2024-10-12 13:49:00,Cumartesi,13,0,Market,Telefon,402.27,293.25,37.2,Tokyo,1,0.41,3,0,normal
TXN001004,MUS0644,2024-03-02 00:28:00,Cumartesi,0,1,Giyim,Fiziksel Kart,244.58,275.12,-11.1,İzmir,0,0.49,9,0,normal
TXN000410,MUS0698,2024-01-22 02:00:00,Pazartesi,2,1,Giyim,Telefon,429.09,405.26,5.9,Ankara,0,1.29,11,0,normal
TXN003418,MUS0354,2024-07-05 23:43:00,Cuma,23,1,ATM Nakit,Online,149.63,176.57,-15.3,Mersin,0,0.18,2,0,normal
TXN001769,MUS0673,2024-12-03 19:03:00,Salı,19,0,Ulaşım,Online,154.21,254.7,-39.5,Antalya,0,0.13,0,0,normal
TXN002044,MUS0160,2024-05-29 22:30:00,Çarşamba,22,0,ATM Nakit,Fiziksel Kart,92.86,88.83,4.5,Eskişehir,0,0.75,13,0,normal
TXN002535,MUS0151,2024-11-25 10:30:00,Pazartesi,10,0,Giyim,Online,266.09,200.38,32.8,İzmir,0,0.51,6,0,normal
TXN000923,MUS0749,2024-05-28 12:24:00,Salı,12,0,Uluslararası,Fiziksel Kart,117.25,226.53,-48.2,Antalya,0,0.95,12,0,normal
TXN004629,MUS0055,2024-07-23 09:58:00,Salı,9,0,Elektronik,Temassız,1496.06,741.95,101.6,Kayseri,0,0.21,12,0,normal
TXN003935,MUS0344,2024-03-09 12:02:00,Cumartesi,12,0,Sağlık,ATM,291.12,243.21,19.7,Mersin,0,1.69,23,0,normal
TXN004043,MUS0375,2024-08-29 10:59:00,Perşembe,10,0,ATM Nakit,Telefon,533.4,769.58,-30.7,Adana,0,0.01,0,0,normal
TXN001686,MUS0222,2024-09-26 05:17:00,Perşembe,5,1,ATM Nakit,Fiziksel Kart,672.15,435.26,54.4,Mersin,0,0.09,0,0,normal
TXN001858,MUS0355,2024-01-23 17:22:00,Salı,17,0,Yakıt,Fiziksel Kart,770.71,614.64,25.4,Mersin,0,0.39,10,0,normal
TXN004376,MUS0690,2024-11-11 12:33:00,Pazartesi,12,0,Elektronik,Online,463.23,599.34,-22.7,Mersin,0,0.75,17,0,normal
TXN000344,MUS0477,2024-05-18 18:14:00,Cumartesi,18,0,Uluslararası,Fiziksel Kart,606.77,662.24,-8.4,Eskişehir,0,0.43,2,0,normal
TXN001178,MUS0206,2024-01-20 07:27:00,Cumartesi,7,0,Elektronik,Fiziksel Kart,117.7,108.31,8.7,Eskişehir,0,1.02,16,0,normal
TXN001728,MUS0624,2024-02-11 21:53:00,Pazar,21,0,Yakıt,Online,350.81,473.95,-26.0,Bursa,0,0.38,0,0,normal
TXN001698,MUS0146,2024-02-07 18:11:00,Çarşamba,18,0,Yakıt,Fiziksel Kart,329.18,279.19,17.9,Adana,0,0.08,4,0,normal
TXN004002,MUS0167,2024-12-06 15:59:00,Cuma,15,0,Elektronik,Online,125.08,200.91,-37.7,Samsun,0,0.38,3,0,normal
TXN003842,MUS0243,2024-01-06 04:03:00,Cumartesi,4,1,Yakıt,Fiziksel Kart,163.73,93.38,75.3,Samsun,0,0.09,4,0,normal
TXN000378,MUS0584,2024-11-05 03:13:00,Salı,3,1,Yakıt,Online,251.78,360.6,-30.2,İzmir,0,1.8,19,0,normal
TXN001987,MUS0757,2024-06-05 08:32:00,Çarşamba,8,0,Market,Fiziksel Kart,502.26,529.57,-5.2,Gaziantep,0,0.69,10,0,normal
TXN002544,MUS0411,2024-05-06 12:05:00,Pazartesi,12,0,Sağlık,Online,657.68,481.79,36.5,Adana,0,0.1,0,0,normal
TXN001411,MUS0448,2024-02-07 09:13:00,Çarşamba,9,0,Giyim,ATM,521.35,442.99,17.7,Antalya,0,0.54,6,0,normal
TXN004040,MUS0524,2024-04-02 16:07:00,Salı,16,0,Ulaşım,Fiziksel Kart,517.48,746.07,-30.6,Antalya,0,0.4,4,0,normal
TXN003646,MUS0284,2024-06-24 02:32:00,Pazartesi,2,1,Döviz,ATM,124.07,281.67,-56.0,Samsun,0,0.08,0,0,normal
TXN001639,MUS0370,2024-10-01 07:51:00,Salı,7,0,Sağlık,Fiziksel Kart,97.37,254.3,-61.7,Eskişehir,0,0.54,8,0,normal
TXN000699,MUS0735,2024-05-18 18:25:00,Cumartesi,18,0,Ulaşım,Fiziksel Kart,397.95,346.16,15.0,Ankara,0,0.57,6,0,normal
TXN002443,MUS0514,2024-11-27 10:44:00,Çarşamba,10,0,Online Alışveriş,Telefon,1141.24,705.35,61.8,İzmir,0,0.16,5,0,normal
TXN003398,MUS0272,2024-02-26 06:43:00,Pazartesi,6,0,Sağlık,Temassız,793.73,701.55,13.1,Gaziantep,0,0.25,11,0,normal
TXN000560,MUS0648,2024-05-15 18:26:00,Çarşamba,18,0,Uluslararası,Telefon,231.24,129.1,79.1,Paris,1,1.19,14,0,normal
TXN002341,MUS0308,2024-07-06 12:43:00,Cumartesi,12,0,Döviz,Temassız,947.35,719.93,31.6,Konya,0,0.83,15,0,normal
TXN002700,MUS0265,2024-07-06 04:10:00,Cumartesi,4,1,ATM Nakit,Online,2677.98,260.92,926.4,Ankara,0,4.98,83,1,gece_islemi
TXN003812,MUS0763,2024-03-28 06:33:00,Perşembe,6,0,Döviz,Fiziksel Kart,496.45,604.91,-17.9,Kayseri,0,2.18,27,0,normal
TXN001124,MUS0692,2024-03-16 19:59:00,Cumartesi,19,0,Yakıt,Fiziksel Kart,104.98,91.31,15.0,Antalya,0,0.74,9,0,normal
TXN004013,MUS0782,2024-04-27 16:22:00,Cumartesi,16,0,Ulaşım,Online,306.53,660.65,-53.6,Antalya,0,0.77,4,0,normal
TXN000337,MUS0479,2024-02-10 16:49:00,Cumartesi,16,0,Eğlence,Fiziksel Kart,338.89,294.1,15.2,Samsun,0,0.12,5,0,normal
TXN004327,MUS0536,2024-10-03 05:27:00,Perşembe,5,1,Market,Fiziksel Kart,705.64,511.75,37.9,Bursa,0,1.33,12,0,normal
TXN000689,MUS0054,2024-02-26 05:44:00,Pazartesi,5,1,Giyim,Fiziksel Kart,100.86,115.25,-12.5,Ankara,0,0.54,2,0,normal
TXN002377,MUS0039,2024-08-07 00:17:00,Çarşamba,0,1,Restoran,Online,1032.63,773.66,33.5,Mersin,0,0.33,5,0,normal
TXN000111,MUS0286,2024-01-07 17:51:00,Pazar,17,0,Eğlence,Telefon,207.7,351.09,-40.8,Ankara,0,0.6,9,0,normal
TXN001202,MUS0272,2024-03-13 01:17:00,Çarşamba,1,1,Yakıt,Temassız,356.66,701.55,-49.2,Gaziantep,0,0.1,1,0,normal
TXN002684,MUS0200,2024-09-13 08:12:00,Cuma,8,0,Online Alışveriş,Fiziksel Kart,177.41,183.86,-3.5,İzmir,0,0.1,11,0,normal
TXN003592,MUS0290,2024-09-29 12:16:00,Pazar,12,0,Restoran,Fiziksel Kart,664.54,477.03,39.3,Gaziantep,0,0.1,4,0,normal
TXN004477,MUS0615,2024-11-13 09:34:00,Çarşamba,9,0,Ulaşım,Online,450.54,752.55,-40.1,Bursa,0,0.24,5,0,normal
TXN003312,MUS0535,2024-03-23 11:13:00,Cumartesi,11,0,Eğlence,Fiziksel Kart,1331.04,696.24,91.2,Mersin,0,5.66,90,1,farkli_sehir
TXN004337,MUS0325,2024-03-04 09:02:00,Pazartesi,9,0,Yakıt,ATM,369.86,473.16,-21.8,Antalya,0,0.79,2,0,normal
TXN000484,MUS0672,2024-06-14 22:07:00,Cuma,22,0,Yakıt,Online,1079.83,701.4,54.0,Mersin,0,0.34,8,0,normal
TXN001494,MUS0663,2024-09-27 09:17:00,Cuma,9,0,Giyim,Temassız,989.41,710.91,39.2,Adana,0,0.46,4,0,normal
TXN004360,MUS0156,2024-02-29 12:23:00,Perşembe,12,0,Ulaşım,Temassız,137.66,158.07,-12.9,Bursa,0,2.59,26,0,normal
TXN000268,MUS0299,2024-03-31 14:28:00,Pazar,14,0,Market,Fiziksel Kart,463.83,398.01,16.5,Konya,0,0.03,1,0,normal
TXN001393,MUS0155,2024-05-20 09:24:00,Pazartesi,9,0,ATM Nakit,Fiziksel Kart,245.58,167.07,47.0,Kayseri,0,0.65,9,0,normal
TXN002126,MUS0482,2024-02-01 11:12:00,Perşembe,11,0,Eğlence,ATM,401.27,233.28,72.0,Kayseri,0,1.04,16,0,normal
TXN004969,MUS0240,2024-11-03 10:28:00,Pazar,10,0,Ulaşım,Online,308.88,741.98,-58.4,Samsun,0,0.52,0,0,normal
TXN001496,MUS0301,2024-10-03 14:45:00,Perşembe,14,0,Uluslararası,Fiziksel Kart,442.24,372.69,18.7,İstanbul,0,0.0,7,0,normal
TXN002141,MUS0280,2024-12-07 08:40:00,Cumartesi,8,0,Restoran,Fiziksel Kart,200.38,121.2,65.3,Ankara,0,1.25,17,0,normal
TXN004067,MUS0471,2024-06-13 03:16:00,Perşembe,3,1,Ulaşım,Fiziksel Kart,592.07,364.61,62.4,İzmir,0,0.52,14,0,normal
TXN003447,MUS0636,2024-01-01 04:20:00,Pazartesi,4,1,Uluslararası,Temassız,1256.21,788.67,59.3,Gaziantep,0,0.27,9,0,normal
TXN004420,MUS0464,2024-08-28 13:50:00,Çarşamba,13,0,Sağlık,Fiziksel Kart,718.05,484.15,48.3,İzmir,0,1.81,15,0,normal
TXN001158,MUS0692,2024-10-22 08:06:00,Salı,8,0,ATM Nakit,Online,144.85,91.31,58.6,Antalya,0,1.12,18,0,normal
TXN002560,MUS0632,2024-12-12 03:48:00,Perşembe,3,1,Giyim,Fiziksel Kart,104.31,133.92,-22.1,Gaziantep,0,0.69,13,0,normal
TXN003647,MUS0415,2024-09-10 11:23:00,Salı,11,0,Restoran,Online,636.49,475.06,34.0,Kayseri,0,0.02,4,0,normal
TXN001067,MUS0450,2024-02-16 15:28:00,Cuma,15,0,Online Alışveriş,Temassız,632.67,648.42,-2.4,Mersin,0,1.14,13,0,normal
TXN002459,MUS0156,2024-11-02 09:57:00,Cumartesi,9,0,Uluslararası,Fiziksel Kart,93.55,158.07,-40.8,Bursa,0,0.57,2,0,normal
TXN001662,MUS0539,2024-12-02 19:04:00,Pazartesi,19,0,ATM Nakit,Temassız,195.72,266.78,-26.6,Antalya,0,1.44,11,0,normal
TXN004406,MUS0688,2024-07-04 13:24:00,Perşembe,13,0,ATM Nakit,Temassız,223.77,210.61,6.2,Bursa,0,0.75,8,0,normal
TXN002636,MUS0020,2024-07-23 14:54:00,Salı,14,0,ATM Nakit,Online,62.15,80.24,-22.5,Samsun,0,0.03,0,0,normal
TXN000066,MUS0024,2024-03-19 16:46:00,Salı,16,0,Ulaşım,Fiziksel Kart,685.19,574.91,19.2,Bursa,0,0.36,0,0,normal
TXN000191,MUS0527,2024-07-18 11:07:00,Perşembe,11,0,ATM Nakit,Online,591.14,727.85,-18.8,Ankara,0,0.77,14,0,normal
TXN002174,MUS0594,2024-05-24 23:04:00,Cuma,23,1,Market,Online,116.58,110.94,5.1,Eskişehir,0,0.71,16,0,normal
TXN000719,MUS0614,2024-06-03 02:33:00,Pazartesi,2,1,Yakıt,Online,172.42,225.75,-23.6,Adana,0,1.38,22,0,normal
TXN001648,MUS0504,2024-03-24 07:25:00,Pazar,7,0,ATM Nakit,Online,735.5,722.06,1.9,Adana,0,0.57,7,0,normal
TXN002998,MUS0736,2024-12-08 16:38:00,Pazar,16,0,Ulaşım,Fiziksel Kart,433.25,145.95,196.8,Kayseri,0,3.45,75,1,farkli_sehir
TXN001512,MUS0248,2024-09-27 15:13:00,Cuma,15,0,Giyim,Fiziksel Kart,327.12,326.91,0.1,Kayseri,0,0.8,11,0,normal
TXN000726,MUS0467,2024-09-09 19:17:00,Pazartesi,19,0,Uluslararası,Temassız,811.44,654.42,24.0,Bangkok,1,1.03,16,0,normal
TXN000324,MUS0421,2024-03-06 03:39:00,Çarşamba,3,1,Döviz,Fiziksel Kart,265.53,473.48,-43.9,Gaziantep,0,0.13,1,0,normal
TXN003562,MUS0791,2024-12-04 23:22:00,Çarşamba,23,1,Döviz,Fiziksel Kart,253.95,384.86,-34.0,Bursa,0,0.77,2,0,normal
TXN000273,MUS0373,2024-11-24 07:44:00,Pazar,7,0,Döviz,Fiziksel Kart,293.42,351.75,-16.6,Samsun,0,1.91,15,0,normal
TXN002747,MUS0015,2024-09-05 03:06:00,Perşembe,3,1,Yakıt,Fiziksel Kart,989.79,625.7,58.2,Mersin,0,2.19,30,0,normal
TXN000813,MUS0336,2024-12-25 12:30:00,Çarşamba,12,0,Restoran,Online,341.24,201.77,69.1,Tokyo,1,1.0,17,0,normal
TXN000219,MUS0436,2024-06-28 19:39:00,Cuma,19,0,Ulaşım,ATM,564.99,391.22,44.4,İstanbul,0,0.28,11,0,normal
TXN001677,MUS0794,2024-12-23 16:40:00,Pazartesi,16,0,Eğlence,Fiziksel Kart,395.56,497.76,-20.5,Adana,0,0.85,13,0,normal
TXN001850,MUS0256,2024-01-11 22:36:00,Perşembe,22,0,Uluslararası,Fiziksel Kart,136.94,296.1,-53.8,İstanbul,0,0.27,6,0,normal
TXN000365,MUS0695,2024-12-08 05:33:00,Pazar,5,1,ATM Nakit,Fiziksel Kart,722.17,467.16,54.6,Eskişehir,0,1.05,20,0,normal
TXN000625,MUS0172,2024-04-15 14:59:00,Pazartesi,14,0,Eğlence,Fiziksel Kart,410.02,304.99,34.4,Ankara,0,0.72,16,0,normal
TXN003091,MUS0677,2024-08-23 03:54:00,Cuma,3,1,Elektronik,Online,3520.59,704.79,399.5,Roma,1,3.84,76,1,yurtdisi_anomali
TXN002638,MUS0629,2024-02-06 23:38:00,Salı,23,1,Yakıt,Online,476.29,293.25,62.4,Antalya,0,1.82,21,0,normal
TXN003961,MUS0697,2024-08-03 19:41:00,Cumartesi,19,0,Döviz,Online,151.98,589.03,-74.2,Paris,1,2.0,20,0,normal
TXN003781,MUS0109,2024-03-13 06:26:00,Çarşamba,6,0,Sağlık,Online,948.21,771.66,22.9,Antalya,0,0.32,0,0,normal
TXN004533,MUS0520,2024-07-20 08:43:00,Cumartesi,8,0,Elektronik,Fiziksel Kart,539.41,393.04,37.2,Kayseri,0,0.14,1,0,normal
TXN001752,MUS0462,2024-01-24 23:09:00,Çarşamba,23,1,Giyim,Online,347.48,514.51,-32.5,Eskişehir,0,1.4,14,0,normal
TXN002786,MUS0398,2024-01-04 04:49:00,Perşembe,4,1,Ulaşım,Temassız,948.59,725.19,30.8,Konya,0,1.44,16,0,normal
TXN004565,MUS0687,2024-02-18 22:49:00,Pazar,22,0,Elektronik,Fiziksel Kart,328.58,358.54,-8.4,Ankara,0,0.63,7,0,normal
TXN003146,MUS0717,2024-02-01 04:08:00,Perşembe,4,1,Uluslararası,Online,428.54,520.91,-17.7,Bursa,0,0.9,14,0,normal
TXN002037,MUS0393,2024-10-17 10:34:00,Perşembe,10,0,Ulaşım,Fiziksel Kart,528.41,473.08,11.7,Mersin,0,0.11,2,0,normal
TXN000213,MUS0245,2024-01-19 04:38:00,Cuma,4,1,Online Alışveriş,Online,239.11,264.63,-9.6,Mersin,0,0.27,0,0,normal
TXN002066,MUS0721,2024-06-09 09:27:00,Pazar,9,0,Giyim,Online,523.52,621.68,-15.8,Konya,0,0.17,0,0,normal
TXN004089,MUS0127,2024-03-03 17:57:00,Pazar,17,0,Restoran,ATM,524.83,564.51,-7.0,Konya,0,0.06,6,0,normal
TXN000770,MUS0022,2024-10-27 00:13:00,Pazar,0,1,Sağlık,Fiziksel Kart,897.91,740.38,21.3,Adana,0,0.14,3,0,normal
TXN004967,MUS0346,2024-01-04 11:04:00,Perşembe,11,0,Restoran,Fiziksel Kart,247.56,215.25,15.0,Gaziantep,0,0.86,14,0,normal
TXN004546,MUS0724,2024-03-19 05:07:00,Salı,5,1,Online Alışveriş,Temassız,516.62,512.29,0.8,Samsun,0,0.27,1,0,normal
TXN003363,MUS0410,2024-04-19 20:22:00,Cuma,20,0,Döviz,Temassız,150.02,128.02,17.2,Konya,0,1.13,8,0,normal
TXN000568,MUS0615,2024-05-17 06:01:00,Cuma,6,0,Online Alışveriş,Temassız,1100.83,752.55,46.3,Bursa,0,1.62,17,0,normal
TXN002368,MUS0081,2024-09-08 05:17:00,Pazar,5,1,ATM Nakit,Fiziksel Kart,659.41,495.61,33.1,Gaziantep,0,0.36,12,0,normal
TXN002242,MUS0381,2024-11-20 12:30:00,Çarşamba,12,0,Ulaşım,Fiziksel Kart,415.51,469.01,-11.4,Samsun,0,1.85,27,0,normal
TXN004169,MUS0191,2024-09-17 13:42:00,Salı,13,0,Döviz,Online,6754.91,297.14,2173.3,Samsun,0,2.88,73,1,yuksek_tutar
TXN002537,MUS0444,2024-04-21 01:53:00,Pazar,1,1,ATM Nakit,Fiziksel Kart,671.78,716.06,-6.2,Konya,0,0.35,5,0,normal
TXN004950,MUS0127,2024-03-27 03:24:00,Çarşamba,3,1,Ulaşım,Fiziksel Kart,2172.62,564.51,284.9,Mersin,0,4.62,88,1,farkli_sehir
TXN004288,MUS0392,2024-09-23 20:23:00,Pazartesi,20,0,Uluslararası,Online,2337.57,219.59,964.5,Kayseri,0,2.33,71,1,yuksek_tutar
TXN002232,MUS0775,2024-12-19 00:08:00,Perşembe,0,1,Döviz,Telefon,339.35,399.2,-15.0,Eskişehir,0,0.5,11,0,normal
TXN001767,MUS0346,2024-03-19 09:36:00,Salı,9,0,Sağlık,Online,148.38,215.25,-31.1,Gaziantep,0,0.05,5,0,normal
TXN004772,MUS0765,2024-07-02 07:42:00,Salı,7,0,Uluslararası,Temassız,653.54,612.34,6.7,Amsterdam,1,0.6,13,0,normal
TXN003008,MUS0093,2024-11-13 23:38:00,Çarşamba,23,1,Uluslararası,Online,269.43,267.81,0.6,Samsun,0,0.75,12,0,normal
TXN001972,MUS0134,2024-08-22 01:58:00,Perşembe,1,1,Restoran,Online,1134.74,745.38,52.2,Ankara,0,0.1,9,0,normal
TXN001687,MUS0710,2024-04-08 13:25:00,Pazartesi,13,0,Uluslararası,Fiziksel Kart,3906.4,365.23,969.6,Roma,1,7.35,98,1,yurtdisi_anomali
TXN004750,MUS0052,2024-03-14 21:21:00,Perşembe,21,0,Online Alışveriş,Fiziksel Kart,517.11,581.67,-11.1,Antalya,0,0.7,9,0,normal
TXN004762,MUS0768,2024-01-14 17:06:00,Pazar,17,0,Yakıt,Fiziksel Kart,198.05,488.79,-59.5,İzmir,0,0.39,4,0,normal
TXN003733,MUS0461,2024-06-27 11:38:00,Perşembe,11,0,ATM Nakit,Fiziksel Kart,120.23,177.12,-32.1,Antalya,0,0.37,10,0,normal
TXN001077,MUS0469,2024-03-14 10:37:00,Perşembe,10,0,Yakıt,ATM,253.42,171.34,47.9,Mersin,0,0.72,15,0,normal
TXN001309,MUS0310,2024-10-04 10:06:00,Cuma,10,0,Restoran,Fiziksel Kart,636.53,620.56,2.6,Eskişehir,0,0.44,2,0,normal
TXN002275,MUS0224,2024-02-27 23:40:00,Salı,23,1,Eğlence,Telefon,679.13,619.08,9.7,Eskişehir,0,1.98,24,0,normal
TXN001375,MUS0746,2024-04-11 08:59:00,Perşembe,8,0,Döviz,Temassız,81.5,305.96,-73.4,Samsun,0,0.45,9,0,normal
TXN001746,MUS0346,2024-04-23 17:01:00,Salı,17,0,Yakıt,Fiziksel Kart,125.41,215.25,-41.7,Moskova,1,0.14,1,0,normal
TXN002078,MUS0158,2024-02-05 15:34:00,Pazartesi,15,0,Döviz,Fiziksel Kart,152.42,255.9,-40.4,Konya,0,0.43,14,0,normal
TXN001329,MUS0711,2024-01-15 01:22:00,Pazartesi,1,1,Döviz,Temassız,193.7,622.21,-68.9,Konya,0,1.28,11,0,normal
TXN000248,MUS0235,2024-02-23 12:40:00,Cuma,12,0,Döviz,Fiziksel Kart,147.8,126.4,16.9,Bursa,0,0.63,12,0,normal
TXN004527,MUS0649,2024-10-12 08:03:00,Cumartesi,8,0,Eğlence,Fiziksel Kart,539.52,574.81,-6.1,İstanbul,0,0.36,13,0,normal
TXN001444,MUS0319,2024-11-23 20:46:00,Cumartesi,20,0,Giyim,Fiziksel Kart,421.15,404.81,4.0,Antalya,0,0.85,16,0,normal
TXN003100,MUS0793,2024-07-03 07:52:00,Çarşamba,7,0,Uluslararası,ATM,386.65,369.98,4.5,İzmir,0,1.06,12,0,normal
TXN001635,MUS0761,2024-09-15 15:19:00,Pazar,15,0,Ulaşım,Fiziksel Kart,540.52,609.5,-11.3,Ankara,0,0.29,5,0,normal
TXN004983,MUS0372,2024-01-17 03:34:00,Çarşamba,3,1,Yakıt,Fiziksel Kart,484.88,332.8,45.7,İzmir,0,0.51,2,0,normal
TXN003611,MUS0016,2024-09-14 16:35:00,Cumartesi,16,0,Ulaşım,Temassız,159.49,327.87,-51.4,Kayseri,0,1.28,13,0,normal
TXN001030,MUS0441,2024-09-25 07:11:00,Çarşamba,7,0,Uluslararası,Temassız,588.8,358.35,64.3,Konya,0,0.11,1,0,normal
TXN000110,MUS0791,2024-12-29 13:15:00,Pazar,13,0,Market,Online,306.67,384.86,-20.3,Bursa,0,0.75,17,0,normal
TXN003200,MUS0664,2024-07-19 16:22:00,Cuma,16,0,Giyim,Fiziksel Kart,69.09,581.08,-88.1,Konya,0,0.38,0,0,normal
TXN001391,MUS0520,2024-05-09 21:25:00,Perşembe,21,0,Restoran,Online,528.61,393.04,34.5,Kayseri,0,1.07,14,0,normal
TXN003426,MUS0492,2024-06-27 14:38:00,Perşembe,14,0,Giyim,Online,253.65,258.21,-1.8,Eskişehir,0,0.82,14,0,normal
TXN003594,MUS0238,2024-02-05 09:53:00,Pazartesi,9,0,Sağlık,Online,1243.35,749.47,65.9,Mersin,0,1.54,24,0,normal
TXN000649,MUS0203,2024-07-26 02:19:00,Cuma,2,1,ATM Nakit,Fiziksel Kart,533.7,315.46,69.2,İzmir,0,1.08,10,0,normal
TXN002306,MUS0612,2024-08-29 00:36:00,Perşembe,0,1,Ulaşım,Temassız,673.74,738.97,-8.8,Bursa,0,0.27,0,0,normal
TXN003809,MUS0086,2024-04-10 15:41:00,Çarşamba,15,0,Online Alışveriş,Fiziksel Kart,719.15,560.34,28.3,Ankara,0,0.53,0,0,normal
TXN001666,MUS0001,2024-02-01 06:09:00,Perşembe,6,0,Eğlence,Online,675.99,761.76,-11.3,Kayseri,0,0.23,5,0,normal
TXN003702,MUS0677,2024-04-06 11:35:00,Cumartesi,11,0,Eğlence,Telefon,633.23,704.79,-10.2,Konya,0,1.24,13,0,normal
TXN003686,MUS0567,2024-08-14 09:11:00,Çarşamba,9,0,Ulaşım,Temassız,373.71,380.87,-1.9,Samsun,0,0.58,15,0,normal
TXN004732,MUS0199,2024-10-03 05:14:00,Perşembe,5,1,Online Alışveriş,Fiziksel Kart,603.23,464.63,29.8,Gaziantep,0,0.4,0,0,normal
TXN000034,MUS0326,2024-03-04 06:40:00,Pazartesi,6,0,Sağlık,Online,245.03,394.48,-37.9,Mersin,0,1.48,18,0,normal
TXN001906,MUS0129,2024-11-28 16:14:00,Perşembe,16,0,Restoran,Temassız,708.01,767.54,-7.8,Konya,0,0.36,8,0,normal
TXN003609,MUS0556,2024-03-08 15:18:00,Cuma,15,0,Sağlık,Fiziksel Kart,480.77,560.6,-14.2,Samsun,0,0.38,1,0,normal
TXN001772,MUS0587,2024-11-30 07:26:00,Cumartesi,7,0,ATM Nakit,Temassız,1006.6,617.7,63.0,Eskişehir,0,0.35,1,0,normal
TXN002371,MUS0587,2024-05-10 06:03:00,Cuma,6,0,Market,Fiziksel Kart,516.67,617.7,-16.4,Berlin,1,0.46,8,0,normal
TXN000631,MUS0026,2024-09-29 14:28:00,Pazar,14,0,Market,Online,196.0,266.09,-26.3,Roma,1,1.59,21,0,normal
TXN003997,MUS0218,2024-08-18 05:09:00,Pazar,5,1,ATM Nakit,Fiziksel Kart,226.64,293.9,-22.9,İstanbul,0,0.04,4,0,normal
TXN000857,MUS0780,2024-03-30 15:29:00,Cumartesi,15,0,Sağlık,Fiziksel Kart,457.75,568.25,-19.4,Samsun,0,1.89,13,0,normal
TXN003637,MUS0475,2024-12-03 22:04:00,Salı,22,0,Ulaşım,Fiziksel Kart,388.25,347.41,11.8,İstanbul,0,1.58,14,0,normal
TXN002301,MUS0515,2024-07-20 18:58:00,Cumartesi,18,0,ATM Nakit,Fiziksel Kart,573.93,683.68,-16.1,Bursa,0,0.06,3,0,normal
TXN003338,MUS0583,2024-02-18 22:04:00,Pazar,22,0,Giyim,Fiziksel Kart,750.55,682.61,10.0,Samsun,0,0.73,14,0,normal
TXN002774,MUS0058,2024-11-04 20:59:00,Pazartesi,20,0,Döviz,Online,547.26,671.12,-18.5,İzmir,0,1.03,19,0,normal
TXN004487,MUS0166,2024-09-09 00:39:00,Pazartesi,0,1,Market,Telefon,168.27,368.91,-54.4,İzmir,0,0.41,11,0,normal
TXN001363,MUS0365,2024-02-26 05:00:00,Pazartesi,5,1,Uluslararası,Temassız,569.85,707.18,-19.4,Antalya,0,0.54,12,0,normal
TXN002317,MUS0081,2024-06-10 02:28:00,Pazartesi,2,1,Elektronik,Fiziksel Kart,2355.37,495.61,375.2,Tokyo,1,3.7,76,1,yurtdisi_anomali
TXN000642,MUS0748,2024-09-02 12:13:00,Pazartesi,12,0,Giyim,ATM,1076.5,791.81,36.0,Ankara,0,0.42,5,0,normal
TXN004607,MUS0302,2024-10-02 04:48:00,Çarşamba,4,1,Elektronik,Online,814.34,481.75,69.0,Adana,0,0.46,10,0,normal
TXN003727,MUS0210,2024-12-05 14:17:00,Perşembe,14,0,Market,Fiziksel Kart,148.07,343.19,-56.9,Bursa,0,0.15,6,0,normal
TXN000127,MUS0365,2024-04-21 01:44:00,Pazar,1,1,Online Alışveriş,Fiziksel Kart,753.86,707.18,6.6,Antalya,0,0.09,0,0,normal
TXN002609,MUS0399,2024-04-27 13:47:00,Cumartesi,13,0,Ulaşım,Fiziksel Kart,279.21,308.66,-9.5,İzmir,0,0.06,0,0,normal
TXN000538,MUS0133,2024-05-08 01:58:00,Çarşamba,1,1,Market,Online,242.65,259.77,-6.6,Gaziantep,0,0.51,8,0,normal
TXN003134,MUS0672,2024-08-21 23:36:00,Çarşamba,23,1,Online Alışveriş,Fiziksel Kart,2364.77,701.4,237.1,Adana,0,0.32,63,1,farkli_sehir
TXN000733,MUS0340,2024-04-02 08:54:00,Salı,8,0,Yakıt,Temassız,292.84,414.2,-29.3,İstanbul,0,0.42,4,0,normal
TXN000445,MUS0381,2024-12-02 03:30:00,Pazartesi,3,1,Market,ATM,415.74,469.01,-11.4,Samsun,0,1.27,20,0,normal
TXN002703,MUS0799,2024-01-18 12:49:00,Perşembe,12,0,Ulaşım,Temassız,864.27,566.79,52.5,Bursa,0,1.73,13,0,normal
TXN002656,MUS0519,2024-03-07 04:32:00,Perşembe,4,1,Market,Fiziksel Kart,584.77,499.23,17.1,Ankara,0,0.44,0,0,normal
TXN004543,MUS0132,2024-09-30 11:47:00,Pazartesi,11,0,Yakıt,Fiziksel Kart,135.76,111.54,21.7,Adana,0,0.42,12,0,normal
TXN000077,MUS0793,2024-05-23 22:05:00,Perşembe,22,0,Giyim,Online,406.16,369.98,9.8,İzmir,0,0.84,3,0,normal
TXN001399,MUS0521,2024-04-20 19:52:00,Cumartesi,19,0,Market,Online,14.32,370.34,-96.1,Eskişehir,0,5.52,92,1,kart_test
TXN004268,MUS0141,2024-10-01 20:50:00,Salı,20,0,Giyim,Online,349.51,528.43,-33.9,Gaziantep,0,0.59,1,0,normal
TXN001418,MUS0531,2024-12-07 11:35:00,Cumartesi,11,0,Online Alışveriş,Temassız,392.85,398.37,-1.4,Gaziantep,0,2.09,28,0,normal
TXN000382,MUS0712,2024-10-19 00:58:00,Cumartesi,0,1,Elektronik,Online,969.53,713.45,35.9,Antalya,0,1.02,8,0,normal
TXN003103,MUS0795,2024-12-29 08:19:00,Pazar,8,0,Eğlence,Temassız,413.8,292.95,41.3,Bursa,0,0.84,16,0,normal
TXN002005,MUS0584,2024-05-23 03:29:00,Perşembe,3,1,Uluslararası,Fiziksel Kart,552.74,360.6,53.3,Eskişehir,0,0.89,5,0,normal
TXN003567,MUS0243,2024-08-02 21:05:00,Cuma,21,0,Giyim,Fiziksel Kart,105.08,93.38,12.5,Samsun,0,1.04,19,0,normal
TXN001953,MUS0388,2024-10-04 20:18:00,Cuma,20,0,Uluslararası,Online,478.68,693.28,-31.0,Gaziantep,0,1.83,22,0,normal
TXN001711,MUS0468,2024-03-29 13:15:00,Cuma,13,0,Eğlence,Online,422.96,669.46,-36.8,Antalya,0,1.1,18,0,normal
TXN000155,MUS0758,2024-01-10 12:13:00,Çarşamba,12,0,Elektronik,Telefon,311.43,263.85,18.0,Samsun,0,0.26,0,0,normal
TXN004452,MUS0255,2024-07-16 05:51:00,Salı,5,1,Uluslararası,Temassız,156.76,371.46,-57.8,İzmir,0,1.11,18,0,normal
TXN000072,MUS0453,2024-05-19 07:49:00,Pazar,7,0,Döviz,Fiziksel Kart,1009.08,799.94,26.1,Ankara,0,0.13,4,0,normal
TXN003963,MUS0259,2024-06-21 18:35:00,Cuma,18,0,Eğlence,Fiziksel Kart,445.69,464.23,-4.0,Ankara,0,0.29,3,0,normal
TXN002748,MUS0131,2024-05-06 01:55:00,Pazartesi,1,1,Döviz,ATM,694.22,730.35,-4.9,Konya,0,2.18,26,0,normal
TXN001289,MUS0622,2024-05-10 14:15:00,Cuma,14,0,Online Alışveriş,Temassız,315.89,300.48,5.1,İstanbul,0,1.52,25,0,normal
TXN000114,MUS0134,2024-06-28 09:58:00,Cuma,9,0,Uluslararası,Online,757.55,745.38,1.6,Gaziantep,0,0.25,6,0,normal
TXN004557,MUS0403,2024-02-16 01:43:00,Cuma,1,1,Elektronik,Online,7116.64,706.28,907.6,Adana,0,7.66,100,1,yuksek_tutar
TXN000993,MUS0558,2024-09-18 17:53:00,Çarşamba,17,0,Elektronik,Fiziksel Kart,371.44,396.55,-6.3,Adana,0,0.01,8,0,normal
TXN003122,MUS0368,2024-07-11 07:47:00,Perşembe,7,0,Elektronik,Online,255.51,317.29,-19.5,Samsun,0,0.36,10,0,normal
TXN003907,MUS0700,2024-12-11 01:50:00,Çarşamba,1,1,Yakıt,Fiziksel Kart,518.21,556.42,-6.9,Mersin,0,0.83,5,0,normal
TXN002726,MUS0252,2024-11-24 13:42:00,Pazar,13,0,Döviz,Online,653.52,334.51,95.4,Samsun,0,0.12,0,0,normal
TXN001934,MUS0785,2024-09-22 21:46:00,Pazar,21,0,Giyim,Temassız,663.75,484.73,36.9,Ankara,0,0.01,10,0,normal
TXN004368,MUS0614,2024-09-20 07:12:00,Cuma,7,0,Elektronik,Fiziksel Kart,399.71,225.75,77.1,Adana,0,0.22,6,0,normal
TXN001945,MUS0526,2024-03-13 22:24:00,Çarşamba,22,0,ATM Nakit,Fiziksel Kart,1381.94,723.08,91.1,Bursa,0,2.19,27,0,normal
TXN001905,MUS0307,2024-05-14 05:48:00,Salı,5,1,Uluslararası,Online,900.58,556.55,61.8,Samsun,0,0.54,12,0,normal
TXN003175,MUS0315,2024-12-19 19:20:00,Perşembe,0,1,Online Alışveriş,Online,1167.32,197.14,492.1,Eskişehir,0,3.61,83,1,gece_islemi
TXN000455,MUS0559,2024-05-28 21:24:00,Salı,21,0,Yakıt,Online,457.39,511.75,-10.6,Kayseri,0,0.67,3,0,normal
TXN004739,MUS0184,2024-10-26 12:44:00,Cumartesi,12,0,Online Alışveriş,Temassız,490.58,391.84,25.2,Gaziantep,0,0.19,6,0,normal
TXN000100,MUS0637,2024-01-28 00:26:00,Pazar,0,1,Yakıt,Online,1161.61,756.37,53.6,Adana,0,1.77,23,0,normal
TXN004725,MUS0706,2024-10-15 08:13:00,Salı,8,0,Sağlık,Fiziksel Kart,536.71,643.18,-16.6,Antalya,0,1.06,19,0,normal
TXN001644,MUS0475,2024-01-01 08:32:00,Pazartesi,8,0,Online Alışveriş,Online,377.06,347.41,8.5,İstanbul,0,0.14,3,0,normal
TXN003415,MUS0366,2024-08-05 10:32:00,Pazartesi,10,0,ATM Nakit,Online,294.0,153.39,91.7,Eskişehir,0,1.48,21,0,normal
TXN002708,MUS0558,2024-01-07 12:43:00,Pazar,12,0,Restoran,Fiziksel Kart,80.4,396.55,-79.7,Paris,1,1.8,24,0,normal
TXN004808,MUS0673,2024-03-15 00:08:00,Cuma,0,1,Online Alışveriş,Telefon,5,254.7,-98.0,Mersin,0,1.77,21,0,normal
TXN000158,MUS0715,2024-04-14 12:26:00,Pazar,12,0,Online Alışveriş,Fiziksel Kart,580.89,725.26,-19.9,İstanbul,0,0.06,0,0,normal
TXN003417,MUS0727,2024-05-28 02:52:00,Salı,2,1,Restoran,Temassız,131.78,295.6,-55.4,Konya,0,0.09,0,0,normal
TXN000525,MUS0275,2024-09-21 09:36:00,Cumartesi,9,0,Giyim,Fiziksel Kart,472.62,523.25,-9.7,Mersin,0,0.54,12,0,normal
TXN003552,MUS0784,2024-10-20 23:29:00,Pazar,23,1,Giyim,Online,304.28,382.17,-20.4,Mersin,0,0.44,13,0,normal
TXN002276,MUS0308,2024-05-12 23:21:00,Pazar,23,1,Giyim,Fiziksel Kart,1093.3,719.93,51.9,Konya,0,1.06,18,0,normal
TXN002505,MUS0202,2024-01-23 06:25:00,Salı,6,0,Uluslararası,Online,323.15,255.15,26.7,İzmir,0,1.63,25,0,normal
TXN003005,MUS0036,2024-08-11 12:01:00,Pazar,12,0,ATM Nakit,Fiziksel Kart,5,267.11,-98.1,Ankara,0,0.9,14,0,normal
TXN001318,MUS0594,2024-02-24 18:30:00,Cumartesi,18,0,Yakıt,Online,160.45,110.94,44.6,Eskişehir,0,0.17,10,0,normal
TXN001471,MUS0463,2024-02-19 15:05:00,Pazartesi,15,0,Yakıt,Fiziksel Kart,317.38,195.33,62.5,İstanbul,0,1.2,22,0,normal
TXN000661,MUS0344,2024-05-11 09:32:00,Cumartesi,9,0,Market,Online,30.51,243.21,-87.5,Mersin,0,0.63,11,0,normal
TXN002827,MUS0727,2024-08-01 02:17:00,Perşembe,2,1,Eğlence,Online,306.12,295.6,3.6,Konya,0,0.19,4,0,normal
TXN004367,MUS0091,2024-03-03 17:15:00,Pazar,17,0,Eğlence,Temassız,86.78,204.48,-57.6,Ankara,0,2.03,16,0,normal
TXN000696,MUS0356,2024-03-14 02:57:00,Perşembe,2,1,ATM Nakit,ATM,184.5,650.47,-71.6,Samsun,0,0.33,3,0,normal
TXN000838,MUS0568,2024-09-20 09:58:00,Cuma,9,0,Uluslararası,ATM,670.79,462.57,45.0,Eskişehir,0,1.31,22,0,normal
TXN000577,MUS0006,2024-01-02 05:44:00,Salı,5,1,Yakıt,Telefon,92.47,99.17,-6.8,Bursa,0,0.2,3,0,normal
TXN000711,MUS0480,2024-03-25 01:02:00,Pazartesi,1,1,ATM Nakit,Temassız,816.44,757.58,7.8,Konya,0,1.7,23,0,normal
TXN001171,MUS0345,2024-03-15 22:11:00,Cuma,22,0,Yakıt,Telefon,445.03,375.99,18.4,Gaziantep,0,0.91,12,0,normal
TXN003193,MUS0612,2024-04-03 12:50:00,Çarşamba,12,0,Yakıt,Online,1351.78,738.97,82.9,Bursa,0,0.44,1,0,normal
TXN004957,MUS0109,2024-03-14 22:35:00,Perşembe,22,0,ATM Nakit,Online,985.02,771.66,27.6,Antalya,0,1.05,8,0,normal
TXN001118,MUS0381,2024-02-29 20:23:00,Perşembe,20,0,Market,Online,649.81,469.01,38.5,Samsun,0,1.24,13,0,normal
TXN001142,MUS0494,2024-11-06 19:03:00,Çarşamba,19,0,Market,Online,56.94,87.96,-35.3,İstanbul,0,0.48,3,0,normal
TXN002647,MUS0664,2024-09-30 14:37:00,Pazartesi,14,0,Restoran,Online,315.6,581.08,-45.7,Mersin,0,0.08,0,0,normal
TXN003608,MUS0615,2024-01-09 20:20:00,Salı,20,0,Eğlence,Online,220.98,752.55,-70.6,Dubai,1,0.21,0,0,normal
TXN000607,MUS0121,2024-01-02 11:57:00,Salı,11,0,Eğlence,Online,954.11,665.6,43.3,Eskişehir,0,1.91,20,0,normal
TXN002014,MUS0751,2024-02-13 11:28:00,Salı,11,0,Restoran,Temassız,832.92,628.43,32.5,Antalya,0,0.16,4,0,normal
TXN003830,MUS0794,2024-02-02 22:07:00,Cuma,22,0,Uluslararası,Fiziksel Kart,421.77,497.76,-15.3,Adana,0,0.33,0,0,normal
TXN004333,MUS0331,2024-03-10 17:02:00,Pazar,17,0,Sağlık,Online,623.91,578.69,7.8,Konya,0,0.18,3,0,normal
TXN003452,MUS0254,2024-07-16 20:00:00,Salı,20,0,Ulaşım,Fiziksel Kart,537.19,716.95,-25.1,Samsun,0,0.02,5,0,normal
TXN001721,MUS0273,2024-07-14 12:36:00,Pazar,12,0,Giyim,Fiziksel Kart,74.47,106.93,-30.4,Antalya,0,0.23,12,0,normal
TXN001715,MUS0066,2024-12-08 19:31:00,Pazar,19,0,Market,Online,1090.56,666.91,63.5,Antalya,0,1.29,10,0,normal
TXN003678,MUS0208,2024-06-16 02:30:00,Pazar,2,1,ATM Nakit,Temassız,459.32,414.95,10.7,İzmir,0,0.29,2,0,normal
TXN001996,MUS0797,2024-04-19 21:49:00,Cuma,21,0,Restoran,Telefon,132.48,134.36,-1.4,Ankara,0,0.31,4,0,normal
TXN002228,MUS0685,2024-04-23 08:09:00,Salı,8,0,Online Alışveriş,Online,368.7,292.85,25.9,İstanbul,0,0.79,5,0,normal
TXN003619,MUS0004,2024-04-14 16:10:00,Pazar,16,0,Online Alışveriş,Temassız,703.73,787.04,-10.6,Ankara,0,0.52,2,0,normal
TXN001371,MUS0433,2024-05-22 03:03:00,Çarşamba,3,1,Uluslararası,Fiziksel Kart,706.0,557.43,26.7,Adana,0,0.3,8,0,normal
TXN001805,MUS0383,2024-11-06 04:45:00,Çarşamba,4,1,Eğlence,Telefon,451.51,658.6,-31.4,Gaziantep,0,0.78,5,0,normal
TXN003853,MUS0444,2024-09-26 00:31:00,Perşembe,0,1,ATM Nakit,Online,158.15,716.06,-77.9,Konya,0,1.05,10,0,normal
TXN002090,MUS0308,2024-04-08 07:58:00,Pazartesi,7,0,Ulaşım,Temassız,319.03,719.93,-55.7,Konya,0,0.17,0,0,normal
TXN002338,MUS0306,2024-06-21 01:24:00,Cuma,1,1,Uluslararası,Temassız,106.02,87.11,21.7,Konya,0,1.15,9,0,normal
TXN000284,MUS0557,2024-12-21 20:49:00,Cumartesi,20,0,Online Alışveriş,Temassız,55.12,137.78,-60.0,Samsun,0,0.65,14,0,normal
TXN004906,MUS0172,2024-03-25 06:52:00,Pazartesi,6,0,ATM Nakit,Online,231.95,304.99,-23.9,Ankara,0,0.49,10,0,normal
TXN001081,MUS0087,2024-10-08 03:33:00,Salı,3,1,Yakıt,Fiziksel Kart,704.54,670.82,5.0,Antalya,0,1.11,21,0,normal
TXN000972,MUS0400,2024-03-02 16:19:00,Cumartesi,16,0,Döviz,Fiziksel Kart,770.04,490.74,56.9,Samsun,0,3.0,25,0,normal
TXN001481,MUS0664,2024-11-20 20:47:00,Çarşamba,20,0,Döviz,ATM,316.8,581.08,-45.5,Mersin,0,0.4,9,0,normal
TXN004381,MUS0362,2024-12-22 01:36:00,Pazar,1,1,Döviz,Fiziksel Kart,180.23,392.31,-54.1,Samsun,0,1.03,19,0,normal
TXN004604,MUS0148,2024-10-05 18:40:00,Cumartesi,18,0,Yakıt,Fiziksel Kart,415.75,296.04,40.4,Gaziantep,0,0.07,0,0,normal
TXN001428,MUS0397,2024-09-15 03:00:00,Pazar,3,1,Döviz,Temassız,422.02,639.06,-34.0,Ankara,0,1.32,17,0,normal
TXN001550,MUS0434,2024-10-05 02:49:00,Cumartesi,2,1,Uluslararası,Online,108.62,111.37,-2.5,Samsun,0,0.5,10,0,normal
TXN003914,MUS0407,2024-10-05 19:28:00,Cumartesi,19,0,Elektronik,Temassız,443.37,627.92,-29.4,Mersin,0,1.35,17,0,normal
TXN000465,MUS0673,2024-10-14 20:10:00,Pazartesi,20,0,Giyim,Fiziksel Kart,139.49,254.7,-45.2,Antalya,0,0.67,1,0,normal
TXN003573,MUS0594,2024-07-14 18:18:00,Pazar,18,0,Sağlık,Temassız,120.25,110.94,8.4,Eskişehir,0,0.47,4,0,normal
TXN002811,MUS0260,2024-11-22 06:55:00,Cuma,6,0,Yakıt,Fiziksel Kart,706.14,636.95,10.9,Kayseri,0,0.69,2,0,normal
TXN001282,MUS0476,2024-07-05 12:10:00,Cuma,12,0,Sağlık,Fiziksel Kart,50.55,85.95,-41.2,Samsun,0,1.11,13,0,normal
TXN003298,MUS0113,2024-01-27 15:47:00,Cumartesi,15,0,Yakıt,Temassız,299.95,257.37,16.5,Bursa,0,0.22,0,0,normal
TXN002915,MUS0600,2024-07-26 11:12:00,Cuma,11,0,Giyim,Online,513.62,430.97,19.2,İzmir,0,0.77,12,0,normal
TXN001279,MUS0006,2024-03-18 05:10:00,Pazartesi,5,1,Online Alışveriş,Fiziksel Kart,73.88,99.17,-25.5,Adana,0,0.95,5,0,normal
TXN004775,MUS0070,2024-10-31 22:19:00,Perşembe,22,0,Döviz,Fiziksel Kart,279.93,251.82,11.2,Gaziantep,0,0.32,9,0,normal
TXN000017,MUS0621,2024-01-03 04:44:00,Çarşamba,23,1,ATM Nakit,ATM,7834.66,706.02,1009.7,Bursa,0,8.07,100,1,gece_islemi
TXN004007,MUS0392,2024-07-13 23:12:00,Cumartesi,23,1,Market,Online,312.58,219.59,42.3,Kayseri,0,0.18,5,0,normal
TXN002216,MUS0460,2024-09-29 07:15:00,Pazar,7,0,Uluslararası,Fiziksel Kart,1346.77,620.02,117.2,Roma,1,5.08,82,1,yurtdisi_anomali
TXN004614,MUS0281,2024-09-28 05:47:00,Cumartesi,5,1,Ulaşım,Online,759.15,792.17,-4.2,İstanbul,0,0.85,7,0,normal
TXN001517,MUS0052,2024-06-15 05:39:00,Cumartesi,5,1,Döviz,Online,474.43,581.67,-18.4,İzmir,0,0.56,10,0,normal
TXN001322,MUS0299,2024-10-15 10:24:00,Salı,10,0,Restoran,Online,716.5,398.01,80.0,Konya,0,0.8,12,0,normal
TXN004990,MUS0411,2024-04-24 16:27:00,Çarşamba,16,0,Eğlence,Fiziksel Kart,442.69,481.79,-8.1,Berlin,1,0.62,11,0,normal
TXN002193,MUS0655,2024-03-29 16:19:00,Cuma,16,0,Restoran,ATM,1117.77,511.81,118.4,Bursa,0,0.3,13,0,normal
TXN000214,MUS0735,2024-03-14 06:13:00,Perşembe,6,0,ATM Nakit,Fiziksel Kart,526.92,346.16,52.2,Ankara,0,0.92,15,0,normal
TXN002718,MUS0032,2024-10-09 21:28:00,Çarşamba,21,0,Giyim,Online,273.44,253.2,8.0,Gaziantep,0,0.37,0,0,normal
TXN004710,MUS0608,2024-05-04 12:31:00,Cumartesi,12,0,Giyim,Online,314.21,176.95,77.6,Ankara,0,0.25,5,0,normal
TXN001147,MUS0171,2024-09-21 01:39:00,Cumartesi,1,1,Online Alışveriş,Online,18.78,750.36,-97.5,Antalya,0,4.44,77,1,kart_test
TXN001762,MUS0784,2024-12-11 19:30:00,Çarşamba,19,0,Online Alışveriş,Telefon,223.37,382.17,-41.6,Mersin,0,0.34,0,0,normal
TXN001267,MUS0607,2024-05-19 10:58:00,Pazar,10,0,Online Alışveriş,Online,56.7,228.24,-75.2,Adana,0,0.33,5,0,normal
TXN003328,MUS0740,2024-10-31 13:25:00,Perşembe,13,0,Giyim,Temassız,124.28,125.71,-1.1,Kayseri,0,0.78,12,0,normal
TXN002826,MUS0620,2024-12-18 14:53:00,Çarşamba,14,0,Elektronik,Telefon,729.69,786.13,-7.2,Mersin,0,0.37,10,0,normal
TXN002807,MUS0703,2024-04-06 11:54:00,Cumartesi,11,0,Ulaşım,Online,573.64,491.21,16.8,Eskişehir,0,0.81,7,0,normal
TXN004154,MUS0266,2024-11-28 21:38:00,Perşembe,21,0,Restoran,Temassız,210.36,240.19,-12.4,Adana,0,0.82,5,0,normal
TXN003391,MUS0091,2024-08-23 20:05:00,Cuma,20,0,Giyim,Fiziksel Kart,252.34,204.48,23.4,Ankara,0,1.14,10,0,normal
TXN000075,MUS0313,2024-07-29 08:16:00,Pazartesi,8,0,Sağlık,Temassız,451.52,653.55,-30.9,Ankara,0,0.02,2,0,normal
TXN004701,MUS0263,2024-06-09 21:06:00,Pazar,21,0,Giyim,Online,117.46,86.47,35.8,Kayseri,0,1.7,16,0,normal
TXN000150,MUS0623,2024-04-22 18:15:00,Pazartesi,18,0,Uluslararası,Online,44.38,625.6,-92.9,İzmir,0,0.97,12,0,normal
TXN003223,MUS0333,2024-04-04 10:48:00,Perşembe,10,0,Restoran,Online,816.08,763.32,6.9,İzmir,0,0.97,9,0,normal
TXN004910,MUS0090,2024-06-23 19:29:00,Pazar,19,0,Sağlık,Online,111.4,163.73,-32.0,Adana,0,0.36,13,0,normal
TXN001082,MUS0241,2024-05-20 21:24:00,Pazartesi,21,0,Uluslararası,Online,601.34,663.83,-9.4,Moskova,1,0.23,12,0,normal
TXN004625,MUS0586,2024-04-03 22:06:00,Çarşamba,22,0,Ulaşım,Fiziksel Kart,456.17,570.39,-20.0,Antalya,0,0.95,16,0,normal
TXN002006,MUS0079,2024-12-19 05:17:00,Perşembe,5,1,Yakıt,ATM,1122.8,783.25,43.4,İzmir,0,0.65,1,0,normal
TXN004826,MUS0390,2024-02-12 11:55:00,Pazartesi,11,0,Giyim,Online,307.42,285.57,7.7,Antalya,0,0.17,5,0,normal
TXN003607,MUS0387,2024-09-23 20:37:00,Pazartesi,20,0,Giyim,Online,570.25,547.94,4.1,Antalya,0,0.98,16,0,normal
TXN003115,MUS0540,2024-04-04 09:37:00,Perşembe,9,0,Market,Online,69.06,165.05,-58.2,İzmir,0,0.8,14,0,normal
TXN004117,MUS0050,2024-11-13 18:48:00,Çarşamba,18,0,ATM Nakit,Fiziksel Kart,152.7,119.24,28.1,Mersin,0,0.59,8,0,normal
TXN004011,MUS0204,2024-01-16 01:38:00,Salı,1,1,ATM Nakit,Fiziksel Kart,521.72,614.39,-15.1,Mersin,0,1.08,6,0,normal
TXN001305,MUS0016,2024-07-17 21:54:00,Çarşamba,21,0,Elektronik,Temassız,183.64,327.87,-44.0,Kayseri,0,0.26,8,0,normal
TXN004294,MUS0044,2024-11-16 09:41:00,Cumartesi,9,0,ATM Nakit,Online,57.91,167.48,-65.4,Eskişehir,0,0.65,12,0,normal
TXN004711,MUS0664,2024-10-28 03:39:00,Pazartesi,3,1,Sağlık,ATM,621.51,581.08,7.0,Mersin,0,1.33,23,0,normal
TXN003042,MUS0129,2024-12-11 12:35:00,Çarşamba,12,0,Döviz,Fiziksel Kart,730.98,767.54,-4.8,Konya,0,0.41,3,0,normal
TXN004789,MUS0170,2024-10-06 21:32:00,Pazar,1,1,Döviz,ATM,1186.8,169.07,602.0,İzmir,0,1.75,72,1,gece_islemi
TXN004797,MUS0519,2024-03-10 17:13:00,Pazar,17,0,Uluslararası,Fiziksel Kart,591.77,499.23,18.5,Antalya,0,0.13,3,0,normal
TXN000664,MUS0234,2024-03-29 19:01:00,Cuma,19,0,Elektronik,ATM,92.65,114.94,-19.4,İstanbul,0,1.34,20,0,normal
TXN003638,MUS0377,2024-03-19 01:32:00,Salı,1,1,Eğlence,Online,370.62,370.17,0.1,Konya,0,0.12,4,0,normal
TXN003761,MUS0224,2024-11-07 07:00:00,Perşembe,7,0,Restoran,ATM,666.45,619.08,7.7,Eskişehir,0,0.49,13,0,normal
TXN000007,MUS0416,2024-03-13 09:54:00,Çarşamba,9,0,Sağlık,Fiziksel Kart,740.53,513.6,44.2,Bursa,0,0.97,18,0,normal
TXN003497,MUS0648,2024-11-07 16:00:00,Perşembe,16,0,Ulaşım,Online,34.49,129.1,-73.3,Konya,0,0.82,12,0,normal
TXN000677,MUS0229,2024-03-30 22:27:00,Cumartesi,22,0,Yakıt,Temassız,701.68,743.48,-5.6,Samsun,0,0.12,3,0,normal
TXN000916,MUS0752,2024-09-13 00:15:00,Cuma,0,1,Yakıt,Fiziksel Kart,572.28,372.99,53.4,Gaziantep,0,3.45,77,1,farkli_sehir
TXN004030,MUS0072,2024-05-11 07:53:00,Cumartesi,7,0,Sağlık,Fiziksel Kart,126.36,112.37,12.4,Ankara,0,0.0,9,0,normal
TXN000468,MUS0647,2024-02-09 13:14:00,Cuma,13,0,Uluslararası,Online,229.67,296.97,-22.7,İzmir,0,0.35,4,0,normal
TXN002577,MUS0070,2024-11-06 07:47:00,Çarşamba,7,0,Elektronik,Fiziksel Kart,186.7,251.82,-25.9,Gaziantep,0,0.55,4,0,normal
TXN004172,MUS0246,2024-12-02 11:53:00,Pazartesi,11,0,Döviz,Fiziksel Kart,374.89,620.91,-39.6,Antalya,0,0.32,6,0,normal
TXN002206,MUS0336,2024-05-24 13:31:00,Cuma,13,0,Döviz,Online,199.9,201.77,-0.9,Kayseri,0,0.81,18,0,normal
TXN003622,MUS0609,2024-11-30 09:11:00,Cumartesi,9,0,Market,Online,279.49,484.82,-42.4,Bursa,0,0.71,7,0,normal
TXN001222,MUS0019,2024-03-09 11:26:00,Cumartesi,11,0,Sağlık,Online,412.32,277.67,48.5,Eskişehir,0,0.38,2,0,normal
TXN002076,MUS0548,2024-09-04 12:46:00,Çarşamba,12,0,Online Alışveriş,ATM,128.21,98.96,29.6,Konya,0,2.08,15,0,normal
TXN002765,MUS0783,2024-12-05 23:36:00,Perşembe,23,1,Döviz,Online,610.15,374.68,62.8,Ankara,0,0.57,6,0,normal
TXN003423,MUS0089,2024-07-04 03:51:00,Perşembe,3,1,Elektronik,Online,472.51,415.85,13.6,Mersin,0,0.73,4,0,normal
TXN003616,MUS0394,2024-02-11 15:39:00,Pazar,15,0,Elektronik,Fiziksel Kart,254.9,593.96,-57.1,Kayseri,0,0.41,13,0,normal
TXN000652,MUS0213,2024-06-19 08:40:00,Çarşamba,8,0,Yakıt,Temassız,426.78,477.78,-10.7,İstanbul,0,0.87,5,0,normal
TXN001088,MUS0457,2024-03-11 07:09:00,Pazartesi,7,0,Eğlence,Online,464.92,488.61,-4.8,İstanbul,0,1.14,16,0,normal
TXN001840,MUS0459,2024-08-04 10:49:00,Pazar,10,0,Eğlence,Telefon,343.51,280.46,22.5,İzmir,0,1.15,14,0,normal
TXN000663,MUS0296,2024-01-10 19:35:00,Çarşamba,19,0,Giyim,Online,40.37,139.45,-71.1,Antalya,0,0.58,0,0,normal
TXN002976,MUS0685,2024-07-01 16:08:00,Pazartesi,16,0,Online Alışveriş,Fiziksel Kart,394.73,292.85,34.8,İstanbul,0,1.24,21,0,normal
TXN001492,MUS0471,2024-04-29 07:15:00,Pazartesi,7,0,Giyim,Online,387.78,364.61,6.4,İzmir,0,1.05,19,0,normal
TXN000952,MUS0759,2024-04-08 04:05:00,Pazartesi,4,1,Sağlık,Online,601.82,701.41,-14.2,Konya,0,0.55,15,0,normal
TXN001975,MUS0021,2024-06-27 00:46:00,Perşembe,0,1,Yakıt,Online,425.61,478.96,-11.1,İzmir,0,1.82,23,0,normal
TXN002655,MUS0237,2024-05-08 20:52:00,Çarşamba,20,0,Uluslararası,ATM,213.94,500.17,-57.2,Gaziantep,0,1.74,26,0,normal
TXN002809,MUS0037,2024-02-22 06:05:00,Perşembe,6,0,Ulaşım,Online,473.66,524.23,-9.6,Mersin,0,0.13,0,0,normal
TXN000558,MUS0259,2024-01-28 19:50:00,Pazar,19,0,Online Alışveriş,Online,505.13,464.23,8.8,Tokyo,1,1.15,12,0,normal
TXN001725,MUS0702,2024-10-24 01:50:00,Perşembe,1,1,Eğlence,Temassız,254.81,357.42,-28.7,Konya,0,0.59,13,0,normal
TXN002848,MUS0268,2024-06-03 17:32:00,Pazartesi,17,0,Market,Online,261.29,223.0,17.2,Kayseri,0,0.08,2,0,normal
TXN003867,MUS0347,2024-07-27 08:43:00,Cumartesi,8,0,Market,Temassız,132.48,350.9,-62.2,Eskişehir,0,0.08,1,0,normal
TXN003236,MUS0412,2024-09-18 15:55:00,Çarşamba,15,0,Eğlence,Online,271.33,599.92,-54.8,Samsun,0,2.57,24,0,normal
TXN004178,MUS0587,2024-09-26 00:16:00,Perşembe,0,1,Online Alışveriş,Temassız,616.01,617.7,-0.3,Konya,0,1.4,16,0,normal
TXN004071,MUS0570,2024-02-14 03:42:00,Çarşamba,3,1,Giyim,Temassız,163.28,270.38,-39.6,Ankara,0,0.41,8,0,normal
TXN001392,MUS0552,2024-10-15 14:47:00,Salı,14,0,Market,Telefon,647.77,587.88,10.2,İzmir,0,0.47,10,0,normal
TXN000893,MUS0708,2024-04-12 16:11:00,Cuma,16,0,Döviz,Fiziksel Kart,130.0,171.18,-24.1,Konya,0,1.28,10,0,normal
TXN002140,MUS0304,2024-12-05 19:28:00,Perşembe,19,0,Eğlence,Online,81.7,80.56,1.4,Adana,0,0.06,6,0,normal
TXN000313,MUS0379,2024-07-10 00:03:00,Çarşamba,0,1,Yakıt,Fiziksel Kart,342.62,271.21,26.3,Ankara,0,1.01,7,0,normal
TXN004228,MUS0614,2024-05-13 03:34:00,Pazartesi,3,1,Giyim,Online,110.09,225.75,-51.2,Adana,0,0.42,2,0,normal
TXN000019,MUS0511,2024-01-30 16:17:00,Salı,16,0,Uluslararası,Fiziksel Kart,867.21,387.72,123.7,Samsun,0,0.53,8,0,normal
TXN001458,MUS0516,2024-01-24 21:06:00,Çarşamba,21,0,Eğlence,Temassız,938.59,610.16,53.8,Ankara,0,0.68,7,0,normal
TXN004348,MUS0190,2024-05-21 05:11:00,Salı,5,1,Restoran,Online,566.54,716.37,-20.9,Kayseri,0,0.57,4,0,normal
TXN001799,MUS0560,2024-01-10 08:14:00,Çarşamba,8,0,Restoran,Online,73.22,163.62,-55.2,Paris,1,0.71,13,0,normal
TXN003068,MUS0528,2024-07-18 09:06:00,Perşembe,9,0,Elektronik,Fiziksel Kart,857.11,722.05,18.7,Kayseri,0,0.27,0,0,normal
TXN004500,MUS0529,2024-07-19 19:53:00,Cuma,19,0,Döviz,Fiziksel Kart,58.29,96.45,-39.6,Konya,0,0.8,13,0,normal
TXN002596,MUS0795,2024-04-05 12:10:00,Cuma,12,0,Online Alışveriş,Fiziksel Kart,568.95,292.95,94.2,Bursa,0,1.34,15,0,normal
TXN002147,MUS0608,2024-04-03 18:07:00,Çarşamba,18,0,Online Alışveriş,Online,191.49,176.95,8.2,Ankara,0,0.22,0,0,normal
TXN003215,MUS0481,2024-06-30 19:58:00,Pazar,19,0,Ulaşım,Temassız,583.42,732.79,-20.4,Gaziantep,0,0.45,7,0,normal
TXN000783,MUS0246,2024-10-22 19:13:00,Salı,19,0,Uluslararası,Telefon,336.03,620.91,-45.9,Antalya,0,0.72,12,0,normal
TXN004613,MUS0622,2024-09-02 05:11:00,Pazartesi,5,1,Döviz,Online,370.23,300.48,23.2,İstanbul,0,0.78,13,0,normal
TXN003276,MUS0478,2024-02-13 12:21:00,Salı,12,0,ATM Nakit,Online,152.23,243.32,-37.4,Mersin,0,1.02,16,0,normal
TXN004777,MUS0333,2024-12-15 12:05:00,Pazar,12,0,Elektronik,Fiziksel Kart,645.24,763.32,-15.5,Moskova,1,0.38,0,0,normal
TXN000531,MUS0473,2024-04-20 20:21:00,Cumartesi,20,0,ATM Nakit,Fiziksel Kart,1010.75,616.59,63.9,Konya,0,0.24,0,0,normal
TXN000342,MUS0560,2024-07-08 18:30:00,Pazartesi,18,0,Eğlence,Fiziksel Kart,208.44,163.62,27.4,Kayseri,0,0.15,7,0,normal
TXN001311,MUS0139,2024-04-09 22:32:00,Salı,22,0,Market,Online,859.04,752.4,14.2,Eskişehir,0,1.7,23,0,normal
TXN001503,MUS0708,2024-07-30 19:08:00,Salı,19,0,Sağlık,Fiziksel Kart,266.49,171.18,55.7,Ankara,0,1.23,10,0,normal
TXN001172,MUS0303,2024-05-10 16:46:00,Cuma,16,0,Eğlence,Temassız,278.07,365.99,-24.0,İstanbul,0,1.14,9,0,normal
TXN001024,MUS0130,2024-07-17 09:48:00,Çarşamba,9,0,Uluslararası,Fiziksel Kart,5049.54,493.83,922.5,Ankara,0,2.43,71,1,yuksek_tutar
TXN000126,MUS0427,2024-12-13 07:24:00,Cuma,7,0,Online Alışveriş,Fiziksel Kart,164.86,141.02,16.9,İstanbul,0,1.22,20,0,normal
TXN001039,MUS0594,2024-04-16 06:27:00,Salı,6,0,ATM Nakit,Temassız,110.83,110.94,-0.1,Eskişehir,0,0.31,2,0,normal
TXN002205,MUS0254,2024-11-16 07:07:00,Cumartesi,7,0,Eğlence,Online,1073.51,716.95,49.7,Samsun,0,0.18,9,0,normal
TXN000942,MUS0047,2024-10-06 18:52:00,Pazar,18,0,Giyim,Temassız,732.45,500.97,46.2,Samsun,0,2.67,30,0,normal
TXN002015,MUS0701,2024-03-23 01:27:00,Cumartesi,1,1,Uluslararası,ATM,580.42,373.45,55.4,Samsun,0,0.51,15,0,normal
TXN004210,MUS0695,2024-08-28 13:01:00,Çarşamba,13,0,Uluslararası,ATM,27.73,467.16,-94.1,İzmir,0,1.31,23,0,normal
TXN002101,MUS0698,2024-09-26 12:41:00,Perşembe,12,0,ATM Nakit,Fiziksel Kart,749.61,405.26,85.0,Antalya,0,4.48,77,1,farkli_sehir
TXN004341,MUS0342,2024-11-05 03:23:00,Salı,3,1,Giyim,ATM,1007.39,781.55,28.9,Mersin,0,0.08,0,0,normal
TXN000167,MUS0726,2024-02-13 13:42:00,Salı,13,0,Restoran,Fiziksel Kart,252.7,248.02,1.9,Adana,0,0.41,9,0,normal
TXN003827,MUS0391,2024-11-04 07:39:00,Pazartesi,7,0,Online Alışveriş,Telefon,436.02,543.98,-19.8,Eskişehir,0,0.32,2,0,normal
TXN000325,MUS0365,2024-11-16 21:42:00,Cumartesi,21,0,Ulaşım,Online,926.35,707.18,31.0,Antalya,0,0.17,4,0,normal
TXN002334,MUS0308,2024-10-09 23:15:00,Çarşamba,23,1,Online Alışveriş,Temassız,650.8,719.93,-9.6,Konya,0,0.34,3,0,normal
TXN002977,MUS0756,2024-11-23 09:42:00,Cumartesi,9,0,Yakıt,Fiziksel Kart,147.62,149.1,-1.0,Eskişehir,0,0.22,9,0,normal
TXN003097,MUS0347,2024-01-17 23:23:00,Çarşamba,23,1,Eğlence,Online,233.64,350.9,-33.4,İstanbul,0,1.47,22,0,normal
TXN004489,MUS0463,2024-04-17 04:02:00,Çarşamba,4,1,Döviz,Online,105.47,195.33,-46.0,İstanbul,0,0.19,6,0,normal
TXN000346,MUS0453,2024-11-13 08:28:00,Çarşamba,8,0,Giyim,Online,1129.05,799.94,41.1,Londra,1,0.96,12,0,normal
TXN003545,MUS0568,2024-06-07 20:01:00,Cuma,20,0,Eğlence,Online,500.34,462.57,8.2,İzmir,0,0.69,6,0,normal
TXN000211,MUS0152,2024-01-07 07:32:00,Pazar,7,0,Restoran,Fiziksel Kart,837.05,627.36,33.4,Ankara,0,0.96,17,0,normal
TXN004379,MUS0690,2024-11-23 01:09:00,Cumartesi,1,1,ATM Nakit,Fiziksel Kart,745.32,599.34,24.4,Mersin,0,1.33,13,0,normal
TXN000053,MUS0491,2024-03-28 06:49:00,Perşembe,6,0,Sağlık,Fiziksel Kart,307.64,527.91,-41.7,Konya,0,0.7,7,0,normal
TXN000511,MUS0379,2024-09-24 22:48:00,Salı,22,0,Yakıt,Fiziksel Kart,133.71,271.21,-50.7,Ankara,0,0.88,3,0,normal
TXN002619,MUS0039,2024-09-09 10:42:00,Pazartesi,10,0,Eğlence,Fiziksel Kart,64.82,773.66,-91.6,Mersin,0,1.47,19,0,normal
TXN003472,MUS0787,2024-02-29 08:26:00,Perşembe,8,0,Sağlık,Fiziksel Kart,313.16,551.76,-43.2,Kayseri,0,0.35,1,0,normal
TXN001102,MUS0613,2024-06-11 12:41:00,Salı,12,0,Online Alışveriş,Temassız,195.45,156.66,24.8,Mersin,0,0.19,9,0,normal
TXN003752,MUS0156,2024-05-14 19:27:00,Salı,19,0,Elektronik,Temassız,108.08,158.07,-31.6,Bursa,0,1.04,18,0,normal
TXN004856,MUS0565,2024-08-13 20:15:00,Salı,20,0,Elektronik,Telefon,36.24,92.17,-60.7,Bangkok,1,1.34,22,0,normal
TXN003881,MUS0173,2024-11-09 16:08:00,Cumartesi,16,0,ATM Nakit,Telefon,618.2,425.63,45.2,Eskişehir,0,0.12,0,0,normal
TXN000879,MUS0160,2024-08-15 20:44:00,Perşembe,20,0,Sağlık,Online,131.25,88.83,47.8,Eskişehir,0,0.9,18,0,normal
TXN002899,MUS0748,2024-03-30 09:08:00,Cumartesi,9,0,Ulaşım,Temassız,782.08,791.81,-1.2,Ankara,0,0.77,8,0,normal
TXN002364,MUS0489,2024-05-24 12:55:00,Cuma,12,0,Sağlık,Fiziksel Kart,779.06,778.87,0.0,Konya,0,0.73,12,0,normal
TXN003829,MUS0076,2024-12-24 11:24:00,Salı,11,0,Ulaşım,Fiziksel Kart,532.13,743.5,-28.4,Amsterdam,1,0.07,0,0,normal
TXN002574,MUS0616,2024-06-28 21:12:00,Cuma,21,0,Online Alışveriş,Fiziksel Kart,423.61,490.4,-13.6,Adana,0,0.1,8,0,normal
TXN002814,MUS0771,2024-05-04 17:21:00,Cumartesi,17,0,Uluslararası,ATM,95.82,92.74,3.3,Ankara,0,2.49,30,0,normal
TXN000928,MUS0755,2024-03-03 13:13:00,Pazar,13,0,Elektronik,Fiziksel Kart,223.49,281.6,-20.6,Bursa,0,0.57,1,0,normal
TXN000067,MUS0171,2024-02-19 16:16:00,Pazartesi,16,0,Giyim,Temassız,726.15,750.36,-3.2,Antalya,0,2.21,30,0,normal
TXN000553,MUS0142,2024-10-08 17:23:00,Salı,17,0,Online Alışveriş,Temassız,63.12,211.47,-70.2,İstanbul,0,0.15,2,0,normal
TXN002080,MUS0683,2024-04-30 22:36:00,Salı,22,0,Eğlence,ATM,701.56,377.95,85.6,Gaziantep,0,1.28,22,0,normal
TXN003603,MUS0184,2024-08-26 09:00:00,Pazartesi,9,0,ATM Nakit,Telefon,300.06,391.84,-23.4,Gaziantep,0,0.33,10,0,normal
TXN001709,MUS0706,2024-06-23 11:36:00,Pazar,11,0,Restoran,Fiziksel Kart,509.16,643.18,-20.8,Antalya,0,0.78,10,0,normal
TXN001508,MUS0130,2024-06-05 08:27:00,Çarşamba,8,0,Döviz,Online,736.68,493.83,49.2,Ankara,0,0.36,5,0,normal
TXN001140,MUS0555,2024-10-02 14:34:00,Çarşamba,14,0,Elektronik,Temassız,243.75,189.79,28.4,Kayseri,0,0.63,8,0,normal
TXN003295,MUS0006,2024-06-28 23:20:00,Cuma,23,1,Döviz,Fiziksel Kart,128.49,99.17,29.6,Bursa,0,1.45,13,0,normal
TXN004409,MUS0550,2024-04-19 03:44:00,Cuma,3,1,Eğlence,Temassız,399.47,295.12,35.4,İzmir,0,0.5,5,0,normal
TXN003171,MUS0637,2024-07-08 13:49:00,Pazartesi,13,0,Giyim,Online,774.25,756.37,2.4,Bursa,0,0.51,1,0,normal
TXN002502,MUS0185,2024-02-23 00:06:00,Cuma,0,1,Ulaşım,Temassız,170.5,120.39,41.6,Mersin,0,0.82,18,0,normal
TXN004038,MUS0710,2024-11-30 18:45:00,Cumartesi,18,0,ATM Nakit,Temassız,355.16,365.23,-2.8,Mersin,0,0.1,9,0,normal
TXN001774,MUS0695,2024-08-08 17:19:00,Perşembe,17,0,Market,ATM,421.48,467.16,-9.8,Kayseri,0,0.22,8,0,normal
TXN001580,MUS0614,2024-06-25 15:58:00,Salı,15,0,Sağlık,Temassız,158.58,225.75,-29.8,Adana,0,0.43,7,0,normal
TXN004077,MUS0642,2024-07-04 10:21:00,Perşembe,10,0,ATM Nakit,Online,132.71,302.61,-56.1,İstanbul,0,0.13,8,0,normal
TXN002278,MUS0337,2024-01-17 22:44:00,Çarşamba,22,0,Döviz,Online,534.64,265.52,101.4,Bursa,0,1.93,29,0,normal
TXN002707,MUS0740,2024-10-28 16:09:00,Pazartesi,16,0,Yakıt,Online,83.35,125.71,-33.7,Kayseri,0,1.12,18,0,normal
TXN004678,MUS0707,2024-08-13 04:41:00,Salı,4,1,Online Alışveriş,Fiziksel Kart,578.62,483.74,19.6,Eskişehir,0,0.54,14,0,normal
TXN001231,MUS0741,2024-03-31 12:17:00,Pazar,12,0,Giyim,Temassız,224.16,160.9,39.3,Eskişehir,0,0.33,3,0,normal
TXN002820,MUS0241,2024-01-14 07:43:00,Pazar,7,0,Online Alışveriş,Temassız,839.66,663.83,26.5,Adana,0,3.0,28,0,normal
TXN000089,MUS0619,2024-06-17 14:33:00,Pazartesi,14,0,Yakıt,Telefon,604.26,626.62,-3.6,Bursa,0,0.16,0,0,normal
TXN000374,MUS0451,2024-04-13 22:41:00,Cumartesi,22,0,Eğlence,Temassız,585.61,616.67,-5.0,İstanbul,0,1.04,7,0,normal
TXN004982,MUS0049,2024-10-25 01:13:00,Cuma,1,1,Döviz,Fiziksel Kart,13049.61,530.09,2361.8,Eskişehir,0,4.82,84,1,yuksek_tutar
TXN002912,MUS0491,2024-12-23 16:50:00,Pazartesi,16,0,Restoran,Temassız,762.49,527.91,44.4,Gaziantep,0,0.8,12,0,normal
TXN003694,MUS0040,2024-04-02 13:58:00,Salı,13,0,Uluslararası,Fiziksel Kart,352.1,265.34,32.7,Ankara,0,0.01,6,0,normal
TXN000565,MUS0541,2024-08-28 07:27:00,Çarşamba,7,0,Online Alışveriş,Fiziksel Kart,90.55,785.91,-88.5,Antalya,0,1.05,19,0,normal
TXN000129,MUS0142,2024-10-21 17:55:00,Pazartesi,17,0,Yakıt,ATM,280.89,211.47,32.8,İstanbul,0,0.4,14,0,normal
TXN003468,MUS0744,2024-09-29 23:22:00,Pazar,23,1,Giyim,Online,361.72,381.34,-5.1,İstanbul,0,0.01,3,0,normal
TXN004093,MUS0123,2024-01-05 15:43:00,Cuma,15,0,Giyim,Fiziksel Kart,441.21,407.08,8.4,Adana,0,1.11,15,0,normal
TXN001823,MUS0161,2024-09-04 01:48:00,Çarşamba,1,1,Elektronik,ATM,952.87,738.77,29.0,Mersin,0,0.74,15,0,normal
TXN003662,MUS0754,2024-09-24 00:26:00,Salı,0,1,Yakıt,Fiziksel Kart,747.83,670.0,11.6,Kayseri,0,0.13,6,0,normal
TXN003265,MUS0321,2024-09-21 00:18:00,Cumartesi,0,1,ATM Nakit,Fiziksel Kart,218.05,393.11,-44.5,Gaziantep,0,0.44,12,0,normal
TXN003693,MUS0447,2024-12-24 09:29:00,Salı,9,0,Uluslararası,Temassız,464.36,437.31,6.2,Samsun,0,2.5,29,0,normal
TXN004319,MUS0185,2024-10-14 05:54:00,Pazartesi,5,1,Elektronik,Temassız,106.76,120.39,-11.3,Mersin,0,0.57,3,0,normal
TXN002999,MUS0444,2024-07-24 15:50:00,Çarşamba,15,0,ATM Nakit,Temassız,1033.95,716.06,44.4,Mersin,0,0.3,4,0,normal
TXN001582,MUS0410,2024-11-01 22:36:00,Cuma,22,0,Giyim,Online,131.72,128.02,2.9,Konya,0,0.51,9,0,normal
TXN001747,MUS0131,2024-07-19 10:03:00,Cuma,10,0,ATM Nakit,Online,914.31,730.35,25.2,Konya,0,0.77,13,0,normal
TXN002042,MUS0233,2024-08-01 20:02:00,Perşembe,20,0,Döviz,Online,173.74,767.72,-77.4,İzmir,0,0.11,9,0,normal
TXN001903,MUS0002,2024-01-14 02:02:00,Pazar,2,1,Restoran,Online,424.6,347.31,22.3,Gaziantep,0,1.89,27,0,normal
TXN000820,MUS0693,2024-05-21 11:39:00,Salı,11,0,Yakıt,Online,442.69,470.26,-5.9,Bursa,0,1.0,14,0,normal
TXN004729,MUS0329,2024-04-09 14:26:00,Salı,1,1,Online Alışveriş,ATM,3153.22,481.54,554.8,İzmir,0,7.13,95,1,gece_islemi
TXN000149,MUS0515,2024-08-10 20:30:00,Cumartesi,20,0,Market,Temassız,361.76,683.68,-47.1,Bursa,0,1.63,18,0,normal
TXN001071,MUS0006,2024-02-07 17:59:00,Çarşamba,17,0,Online Alışveriş,Online,160.21,99.17,61.6,Bursa,0,0.1,2,0,normal
TXN003865,MUS0659,2024-10-22 16:08:00,Salı,16,0,Elektronik,Online,433.97,391.32,10.9,İstanbul,0,0.09,0,0,normal
TXN003139,MUS0014,2024-01-06 17:10:00,Cumartesi,17,0,ATM Nakit,Telefon,632.63,625.05,1.2,Mersin,0,0.48,7,0,normal
TXN000915,MUS0706,2024-11-27 02:50:00,Çarşamba,2,1,Online Alışveriş,Fiziksel Kart,781.61,643.18,21.5,Antalya,0,0.27,0,0,normal
TXN002742,MUS0616,2024-10-29 00:24:00,Salı,0,1,ATM Nakit,Fiziksel Kart,650.18,490.4,32.6,Ankara,0,1.69,20,0,normal
TXN000809,MUS0726,2024-08-08 09:31:00,Perşembe,9,0,Online Alışveriş,Fiziksel Kart,487.26,248.02,96.5,Konya,0,5.9,90,1,farkli_sehir
TXN002548,MUS0598,2024-11-07 19:43:00,Perşembe,1,1,Online Alışveriş,ATM,4039.32,381.23,959.5,İzmir,0,2.75,74,1,gece_islemi
TXN001156,MUS0660,2024-05-19 18:49:00,Pazar,18,0,Ulaşım,ATM,191.1,352.16,-45.7,New York,1,0.18,5,0,normal
TXN002571,MUS0673,2024-02-23 05:37:00,Cuma,5,1,ATM Nakit,Temassız,316.44,254.7,24.2,Antalya,0,0.62,10,0,normal
TXN001251,MUS0518,2024-07-22 05:15:00,Pazartesi,5,1,Giyim,Fiziksel Kart,329.41,359.24,-8.3,Konya,0,1.16,21,0,normal
TXN002600,MUS0118,2024-01-29 12:04:00,Pazartesi,12,0,ATM Nakit,Temassız,271.32,334.75,-18.9,Ankara,0,0.19,9,0,normal
TXN001167,MUS0232,2024-01-16 09:48:00,Salı,9,0,Yakıt,Online,283.71,277.81,2.1,Gaziantep,0,0.93,11,0,normal
TXN000073,MUS0687,2024-11-04 04:12:00,Pazartesi,4,1,Eğlence,Fiziksel Kart,491.12,358.54,37.0,Ankara,0,0.69,1,0,normal
TXN004617,MUS0060,2024-05-03 02:28:00,Cuma,2,1,Online Alışveriş,Fiziksel Kart,177.58,169.76,4.6,Konya,0,0.69,10,0,normal
TXN000301,MUS0237,2024-12-16 19:46:00,Pazartesi,19,0,Sağlık,Online,520.83,500.17,4.1,Gaziantep,0,0.26,0,0,normal
TXN004631,MUS0501,2024-07-30 00:46:00,Salı,0,1,Market,Online,44.07,118.61,-62.8,Paris,1,1.06,11,0,normal
TXN002993,MUS0726,2024-04-17 18:58:00,Çarşamba,18,0,Eğlence,Temassız,234.02,248.02,-5.6,Adana,0,0.03,5,0,normal
TXN000549,MUS0709,2024-08-09 04:26:00,Cuma,4,1,Yakıt,ATM,444.75,514.0,-13.5,Eskişehir,0,0.49,14,0,normal
TXN002455,MUS0016,2024-05-23 16:29:00,Perşembe,16,0,Sağlık,Fiziksel Kart,422.6,327.87,28.9,Kayseri,0,0.48,0,0,normal
TXN004714,MUS0052,2024-08-09 21:13:00,Cuma,21,0,Sağlık,Temassız,462.65,581.67,-20.5,Samsun,0,0.5,6,0,normal
TXN002997,MUS0500,2024-10-28 23:40:00,Pazartesi,23,1,Uluslararası,Temassız,136.24,187.59,-27.4,Dubai,1,0.61,8,0,normal
TXN000899,MUS0134,2024-11-20 13:14:00,Çarşamba,13,0,Döviz,Fiziksel Kart,856.32,745.38,14.9,İzmir,0,3.0,30,0,normal
TXN001625,MUS0097,2024-05-02 12:54:00,Perşembe,12,0,Yakıt,Fiziksel Kart,537.33,593.94,-9.5,Adana,0,0.89,15,0,normal
TXN002002,MUS0411,2024-05-26 16:06:00,Pazar,16,0,Restoran,ATM,646.71,481.79,34.2,Kayseri,0,0.99,5,0,normal
TXN004193,MUS0711,2024-08-14 03:14:00,Çarşamba,3,1,Eğlence,Fiziksel Kart,713.37,622.21,14.7,Konya,0,0.94,8,0,normal
TXN001369,MUS0385,2024-03-26 09:38:00,Salı,9,0,Yakıt,Telefon,1071.8,725.44,47.7,Bursa,0,1.3,8,0,normal
TXN002897,MUS0700,2024-09-23 11:38:00,Pazartesi,11,0,Yakıt,Temassız,474.9,556.42,-14.7,Mersin,0,1.66,25,0,normal
TXN001344,MUS0176,2024-12-14 01:48:00,Cumartesi,1,1,Uluslararası,Online,2024.74,143.28,1313.1,Mersin,0,4.61,81,1,yuksek_tutar
TXN002556,MUS0051,2024-01-29 14:26:00,Pazartesi,14,0,Uluslararası,Online,593.32,500.39,18.6,Kayseri,0,0.08,0,0,normal
TXN000788,MUS0542,2024-01-26 07:18:00,Cuma,7,0,ATM Nakit,Fiziksel Kart,429.99,289.76,48.4,Bursa,0,1.56,21,0,normal
TXN003957,MUS0569,2024-04-15 05:49:00,Pazartesi,5,1,Ulaşım,Temassız,265.81,159.84,66.3,İzmir,0,0.09,1,0,normal
TXN003835,MUS0757,2024-01-02 01:36:00,Salı,1,1,Online Alışveriş,Fiziksel Kart,617.1,529.57,16.5,Gaziantep,0,0.44,4,0,normal
TXN003874,MUS0311,2024-10-16 03:55:00,Çarşamba,3,1,Elektronik,Online,884.94,797.77,10.9,İstanbul,0,0.92,9,0,normal
TXN002335,MUS0013,2024-08-10 19:13:00,Cumartesi,19,0,Market,Telefon,487.0,408.66,19.2,Samsun,0,1.49,16,0,normal
TXN001575,MUS0058,2024-06-25 08:39:00,Salı,8,0,Ulaşım,Temassız,404.43,671.12,-39.7,New York,1,1.25,18,0,normal
TXN002960,MUS0425,2024-07-27 09:47:00,Cumartesi,9,0,Eğlence,Fiziksel Kart,116.6,601.63,-80.6,Samsun,0,0.25,1,0,normal
TXN003482,MUS0387,2024-01-17 19:53:00,Çarşamba,19,0,Restoran,Online,490.93,547.94,-10.4,Antalya,0,0.81,17,0,normal
TXN003506,MUS0381,2024-05-30 08:29:00,Perşembe,8,0,Sağlık,Fiziksel Kart,473.95,469.01,1.1,Samsun,0,1.38,8,0,normal
TXN003602,MUS0382,2024-05-08 20:57:00,Çarşamba,20,0,Elektronik,Fiziksel Kart,75.95,498.38,-84.8,Mersin,0,0.39,10,0,normal
TXN001864,MUS0246,2024-10-23 11:50:00,Çarşamba,11,0,Uluslararası,Fiziksel Kart,875.0,620.91,40.9,Antalya,0,0.17,10,0,normal
TXN004722,MUS0158,2024-05-18 22:12:00,Cumartesi,22,0,Market,Temassız,507.06,255.9,98.1,Konya,0,0.3,3,0,normal
TXN001083,MUS0664,2024-01-04 21:06:00,Perşembe,21,0,Uluslararası,Online,675.33,581.08,16.2,Mersin,0,0.92,19,0,normal
TXN002583,MUS0258,2024-01-14 04:15:00,Pazar,4,1,Giyim,Temassız,499.28,560.55,-10.9,Antalya,0,0.38,8,0,normal
TXN004655,MUS0720,2024-01-24 09:25:00,Çarşamba,9,0,Döviz,Online,440.26,607.8,-27.6,Gaziantep,0,0.34,0,0,normal
TXN002573,MUS0740,2024-08-07 05:18:00,Çarşamba,5,1,Online Alışveriş,Fiziksel Kart,413.21,125.71,228.7,Ankara,0,4.55,83,1,farkli_sehir
TXN001200,MUS0240,2024-11-10 03:06:00,Pazar,3,1,ATM Nakit,Fiziksel Kart,1297.74,741.98,74.9,Samsun,0,0.71,15,0,normal
TXN004454,MUS0261,2024-01-15 19:08:00,Pazartesi,19,0,Restoran,ATM,386.99,631.16,-38.7,Mersin,0,0.36,7,0,normal
TXN002252,MUS0428,2024-01-13 19:55:00,Cumartesi,19,0,Elektronik,Temassız,350.46,411.13,-14.8,Bursa,0,0.4,12,0,normal
TXN000355,MUS0174,2024-04-09 02:26:00,Salı,2,1,Giyim,Fiziksel Kart,401.44,620.27,-35.3,Gaziantep,0,0.77,15,0,normal
TXN004778,MUS0274,2024-03-08 21:10:00,Cuma,21,0,Döviz,Temassız,60.91,133.76,-54.5,İstanbul,0,0.66,2,0,normal
TXN003249,MUS0706,2024-03-18 19:42:00,Pazartesi,19,0,Sağlık,Temassız,767.05,643.18,19.3,Antalya,0,0.92,9,0,normal
TXN004137,MUS0168,2024-06-28 23:45:00,Cuma,23,1,Giyim,Online,121.74,92.37,31.8,Konya,0,1.31,17,0,normal
TXN002514,MUS0274,2024-07-06 20:07:00,Cumartesi,20,0,Ulaşım,Fiziksel Kart,154.11,133.76,15.2,İstanbul,0,2.63,25,0,normal
TXN003039,MUS0536,2024-09-22 03:40:00,Pazar,3,1,Elektronik,Online,763.83,511.75,49.3,Bursa,0,0.44,1,0,normal
TXN002648,MUS0356,2024-03-11 20:21:00,Pazartesi,20,0,Eğlence,Online,269.32,650.47,-58.6,Samsun,0,0.98,4,0,normal
TXN001343,MUS0751,2024-04-17 17:59:00,Çarşamba,17,0,Giyim,Fiziksel Kart,473.62,628.43,-24.6,Antalya,0,0.28,0,0,normal
TXN002143,MUS0372,2024-12-08 04:34:00,Pazar,4,1,Elektronik,Fiziksel Kart,323.58,332.8,-2.8,İzmir,0,0.07,1,0,normal
TXN004945,MUS0321,2024-08-29 17:24:00,Perşembe,17,0,Restoran,Online,534.37,393.11,35.9,Gaziantep,0,0.96,11,0,normal
TXN000146,MUS0739,2024-10-26 03:18:00,Cumartesi,3,1,Elektronik,Temassız,360.9,262.94,37.3,Eskişehir,0,1.35,17,0,normal
TXN001326,MUS0651,2024-02-06 06:56:00,Salı,6,0,Online Alışveriş,Online,10.56,104.34,-89.9,Bursa,0,5.35,87,1,kart_test
TXN001915,MUS0775,2024-01-04 15:36:00,Perşembe,15,0,Sağlık,ATM,417.39,399.2,4.6,İzmir,0,0.85,6,0,normal
TXN001929,MUS0748,2024-05-31 15:47:00,Cuma,15,0,Sağlık,Fiziksel Kart,331.62,791.81,-58.1,Eskişehir,0,0.67,2,0,normal
TXN001014,MUS0303,2024-03-28 07:14:00,Perşembe,7,0,Elektronik,ATM,368.92,365.99,0.8,Adana,0,0.48,13,0,normal
TXN004400,MUS0671,2024-07-23 01:08:00,Salı,1,1,Sağlık,Temassız,112.04,174.54,-35.8,Konya,0,1.77,23,0,normal
TXN001235,MUS0616,2024-04-02 15:02:00,Salı,15,0,Online Alışveriş,Online,3.68,490.4,-99.2,Adana,0,5.59,86,1,kart_test
TXN001423,MUS0769,2024-06-21 16:53:00,Cuma,16,0,Uluslararası,Fiziksel Kart,450.37,314.58,43.2,Gaziantep,0,0.17,4,0,normal
TXN002920,MUS0665,2024-04-07 05:34:00,Pazar,5,1,Eğlence,Online,1032.1,773.06,33.5,Kayseri,0,1.52,18,0,normal
TXN003765,MUS0488,2024-05-26 02:46:00,Pazar,2,1,Restoran,Online,70.65,143.16,-50.6,Eskişehir,0,1.1,16,0,normal
TXN004273,MUS0080,2024-09-24 07:00:00,Salı,7,0,Sağlık,Online,179.76,160.47,12.0,Adana,0,1.74,20,0,normal
TXN000005,MUS0555,2024-09-04 00:00:00,Çarşamba,0,1,Restoran,Fiziksel Kart,40.43,189.79,-78.7,Kayseri,0,0.07,0,0,normal
TXN004513,MUS0320,2024-09-11 10:26:00,Çarşamba,10,0,Yakıt,Temassız,474.79,394.18,20.5,Ankara,0,1.55,24,0,normal
TXN002777,MUS0406,2024-04-11 20:10:00,Perşembe,20,0,Eğlence,Online,947.06,755.25,25.4,Eskişehir,0,0.62,9,0,normal
TXN002023,MUS0386,2024-03-03 20:04:00,Pazar,20,0,Döviz,Online,345.38,568.59,-39.3,Adana,0,1.02,17,0,normal
TXN001453,MUS0513,2024-02-04 21:32:00,Pazar,21,0,Elektronik,Online,988.0,796.09,24.1,Eskişehir,0,1.26,22,0,normal
TXN002453,MUS0039,2024-06-15 02:07:00,Cumartesi,2,1,Uluslararası,Online,905.9,773.66,17.1,Mersin,0,0.13,8,0,normal
TXN001465,MUS0423,2024-02-22 00:41:00,Perşembe,0,1,Online Alışveriş,Temassız,645.86,649.73,-0.6,Ankara,0,0.53,0,0,normal
TXN003738,MUS0188,2024-02-20 00:42:00,Salı,0,1,Market,Temassız,347.01,527.17,-34.2,Ankara,0,0.79,4,0,normal
TXN004332,MUS0719,2024-02-12 18:25:00,Pazartesi,18,0,Market,Fiziksel Kart,689.43,525.72,31.1,Konya,0,0.19,5,0,normal
TXN001372,MUS0155,2024-08-28 21:48:00,Çarşamba,21,0,Uluslararası,Online,239.55,167.07,43.4,Londra,1,0.34,13,0,normal
TXN001804,MUS0435,2024-02-14 14:02:00,Çarşamba,14,0,Elektronik,Fiziksel Kart,277.32,330.25,-16.0,Adana,0,0.05,0,0,normal
TXN004598,MUS0260,2024-05-08 19:14:00,Çarşamba,19,0,Sağlık,Online,1100.26,636.95,72.7,Kayseri,0,0.15,4,0,normal
TXN003036,MUS0366,2024-06-26 12:54:00,Çarşamba,12,0,Uluslararası,Online,1628.64,153.39,961.8,Eskişehir,0,7.07,93,1,yuksek_tutar
TXN003706,MUS0495,2024-06-04 08:57:00,Salı,8,0,ATM Nakit,Temassız,120.14,117.48,2.3,Adana,0,0.65,8,0,normal
TXN001443,MUS0677,2024-07-27 06:18:00,Cumartesi,6,0,Uluslararası,Online,537.63,704.79,-23.7,Konya,0,0.03,0,0,normal
TXN004843,MUS0619,2024-02-28 09:06:00,Çarşamba,9,0,Online Alışveriş,Fiziksel Kart,315.4,626.62,-49.7,Antalya,0,1.42,21,0,normal
TXN003053,MUS0099,2024-01-26 15:13:00,Cuma,15,0,Yakıt,Fiziksel Kart,135.37,166.34,-18.6,Konya,0,0.09,10,0,normal
TXN003845,MUS0210,2024-07-22 10:53:00,Pazartesi,10,0,Döviz,Online,389.42,343.19,13.5,Bursa,0,1.82,26,0,normal
TXN000831,MUS0543,2024-03-08 22:49:00,Cuma,22,0,Elektronik,Fiziksel Kart,350.64,338.79,3.5,Eskişehir,0,1.43,24,0,normal
TXN000854,MUS0579,2024-02-22 15:38:00,Perşembe,15,0,Giyim,ATM,1223.46,782.63,56.3,Konya,0,0.22,10,0,normal
TXN002598,MUS0603,2024-06-19 00:33:00,Çarşamba,0,1,Ulaşım,ATM,281.69,265.9,5.9,İzmir,0,1.28,7,0,normal
TXN000635,MUS0737,2024-05-12 17:34:00,Pazar,17,0,Uluslararası,Online,487.52,515.52,-5.4,Antalya,0,1.46,14,0,normal
TXN000312,MUS0587,2024-01-13 15:37:00,Cumartesi,15,0,Döviz,Online,603.03,617.7,-2.4,Konya,0,2.09,18,0,normal
TXN000591,MUS0056,2024-02-02 13:22:00,Cuma,13,0,Sağlık,Online,274.12,433.94,-36.8,Adana,0,0.8,18,0,normal
TXN002540,MUS0394,2024-04-28 11:37:00,Pazar,11,0,Online Alışveriş,Telefon,715.36,593.96,20.4,Kayseri,0,0.65,12,0,normal
TXN000551,MUS0341,2024-05-13 12:53:00,Pazartesi,12,0,Sağlık,Fiziksel Kart,265.4,200.52,32.4,Gaziantep,0,0.68,3,0,normal
TXN001469,MUS0220,2024-08-07 01:53:00,Çarşamba,1,1,Restoran,Online,212.39,260.5,-18.5,Ankara,0,0.09,0,0,normal
TXN001398,MUS0372,2024-08-30 11:31:00,Cuma,11,0,Eğlence,Online,292.24,332.8,-12.2,Adana,0,0.05,5,0,normal
TXN003490,MUS0474,2024-06-21 11:55:00,Cuma,11,0,Döviz,Online,539.76,555.37,-2.8,Ankara,0,0.56,12,0,normal
TXN002427,MUS0255,2024-01-26 01:50:00,Cuma,1,1,Online Alışveriş,Online,279.46,371.46,-24.8,Roma,1,0.3,7,0,normal
TXN001192,MUS0276,2024-11-15 13:39:00,Cuma,13,0,Eğlence,Online,419.22,452.08,-7.3,Adana,0,0.05,1,0,normal
TXN004296,MUS0353,2024-02-06 13:46:00,Salı,13,0,Yakıt,Fiziksel Kart,292.78,304.24,-3.8,Gaziantep,0,0.47,0,0,normal
TXN004324,MUS0042,2024-04-15 02:10:00,Pazartesi,2,1,Sağlık,ATM,914.67,531.1,72.2,Ankara,0,0.18,6,0,normal
TXN000533,MUS0185,2024-02-20 12:08:00,Salı,12,0,Döviz,ATM,67.41,120.39,-44.0,Mersin,0,0.22,1,0,normal
TXN000817,MUS0394,2024-03-25 19:27:00,Pazartesi,19,0,Döviz,ATM,679.3,593.96,14.4,Kayseri,0,0.85,14,0,normal
TXN004791,MUS0262,2024-03-14 16:33:00,Perşembe,16,0,Ulaşım,Fiziksel Kart,257.56,495.31,-48.0,Konya,0,0.3,6,0,normal
TXN001356,MUS0581,2024-08-21 14:16:00,Çarşamba,14,0,Online Alışveriş,Temassız,487.76,492.76,-1.0,Konya,0,0.01,5,0,normal
TXN001182,MUS0718,2024-05-01 22:53:00,Çarşamba,22,0,Restoran,Temassız,5,710.44,-99.3,İzmir,0,0.43,7,0,normal
TXN004931,MUS0516,2024-12-24 00:54:00,Salı,0,1,Market,Online,13.94,610.16,-97.7,Ankara,0,5.42,84,1,kart_test
TXN004830,MUS0231,2024-05-30 15:35:00,Perşembe,15,0,Online Alışveriş,Fiziksel Kart,74.75,94.28,-20.7,Mersin,0,0.61,16,0,normal
TXN003522,MUS0722,2024-10-07 00:48:00,Pazartesi,0,1,Uluslararası,Fiziksel Kart,357.13,664.8,-46.3,Samsun,0,0.06,1,0,normal
TXN001830,MUS0612,2024-11-23 13:00:00,Cumartesi,13,0,Elektronik,Online,736.14,738.97,-0.4,Bursa,0,0.94,15,0,normal
TXN002418,MUS0550,2024-08-21 10:24:00,Çarşamba,10,0,Uluslararası,Fiziksel Kart,287.18,295.12,-2.7,İzmir,0,0.6,8,0,normal
TXN001170,MUS0487,2024-03-19 15:37:00,Salı,15,0,Sağlık,ATM,672.6,426.85,57.6,Gaziantep,0,2.13,30,0,normal
TXN000415,MUS0625,2024-11-07 05:56:00,Perşembe,5,1,Döviz,Fiziksel Kart,420.62,494.54,-14.9,İzmir,0,0.07,0,0,normal
TXN004507,MUS0677,2024-02-21 19:03:00,Çarşamba,19,0,Online Alışveriş,Online,1025.56,704.79,45.5,Konya,0,0.41,8,0,normal
TXN004432,MUS0651,2024-07-29 10:33:00,Pazartesi,10,0,Döviz,Telefon,121.83,104.34,16.8,Bursa,0,0.9,9,0,normal
TXN002881,MUS0463,2024-02-13 09:51:00,Salı,9,0,Giyim,Temassız,132.47,195.33,-32.2,İstanbul,0,1.15,12,0,normal
TXN000615,MUS0763,2024-05-24 02:30:00,Cuma,2,1,Yakıt,Fiziksel Kart,652.17,604.91,7.8,Kayseri,0,1.35,12,0,normal
TXN002866,MUS0186,2024-07-14 04:47:00,Pazar,4,1,ATM Nakit,Online,210.3,444.25,-52.7,İzmir,0,0.68,12,0,normal
TXN000539,MUS0363,2024-06-20 03:54:00,Perşembe,3,1,Restoran,ATM,819.02,799.05,2.5,Adana,0,0.6,12,0,normal
TXN001551,MUS0461,2024-11-04 16:38:00,Pazartesi,16,0,Elektronik,Temassız,203.35,177.12,14.8,Eskişehir,0,0.21,0,0,normal
TXN002476,MUS0552,2024-07-11 18:44:00,Perşembe,18,0,Ulaşım,Online,387.44,587.88,-34.1,İzmir,0,0.81,8,0,normal
TXN004761,MUS0776,2024-04-28 20:57:00,Pazar,20,0,Döviz,Temassız,720.5,570.38,26.3,İzmir,0,1.7,23,0,normal
TXN002629,MUS0187,2024-12-24 17:17:00,Salı,17,0,Online Alışveriş,Online,565.74,707.68,-20.1,Antalya,0,0.45,7,0,normal
TXN004520,MUS0081,2024-12-06 02:30:00,Cuma,2,1,Ulaşım,Fiziksel Kart,615.61,495.61,24.2,Gaziantep,0,0.31,6,0,normal
TXN000862,MUS0410,2024-07-16 09:12:00,Salı,9,0,Restoran,Fiziksel Kart,126.53,128.02,-1.2,Konya,0,1.04,11,0,normal
TXN003123,MUS0123,2024-06-26 21:21:00,Çarşamba,21,0,Online Alışveriş,ATM,650.39,407.08,59.8,Adana,0,0.46,11,0,normal
TXN001136,MUS0101,2024-02-28 15:57:00,Çarşamba,15,0,ATM Nakit,Online,867.47,664.75,30.5,İzmir,0,0.39,6,0,normal
TXN000675,MUS0682,2024-08-04 12:38:00,Pazar,12,0,Restoran,Online,340.88,550.38,-38.1,Ankara,0,1.09,17,0,normal
TXN004667,MUS0162,2024-10-22 12:21:00,Salı,12,0,Elektronik,Fiziksel Kart,326.42,344.14,-5.1,Konya,0,0.02,9,0,normal
TXN003578,MUS0337,2024-04-22 01:11:00,Pazartesi,1,1,Döviz,ATM,326.58,265.52,23.0,Bursa,0,1.82,15,0,normal
TXN001754,MUS0032,2024-10-21 19:52:00,Pazartesi,19,0,Elektronik,Temassız,256.81,253.2,1.4,Samsun,0,0.82,6,0,normal
TXN001079,MUS0125,2024-01-10 02:18:00,Çarşamba,2,1,Elektronik,Online,228.21,183.8,24.2,İstanbul,0,1.05,5,0,normal
TXN001964,MUS0028,2024-04-10 22:17:00,Çarşamba,22,0,Döviz,Temassız,261.17,251.81,3.7,Adana,0,0.54,3,0,normal
TXN002032,MUS0677,2024-01-02 00:30:00,Salı,0,1,Restoran,ATM,1077.76,704.79,52.9,Konya,0,0.25,0,0,normal
TXN002723,MUS0628,2024-10-26 02:45:00,Cumartesi,2,1,Sağlık,Online,516.03,656.98,-21.5,İzmir,0,0.6,12,0,normal
TXN002518,MUS0031,2024-08-15 20:47:00,Perşembe,20,0,Restoran,Fiziksel Kart,90.25,135.8,-33.5,Kayseri,0,1.58,15,0,normal
TXN004129,MUS0551,2024-03-03 00:17:00,Pazar,0,1,Online Alışveriş,Fiziksel Kart,518.33,533.28,-2.8,Gaziantep,0,0.91,10,0,normal
TXN004755,MUS0618,2024-06-18 19:10:00,Salı,1,1,Döviz,Online,1383.42,288.77,379.1,Antalya,0,2.57,73,1,gece_islemi
TXN001937,MUS0709,2024-10-22 16:40:00,Salı,16,0,Market,ATM,231.41,514.0,-55.0,Mersin,0,0.04,0,0,normal
TXN003448,MUS0667,2024-05-18 22:52:00,Cumartesi,22,0,Giyim,Fiziksel Kart,512.48,707.84,-27.6,Eskişehir,0,0.61,3,0,normal
TXN003101,MUS0131,2024-07-03 13:05:00,Çarşamba,13,0,Sağlık,Telefon,709.77,730.35,-2.8,Konya,0,0.01,6,0,normal
TXN004073,MUS0449,2024-10-11 15:21:00,Cuma,15,0,Eğlence,ATM,410.0,431.62,-5.0,Kayseri,0,0.48,5,0,normal
TXN004895,MUS0546,2024-04-23 16:01:00,Salı,16,0,Ulaşım,Online,99.17,150.13,-33.9,Samsun,0,1.8,21,0,normal
TXN001207,MUS0501,2024-11-07 07:08:00,Perşembe,7,0,Sağlık,ATM,122.04,118.61,2.9,Eskişehir,0,0.39,8,0,normal
TXN001529,MUS0180,2024-02-06 09:30:00,Salı,9,0,Ulaşım,Online,550.86,722.13,-23.7,Samsun,0,0.41,0,0,normal
TXN004189,MUS0606,2024-06-26 22:55:00,Çarşamba,22,0,Uluslararası,Online,384.96,297.79,29.3,Kayseri,0,0.7,4,0,normal
TXN002260,MUS0327,2024-12-04 22:49:00,Çarşamba,3,1,ATM Nakit,ATM,805.83,178.75,350.8,Antalya,0,5.48,88,1,gece_islemi
TXN003051,MUS0176,2024-02-06 19:20:00,Salı,19,0,Sağlık,Online,117.54,143.28,-18.0,Mersin,0,0.32,11,0,normal
TXN004601,MUS0646,2024-01-01 09:35:00,Pazartesi,9,0,Yakıt,Temassız,466.97,580.15,-19.5,Konya,0,1.36,21,0,normal
TXN004944,MUS0312,2024-08-06 19:14:00,Salı,19,0,Sağlık,Fiziksel Kart,1107.53,614.63,80.2,Ankara,0,0.38,12,0,normal
TXN001217,MUS0255,2024-04-14 17:53:00,Pazar,17,0,Elektronik,Temassız,204.82,371.46,-44.9,İzmir,0,0.75,3,0,normal
TXN000583,MUS0346,2024-06-10 00:55:00,Pazartesi,0,1,Giyim,Fiziksel Kart,194.84,215.25,-9.5,Gaziantep,0,1.07,8,0,normal
TXN000509,MUS0446,2024-04-21 10:08:00,Pazar,10,0,Elektronik,Fiziksel Kart,6988.98,134.21,5107.5,Roma,1,6.39,89,1,yurtdisi_anomali
TXN000776,MUS0357,2024-11-04 01:47:00,Pazartesi,1,1,ATM Nakit,Online,543.37,381.21,42.5,Gaziantep,0,0.14,6,0,normal
TXN001237,MUS0491,2024-12-14 08:52:00,Cumartesi,8,0,Ulaşım,Online,584.23,527.91,10.7,Gaziantep,0,1.81,13,0,normal
TXN001266,MUS0627,2024-02-06 04:00:00,Salı,4,1,Elektronik,Online,719.42,639.45,12.5,Konya,0,0.76,16,0,normal
TXN000298,MUS0629,2024-03-12 03:57:00,Salı,3,1,Yakıt,Fiziksel Kart,349.9,293.25,19.3,Antalya,0,1.24,9,0,normal
TXN002313,MUS0622,2024-03-27 14:49:00,Çarşamba,14,0,Giyim,Online,206.79,300.48,-31.2,Adana,0,1.09,17,0,normal
TXN002444,MUS0419,2024-01-05 15:22:00,Cuma,15,0,Restoran,Fiziksel Kart,111.12,160.17,-30.6,Antalya,0,0.96,5,0,normal
TXN004726,MUS0059,2024-03-22 19:04:00,Cuma,19,0,Sağlık,Fiziksel Kart,89.44,161.04,-44.5,İstanbul,0,0.8,6,0,normal
TXN001287,MUS0128,2024-10-18 14:46:00,Cuma,14,0,Sağlık,Fiziksel Kart,351.93,230.87,52.4,İstanbul,0,1.13,7,0,normal
TXN002855,MUS0727,2024-04-15 20:19:00,Pazartesi,20,0,Ulaşım,Telefon,297.74,295.6,0.7,Konya,0,1.06,12,0,normal
TXN002979,MUS0580,2024-12-05 20:30:00,Perşembe,20,0,Restoran,Online,191.02,209.85,-9.0,İstanbul,0,0.01,8,0,normal
TXN001647,MUS0663,2024-04-05 09:41:00,Cuma,9,0,Eğlence,Temassız,506.47,710.91,-28.8,Kayseri,0,1.33,20,0,normal
TXN001853,MUS0556,2024-04-10 08:20:00,Çarşamba,8,0,Elektronik,Online,4656.87,560.6,730.7,Dubai,1,3.63,80,1,yurtdisi_anomali
TXN001878,MUS0570,2024-09-07 18:41:00,Cumartesi,18,0,Restoran,Fiziksel Kart,327.78,270.38,21.2,Ankara,0,1.93,17,0,normal
TXN003850,MUS0359,2024-12-29 03:33:00,Pazar,3,1,Uluslararası,Fiziksel Kart,346.22,403.13,-14.1,İstanbul,0,0.94,12,0,normal
TXN004744,MUS0282,2024-06-16 11:30:00,Pazar,11,0,Uluslararası,Temassız,624.8,583.93,7.0,İstanbul,0,0.48,13,0,normal
TXN001402,MUS0246,2024-01-09 15:19:00,Salı,15,0,Döviz,ATM,1192.25,620.91,92.0,Antalya,0,0.22,0,0,normal
TXN001384,MUS0231,2024-01-10 08:27:00,Çarşamba,8,0,Döviz,Fiziksel Kart,117.29,94.28,24.4,Bangkok,1,0.32,5,0,normal
TXN004727,MUS0007,2024-05-15 13:07:00,Çarşamba,13,0,Yakıt,Telefon,565.21,454.21,24.4,İstanbul,0,0.14,3,0,normal
TXN003760,MUS0068,2024-04-03 16:50:00,Çarşamba,16,0,Eğlence,Online,398.06,250.55,58.9,Ankara,0,0.12,5,0,normal
TXN001806,MUS0179,2024-03-28 22:40:00,Perşembe,22,0,Eğlence,Fiziksel Kart,428.68,427.45,0.3,Eskişehir,0,0.48,11,0,normal
TXN001123,MUS0501,2024-08-14 19:48:00,Çarşamba,19,0,Restoran,ATM,32.21,118.61,-72.8,Eskişehir,0,1.18,9,0,normal
TXN001179,MUS0718,2024-12-27 15:11:00,Cuma,15,0,Market,Fiziksel Kart,421.64,710.44,-40.7,İzmir,0,0.28,12,0,normal
TXN005000,MUS0753,2024-07-06 02:42:00,Cumartesi,2,1,Giyim,Fiziksel Kart,386.22,372.16,3.8,Adana,0,1.45,12,0,normal
TXN004005,MUS0037,2024-04-11 16:44:00,Perşembe,16,0,Market,ATM,379.85,524.23,-27.5,Mersin,0,0.12,2,0,normal
TXN004133,MUS0388,2024-03-16 12:59:00,Cumartesi,12,0,Market,Temassız,549.99,693.28,-20.7,İstanbul,0,0.04,2,0,normal
TXN000958,MUS0398,2024-01-28 17:52:00,Pazar,17,0,Elektronik,Telefon,282.21,725.19,-61.1,Konya,0,1.25,11,0,normal
TXN000083,MUS0673,2024-09-19 12:24:00,Perşembe,12,0,Giyim,Fiziksel Kart,257.59,254.7,1.1,Antalya,0,0.44,2,0,normal
TXN002650,MUS0106,2024-12-29 19:36:00,Pazar,19,0,Uluslararası,Temassız,395.64,725.34,-45.5,İzmir,0,0.01,4,0,normal
TXN000408,MUS0749,2024-06-11 18:48:00,Salı,18,0,Uluslararası,ATM,295.18,226.53,30.3,Antalya,0,1.79,20,0,normal
TXN003165,MUS0158,2024-12-28 04:54:00,Cumartesi,4,1,ATM Nakit,Online,282.57,255.9,10.4,Konya,0,0.63,6,0,normal
TXN000849,MUS0177,2024-10-04 02:03:00,Cuma,2,1,Ulaşım,Temassız,776.94,680.45,14.2,Adana,0,0.54,3,0,normal
TXN003875,MUS0719,2024-05-27 09:51:00,Pazartesi,9,0,Ulaşım,Fiziksel Kart,776.59,525.72,47.7,İzmir,0,0.01,0,0,normal
TXN002485,MUS0697,2024-09-10 00:21:00,Salı,0,1,ATM Nakit,Online,1019.72,589.03,73.1,Kayseri,0,0.26,10,0,normal
TXN000659,MUS0413,2024-04-05 22:24:00,Cuma,22,0,Döviz,Online,545.95,548.75,-0.5,Konya,0,1.76,18,0,normal
TXN004878,MUS0703,2024-02-17 00:56:00,Cumartesi,0,1,Uluslararası,Online,579.15,491.21,17.9,Eskişehir,0,0.51,7,0,normal
TXN002623,MUS0291,2024-08-01 03:14:00,Perşembe,3,1,Market,ATM,217.68,564.88,-61.5,Antalya,0,1.39,13,0,normal
TXN000204,MUS0743,2024-02-25 03:18:00,Pazar,3,1,Online Alışveriş,Online,480.87,514.96,-6.6,İzmir,0,1.27,18,0,normal
TXN002425,MUS0543,2024-09-06 08:55:00,Cuma,8,0,Ulaşım,Online,401.66,338.79,18.6,Mersin,0,0.35,10,0,normal
TXN004173,MUS0378,2024-07-30 10:44:00,Salı,10,0,ATM Nakit,Online,189.58,147.68,28.4,İstanbul,0,0.69,15,0,normal
TXN004201,MUS0417,2024-10-28 02:01:00,Pazartesi,2,1,Ulaşım,Fiziksel Kart,387.66,513.39,-24.5,Londra,1,0.12,9,0,normal
TXN003317,MUS0591,2024-08-28 02:07:00,Çarşamba,2,1,Sağlık,ATM,766.79,687.49,11.5,Eskişehir,0,0.44,9,0,normal
TXN002285,MUS0336,2024-04-15 22:17:00,Pazartesi,22,0,Yakıt,Fiziksel Kart,132.72,201.77,-34.2,Kayseri,0,2.11,30,0,normal
TXN003704,MUS0299,2024-11-05 06:13:00,Salı,6,0,Uluslararası,Fiziksel Kart,407.84,398.01,2.5,Konya,0,0.99,5,0,normal
TXN004283,MUS0221,2024-10-13 23:32:00,Pazar,23,1,Eğlence,Online,307.22,214.37,43.3,Samsun,0,0.94,5,0,normal
TXN001259,MUS0720,2024-10-05 02:46:00,Cumartesi,2,1,Uluslararası,Online,260.92,607.8,-57.1,Adana,0,0.58,15,0,normal
TXN002279,MUS0627,2024-01-25 16:23:00,Perşembe,16,0,Ulaşım,Telefon,569.47,639.45,-10.9,Konya,0,0.77,7,0,normal
TXN002498,MUS0510,2024-11-07 14:10:00,Perşembe,14,0,ATM Nakit,Online,295.16,503.69,-41.4,Bursa,0,0.72,5,0,normal
TXN001174,MUS0637,2024-08-16 23:06:00,Cuma,23,1,Sağlık,Telefon,570.49,756.37,-24.6,İstanbul,0,1.37,10,0,normal
TXN004738,MUS0773,2024-08-01 23:21:00,Perşembe,23,1,Uluslararası,Online,493.2,425.78,15.8,Eskişehir,0,0.22,9,0,normal
TXN001740,MUS0426,2024-07-04 19:52:00,Perşembe,19,0,Ulaşım,Fiziksel Kart,698.8,601.58,16.2,Ankara,0,0.68,15,0,normal
TXN003177,MUS0657,2024-05-17 12:50:00,Cuma,12,0,Market,Fiziksel Kart,206.75,264.64,-21.9,Bursa,0,0.14,7,0,normal
TXN001884,MUS0038,2024-10-01 01:48:00,Salı,1,1,Uluslararası,ATM,381.36,380.46,0.2,Adana,0,1.34,20,0,normal
TXN002225,MUS0541,2024-03-12 01:52:00,Salı,1,1,Restoran,Fiziksel Kart,1192.61,785.91,51.7,Antalya,0,0.75,11,0,normal
TXN004192,MUS0014,2024-12-09 04:34:00,Pazartesi,4,1,Uluslararası,Telefon,432.75,625.05,-30.8,Mersin,0,0.19,11,0,normal
TXN003571,MUS0766,2024-09-04 09:19:00,Çarşamba,9,0,Market,Online,276.34,720.45,-61.6,Gaziantep,0,1.84,17,0,normal
TXN002373,MUS0330,2024-02-16 03:31:00,Cuma,3,1,Giyim,Temassız,1334.9,687.67,94.1,Dubai,1,0.56,9,0,normal
TXN003252,MUS0732,2024-12-24 09:47:00,Salı,9,0,Uluslararası,Temassız,425.8,240.2,77.3,Bursa,0,0.54,3,0,normal
TXN002064,MUS0266,2024-06-05 10:14:00,Çarşamba,10,0,Döviz,Temassız,34.55,240.19,-85.6,Adana,0,1.0,14,0,normal
TXN001422,MUS0330,2024-05-15 23:48:00,Çarşamba,23,1,ATM Nakit,ATM,1523.32,687.67,121.5,Kayseri,0,0.24,0,0,normal
TXN003267,MUS0287,2024-07-31 07:13:00,Çarşamba,7,0,ATM Nakit,Fiziksel Kart,587.31,489.86,19.9,Ankara,0,0.62,2,0,normal
TXN004611,MUS0758,2024-08-21 09:48:00,Çarşamba,9,0,Restoran,Online,324.69,263.85,23.1,Samsun,0,0.69,16,0,normal
TXN003816,MUS0207,2024-07-14 16:53:00,Pazar,16,0,Elektronik,Temassız,73.4,82.97,-11.5,Bursa,0,0.21,8,0,normal
TXN004267,MUS0305,2024-11-21 15:20:00,Perşembe,15,0,Ulaşım,Fiziksel Kart,154.51,237.6,-35.0,Gaziantep,0,1.24,10,0,normal
TXN004747,MUS0193,2024-08-09 12:42:00,Cuma,12,0,Uluslararası,Online,345.3,422.78,-18.3,Konya,0,0.49,8,0,normal
TXN002521,MUS0058,2024-04-01 15:21:00,Pazartesi,15,0,Eğlence,Temassız,474.87,671.12,-29.2,İzmir,0,1.0,17,0,normal
TXN000687,MUS0317,2024-04-04 09:04:00,Perşembe,9,0,Sağlık,Fiziksel Kart,420.29,337.88,24.4,Konya,0,0.78,11,0,normal
TXN004058,MUS0404,2024-06-28 18:38:00,Cuma,18,0,Ulaşım,Temassız,221.77,765.8,-71.0,Konya,0,2.01,26,0,normal
TXN004200,MUS0259,2024-02-17 23:36:00,Cumartesi,23,1,Online Alışveriş,ATM,354.02,464.23,-23.7,Mersin,0,0.61,2,0,normal
TXN003463,MUS0186,2024-05-17 15:50:00,Cuma,15,0,Yakıt,Fiziksel Kart,351.31,444.25,-20.9,İzmir,0,0.41,2,0,normal
TXN001387,MUS0499,2024-02-03 05:00:00,Cumartesi,5,1,Restoran,ATM,504.33,563.96,-10.6,Kayseri,0,0.18,0,0,normal
TXN001584,MUS0216,2024-05-24 21:10:00,Cuma,21,0,Ulaşım,Temassız,158.08,173.04,-8.6,İzmir,0,1.84,19,0,normal
TXN001126,MUS0730,2024-02-03 01:35:00,Cumartesi,1,1,Yakıt,Online,545.17,528.56,3.1,İstanbul,0,1.6,19,0,normal
TXN000971,MUS0265,2024-07-04 16:58:00,Perşembe,16,0,Eğlence,Fiziksel Kart,298.89,260.92,14.6,Ankara,0,0.09,7,0,normal
TXN002000,MUS0129,2024-02-14 21:55:00,Çarşamba,21,0,Eğlence,Fiziksel Kart,852.98,767.54,11.1,Konya,0,1.61,25,0,normal
TXN000681,MUS0578,2024-10-22 05:23:00,Salı,5,1,Restoran,Telefon,609.38,761.55,-20.0,Ankara,0,0.14,7,0,normal
TXN004429,MUS0174,2024-10-15 12:07:00,Salı,12,0,Online Alışveriş,ATM,623.24,620.27,0.5,Gaziantep,0,1.75,25,0,normal
TXN003932,MUS0733,2024-03-31 20:57:00,Pazar,20,0,Giyim,Fiziksel Kart,567.23,470.73,20.5,İzmir,0,0.24,0,0,normal
TXN001594,MUS0434,2024-03-30 22:28:00,Cumartesi,22,0,Sağlık,Fiziksel Kart,73.17,111.37,-34.3,İzmir,0,1.65,23,0,normal
TXN001519,MUS0481,2024-08-17 22:30:00,Cumartesi,22,0,Eğlence,Online,708.22,732.79,-3.4,Bursa,0,0.12,6,0,normal
TXN002296,MUS0632,2024-03-21 03:01:00,Perşembe,3,1,Market,Fiziksel Kart,191.11,133.92,42.7,Gaziantep,0,0.72,10,0,normal
TXN002840,MUS0009,2024-06-29 18:53:00,Cumartesi,18,0,Sağlık,Temassız,102.01,163.57,-37.6,İzmir,0,0.52,4,0,normal
TXN001732,MUS0059,2024-05-04 01:01:00,Cumartesi,1,1,Ulaşım,Online,231.85,161.04,44.0,Antalya,0,1.54,22,0,normal
TXN004873,MUS0784,2024-10-18 09:00:00,Cuma,9,0,Giyim,Online,617.43,382.17,61.6,Mersin,0,2.86,23,0,normal
TXN001015,MUS0777,2024-07-03 02:03:00,Çarşamba,2,1,Ulaşım,Online,272.63,308.55,-11.6,Kayseri,0,0.08,10,0,normal
TXN002123,MUS0210,2024-09-04 04:01:00,Çarşamba,4,1,Online Alışveriş,Online,241.16,343.19,-29.7,Bursa,0,0.18,2,0,normal
TXN002615,MUS0061,2024-07-18 02:32:00,Perşembe,2,1,Online Alışveriş,Fiziksel Kart,394.17,293.99,34.1,Dubai,1,0.28,8,0,normal
TXN003484,MUS0243,2024-04-03 00:12:00,Çarşamba,0,1,ATM Nakit,Fiziksel Kart,151.26,93.38,62.0,Samsun,0,1.25,8,0,normal
TXN001756,MUS0046,2024-09-03 21:56:00,Salı,21,0,Eğlence,Temassız,192.41,517.3,-62.8,İzmir,0,1.93,24,0,normal
TXN001576,MUS0245,2024-12-02 17:40:00,Pazartesi,17,0,Ulaşım,Online,307.92,264.63,16.4,Mersin,0,0.24,0,0,normal
TXN000421,MUS0166,2024-09-08 02:41:00,Pazar,2,1,Döviz,ATM,600.93,368.91,62.9,Samsun,0,0.99,10,0,normal
TXN001523,MUS0171,2024-08-20 18:18:00,Salı,18,0,Yakıt,Online,864.63,750.36,15.2,Antalya,0,0.7,17,0,normal
TXN002843,MUS0660,2024-02-04 14:03:00,Pazar,14,0,Online Alışveriş,Fiziksel Kart,546.39,352.16,55.2,Kayseri,0,0.12,3,0,normal
TXN004258,MUS0207,2024-01-21 09:49:00,Pazar,9,0,Yakıt,ATM,77.54,82.97,-6.5,Bursa,0,0.09,1,0,normal
TXN004612,MUS0118,2024-08-09 04:37:00,Cuma,4,1,Ulaşım,Fiziksel Kart,212.18,334.75,-36.6,Samsun,0,0.18,9,0,normal
TXN000343,MUS0022,2024-07-20 02:47:00,Cumartesi,2,1,ATM Nakit,Online,655.51,740.38,-11.5,Adana,0,0.21,0,0,normal
TXN002149,MUS0736,2024-09-23 18:01:00,Pazartesi,18,0,Sağlık,Temassız,116.32,145.95,-20.3,Konya,0,0.4,3,0,normal
TXN001672,MUS0438,2024-12-30 23:40:00,Pazartesi,23,1,Market,Temassız,109.48,107.62,1.7,Gaziantep,0,0.53,7,0,normal
TXN002039,MUS0076,2024-04-02 23:33:00,Salı,23,1,Online Alışveriş,Online,965.95,743.5,29.9,Samsun,0,0.43,13,0,normal
TXN001611,MUS0470,2024-02-09 15:11:00,Cuma,15,0,Elektronik,Temassız,169.96,135.84,25.1,Samsun,0,0.56,2,0,normal
TXN002290,MUS0577,2024-08-07 23:25:00,Çarşamba,23,1,Elektronik,ATM,203.29,181.02,12.3,Ankara,0,0.46,13,0,normal
TXN002136,MUS0267,2024-02-21 09:25:00,Çarşamba,9,0,Restoran,Fiziksel Kart,754.39,310.09,143.3,Ankara,0,4.39,76,1,farkli_sehir
TXN003725,MUS0176,2024-04-03 06:16:00,Çarşamba,6,0,Online Alışveriş,Online,144.11,143.28,0.6,Mersin,0,0.87,16,0,normal
TXN004396,MUS0196,2024-01-16 00:33:00,Salı,0,1,Market,Online,275.31,710.42,-61.2,Antalya,0,0.01,6,0,normal
TXN001791,MUS0606,2024-01-28 04:02:00,Pazar,4,1,Online Alışveriş,Fiziksel Kart,258.77,297.79,-13.1,Kayseri,0,0.15,6,0,normal
TXN000389,MUS0298,2024-01-24 21:28:00,Çarşamba,21,0,Market,Online,884.19,521.36,69.6,İzmir,0,0.6,15,0,normal
TXN003174,MUS0396,2024-02-01 12:26:00,Perşembe,12,0,Online Alışveriş,Fiziksel Kart,736.04,777.7,-5.4,Samsun,0,0.73,14,0,normal
TXN001475,MUS0636,2024-01-13 18:40:00,Cumartesi,18,0,Yakıt,Fiziksel Kart,5,788.67,-99.4,Mersin,0,1.38,9,0,normal
TXN002933,MUS0036,2024-10-21 23:30:00,Pazartesi,23,1,Yakıt,Online,520.03,267.11,94.7,Ankara,0,0.66,8,0,normal
TXN001354,MUS0628,2024-11-08 03:27:00,Cuma,3,1,Restoran,Fiziksel Kart,824.9,656.98,25.6,İzmir,0,1.31,15,0,normal
TXN000207,MUS0792,2024-03-15 01:29:00,Cuma,1,1,Giyim,Fiziksel Kart,711.26,666.57,6.7,Gaziantep,0,0.75,3,0,normal
TXN003197,MUS0231,2024-02-15 06:56:00,Perşembe,6,0,Market,Online,86.48,94.28,-8.3,Mersin,0,1.38,10,0,normal
TXN001468,MUS0508,2024-05-11 16:34:00,Cumartesi,16,0,Uluslararası,Fiziksel Kart,1107.18,757.71,46.1,Eskişehir,0,0.5,3,0,normal
TXN001330,MUS0130,2024-04-13 00:24:00,Cumartesi,0,1,Market,Fiziksel Kart,695.16,493.83,40.8,Ankara,0,1.33,9,0,normal
TXN004063,MUS0294,2024-05-29 13:46:00,Çarşamba,13,0,Döviz,Online,199.6,276.81,-27.9,Adana,0,0.77,8,0,normal
TXN003057,MUS0055,2024-01-15 15:39:00,Pazartesi,15,0,Restoran,Fiziksel Kart,1305.73,741.95,76.0,Kayseri,0,1.94,18,0,normal
TXN001061,MUS0137,2024-09-19 09:09:00,Perşembe,9,0,Sağlık,Fiziksel Kart,278.77,250.34,11.4,Kayseri,0,0.97,9,0,normal
TXN004426,MUS0303,2024-01-26 02:18:00,Cuma,2,1,Yakıt,Fiziksel Kart,407.27,365.99,11.3,Konya,0,0.25,12,0,normal
TXN000824,MUS0240,2024-02-01 03:26:00,Perşembe,3,1,Eğlence,Fiziksel Kart,841.44,741.98,13.4,Samsun,0,1.53,23,0,normal
TXN004336,MUS0146,2024-11-18 22:57:00,Pazartesi,22,0,Yakıt,Fiziksel Kart,349.55,279.19,25.2,Ankara,0,0.56,0,0,normal
TXN000653,MUS0196,2024-03-01 07:33:00,Cuma,7,0,ATM Nakit,Fiziksel Kart,494.24,710.42,-30.4,Antalya,0,0.47,8,0,normal
TXN001065,MUS0622,2024-12-23 11:53:00,Pazartesi,11,0,Yakıt,Online,317.81,300.48,5.8,İstanbul,0,0.59,0,0,normal
TXN002911,MUS0380,2024-12-20 03:06:00,Cuma,3,1,Ulaşım,ATM,99.94,190.07,-47.4,Adana,0,0.48,8,0,normal
TXN002528,MUS0254,2024-11-19 11:08:00,Salı,11,0,Restoran,Fiziksel Kart,491.11,716.95,-31.5,Mersin,0,1.25,8,0,normal
TXN004075,MUS0494,2024-05-24 14:11:00,Cuma,14,0,Eğlence,Fiziksel Kart,127.18,87.96,44.6,İstanbul,0,0.76,14,0,normal
TXN000912,MUS0484,2024-01-12 15:17:00,Cuma,15,0,Online Alışveriş,Telefon,516.36,565.24,-8.6,Paris,1,0.24,8,0,normal
TXN003352,MUS0101,2024-09-24 00:55:00,Salı,0,1,Giyim,Online,136.85,664.75,-79.4,İzmir,0,1.11,12,0,normal
TXN000050,MUS0761,2024-10-31 00:46:00,Perşembe,0,1,Yakıt,Fiziksel Kart,710.17,609.5,16.5,Ankara,0,0.49,6,0,normal
TXN001861,MUS0768,2024-07-15 10:26:00,Pazartesi,10,0,Eğlence,Temassız,783.45,488.79,60.3,Berlin,1,0.23,11,0,normal
TXN004205,MUS0771,2024-04-06 01:43:00,Cumartesi,1,1,Yakıt,Fiziksel Kart,175.03,92.74,88.7,Ankara,0,1.07,19,0,normal
TXN000285,MUS0629,2024-05-09 14:37:00,Perşembe,14,0,Ulaşım,Fiziksel Kart,262.44,293.25,-10.5,Antalya,0,1.33,13,0,normal
TXN002209,MUS0623,2024-01-24 08:54:00,Çarşamba,8,0,Eğlence,ATM,833.11,625.6,33.2,İzmir,0,1.04,16,0,normal
TXN002711,MUS0308,2024-04-30 05:32:00,Salı,5,1,Ulaşım,Fiziksel Kart,1087.67,719.93,51.1,Konya,0,0.02,7,0,normal
TXN004497,MUS0075,2024-02-05 19:02:00,Pazartesi,19,0,Döviz,Online,250.14,534.62,-53.2,İzmir,0,0.93,8,0,normal
TXN004130,MUS0417,2024-07-01 03:42:00,Pazartesi,3,1,Giyim,Fiziksel Kart,415.28,513.39,-19.1,Kayseri,0,0.03,10,0,normal
TXN003180,MUS0067,2024-09-01 08:20:00,Pazar,8,0,Yakıt,Fiziksel Kart,447.75,418.23,7.1,İzmir,0,0.28,5,0,normal
TXN002527,MUS0024,2024-03-24 04:40:00,Pazar,4,1,Ulaşım,Online,144.28,574.91,-74.9,Bursa,0,1.67,15,0,normal
TXN001505,MUS0569,2024-08-11 02:14:00,Pazar,2,1,Yakıt,Fiziksel Kart,206.49,159.84,29.2,İzmir,0,1.06,13,0,normal
TXN002749,MUS0359,2024-10-11 21:03:00,Cuma,21,0,Elektronik,ATM,524.89,403.13,30.2,İstanbul,0,0.54,0,0,normal
TXN004915,MUS0336,2024-08-06 10:02:00,Salı,10,0,Ulaşım,Fiziksel Kart,152.91,201.77,-24.2,Kayseri,0,0.4,7,0,normal
TXN001499,MUS0422,2024-09-12 19:43:00,Perşembe,19,0,Restoran,Online,633.72,429.73,47.5,Samsun,0,0.5,11,0,normal
TXN004904,MUS0790,2024-07-13 06:17:00,Cumartesi,6,0,Online Alışveriş,ATM,754.01,780.55,-3.4,Mersin,0,0.46,10,0,normal
TXN003987,MUS0249,2024-10-27 21:21:00,Pazar,21,0,Elektronik,Fiziksel Kart,664.9,394.17,68.7,Kayseri,0,0.22,5,0,normal
TXN003938,MUS0606,2024-10-16 19:10:00,Çarşamba,19,0,Eğlence,Online,92.82,297.79,-68.8,Kayseri,0,1.06,20,0,normal
TXN003708,MUS0457,2024-10-13 21:28:00,Pazar,21,0,Uluslararası,Fiziksel Kart,678.76,488.61,38.9,Konya,0,0.11,4,0,normal
TXN002112,MUS0131,2024-03-27 13:39:00,Çarşamba,13,0,Eğlence,Online,806.99,730.35,10.5,Konya,0,0.42,11,0,normal
TXN003882,MUS0299,2024-08-30 20:08:00,Cuma,20,0,Market,Online,381.09,398.01,-4.3,Adana,0,1.15,10,0,normal
TXN002434,MUS0144,2024-05-24 19:54:00,Cuma,19,0,Ulaşım,Fiziksel Kart,205.35,300.05,-31.6,Kayseri,0,0.37,7,0,normal
TXN003982,MUS0397,2024-01-13 15:21:00,Cumartesi,15,0,Market,Online,747.25,639.06,16.9,Ankara,0,1.18,10,0,normal
TXN002677,MUS0265,2024-03-05 05:54:00,Salı,5,1,Sağlık,Online,356.85,260.92,36.8,Ankara,0,0.2,12,0,normal
TXN003339,MUS0769,2024-06-22 13:54:00,Cumartesi,13,0,ATM Nakit,Online,155.69,314.58,-50.5,New York,1,1.62,22,0,normal
TXN004814,MUS0527,2024-05-07 05:08:00,Salı,5,1,Market,Fiziksel Kart,756.19,727.85,3.9,Tokyo,1,0.54,15,0,normal
TXN002081,MUS0109,2024-04-27 15:17:00,Cumartesi,15,0,Online Alışveriş,Fiziksel Kart,545.77,771.66,-29.3,Antalya,0,0.8,9,0,normal
TXN004653,MUS0359,2024-08-03 08:14:00,Cumartesi,8,0,Market,Online,4.47,403.13,-98.9,İstanbul,0,4.2,76,1,kart_test
TXN003135,MUS0670,2024-01-19 01:36:00,Cuma,1,1,ATM Nakit,ATM,210.47,316.63,-33.5,Konya,0,0.36,8,0,normal
TXN004954,MUS0460,2024-07-02 23:35:00,Salı,23,1,Döviz,Fiziksel Kart,10765.78,620.02,1636.4,Konya,0,4.2,81,1,yuksek_tutar
TXN002027,MUS0156,2024-05-30 08:37:00,Perşembe,8,0,ATM Nakit,Temassız,254.24,158.07,60.8,Bursa,0,0.36,13,0,normal
TXN001250,MUS0220,2024-02-02 13:12:00,Cuma,13,0,Eğlence,ATM,248.3,260.5,-4.7,Ankara,0,0.06,9,0,normal
TXN002637,MUS0361,2024-01-11 14:14:00,Perşembe,14,0,Giyim,ATM,885.67,770.95,14.9,Mersin,0,0.09,2,0,normal
TXN003088,MUS0148,2024-09-10 09:37:00,Salı,9,0,Eğlence,Temassız,535.23,296.04,80.8,Gaziantep,0,0.11,7,0,normal
TXN000911,MUS0529,2024-06-28 01:30:00,Cuma,1,1,Eğlence,Temassız,64.51,96.45,-33.1,Paris,1,0.55,12,0,normal
TXN000611,MUS0514,2024-10-27 15:44:00,Pazar,15,0,Online Alışveriş,Fiziksel Kart,825.81,705.35,17.1,İzmir,0,1.22,9,0,normal
TXN003588,MUS0621,2024-06-10 03:13:00,Pazartesi,3,1,Elektronik,Fiziksel Kart,1148.97,706.02,62.7,Bursa,0,1.48,10,0,normal
TXN004559,MUS0633,2024-08-27 01:01:00,Salı,1,1,Döviz,Online,80.84,95.56,-15.4,Samsun,0,0.63,11,0,normal
TXN004854,MUS0255,2024-02-25 12:46:00,Pazar,12,0,Döviz,ATM,520.29,371.46,40.1,İzmir,0,0.46,11,0,normal
TXN001883,MUS0489,2024-04-08 01:37:00,Pazartesi,1,1,Uluslararası,Fiziksel Kart,1101.93,778.87,41.5,Konya,0,0.03,9,0,normal
TXN000555,MUS0627,2024-08-11 23:45:00,Pazar,23,1,ATM Nakit,Online,480.49,639.45,-24.9,Konya,0,0.55,9,0,normal
TXN002721,MUS0525,2024-12-28 23:54:00,Cumartesi,23,1,Restoran,Fiziksel Kart,569.42,661.63,-13.9,Paris,1,0.79,9,0,normal
TXN004511,MUS0689,2024-07-26 16:11:00,Cuma,16,0,Yakıt,Fiziksel Kart,408.4,469.79,-13.1,Mersin,0,0.21,11,0,normal
TXN000644,MUS0648,2024-12-30 21:39:00,Pazartesi,21,0,Eğlence,Fiziksel Kart,72.49,129.1,-43.8,İzmir,0,0.64,1,0,normal
TXN004350,MUS0775,2024-04-11 13:32:00,Perşembe,4,1,Döviz,Online,2326.5,399.2,482.8,İzmir,0,3.07,75,1,gece_islemi
TXN003801,MUS0523,2024-10-26 12:15:00,Cumartesi,12,0,Restoran,Online,707.51,560.18,26.3,Konya,0,1.28,7,0,normal
TXN000201,MUS0412,2024-11-01 19:11:00,Cuma,19,0,Uluslararası,Temassız,643.78,599.92,7.3,Samsun,0,0.81,16,0,normal
TXN002308,MUS0132,2024-04-30 21:32:00,Salı,21,0,Online Alışveriş,ATM,115.42,111.54,3.5,Adana,0,0.16,6,0,normal
TXN000154,MUS0126,2024-07-25 08:04:00,Perşembe,8,0,Elektronik,Temassız,291.43,587.16,-50.4,Mersin,0,0.52,3,0,normal
TXN000292,MUS0739,2024-08-18 20:26:00,Pazar,20,0,Online Alışveriş,Online,8.99,262.94,-96.6,Eskişehir,0,5.54,91,1,kart_test
TXN002108,MUS0746,2024-10-30 04:07:00,Çarşamba,4,1,ATM Nakit,Fiziksel Kart,175.49,305.96,-42.6,Samsun,0,1.65,16,0,normal
TXN003534,MUS0639,2024-03-06 07:55:00,Çarşamba,7,0,Elektronik,Online,559.25,526.56,6.2,İzmir,0,0.22,5,0,normal
TXN004795,MUS0622,2024-04-18 03:33:00,Perşembe,3,1,Döviz,Online,395.73,300.48,31.7,İstanbul,0,0.81,17,0,normal
TXN002817,MUS0764,2024-10-19 07:15:00,Cumartesi,7,0,Sağlık,Online,284.47,383.08,-25.7,Kayseri,0,0.95,9,0,normal
TXN002277,MUS0372,2024-01-20 04:36:00,Cumartesi,4,1,Eğlence,Online,393.85,332.8,18.3,İzmir,0,0.54,0,0,normal
TXN004314,MUS0653,2024-03-18 08:05:00,Pazartesi,8,0,Ulaşım,Fiziksel Kart,606.29,559.2,8.4,Mersin,0,1.4,19,0,normal
TXN000037,MUS0281,2024-08-10 04:04:00,Cumartesi,4,1,Restoran,Fiziksel Kart,635.31,792.17,-19.8,İstanbul,0,0.44,12,0,normal
TXN000052,MUS0165,2024-01-04 18:59:00,Perşembe,18,0,Yakıt,Online,181.15,204.55,-11.4,Samsun,0,1.88,18,0,normal
TXN004003,MUS0035,2024-07-19 12:56:00,Cuma,12,0,Eğlence,Fiziksel Kart,275.09,345.95,-20.5,Mersin,0,0.81,7,0,normal
TXN004404,MUS0585,2024-02-28 23:32:00,Çarşamba,23,1,ATM Nakit,Fiziksel Kart,1070.51,652.37,64.1,Mersin,0,1.93,15,0,normal
TXN001623,MUS0050,2024-03-29 09:40:00,Cuma,9,0,ATM Nakit,ATM,216.74,119.24,81.8,İstanbul,0,0.97,5,0,normal
TXN002097,MUS0484,2024-11-22 16:23:00,Cuma,16,0,Giyim,Temassız,418.07,565.24,-26.0,Samsun,0,0.45,5,0,normal
TXN002438,MUS0312,2024-02-17 19:12:00,Cumartesi,19,0,ATM Nakit,ATM,395.63,614.63,-35.6,Ankara,0,0.48,4,0,normal
TXN003023,MUS0362,2024-08-08 22:04:00,Perşembe,22,0,Yakıt,Online,355.47,392.31,-9.4,Samsun,0,1.97,14,0,normal
TXN002148,MUS0606,2024-04-08 04:53:00,Pazartesi,4,1,Eğlence,Online,450.52,297.79,51.3,Kayseri,0,0.85,17,0,normal
TXN002872,MUS0535,2024-11-09 19:57:00,Cumartesi,19,0,Döviz,Temassız,51.73,696.24,-92.6,Gaziantep,0,0.95,19,0,normal
TXN001295,MUS0514,2024-04-22 12:42:00,Pazartesi,12,0,Uluslararası,Fiziksel Kart,545.58,705.35,-22.7,İzmir,0,0.24,5,0,normal
TXN001482,MUS0450,2024-01-26 08:06:00,Cuma,8,0,Market,Online,452.26,648.42,-30.3,Mersin,0,1.71,13,0,normal
TXN003206,MUS0458,2024-06-17 06:35:00,Pazartesi,6,0,Giyim,ATM,158.38,312.9,-49.4,Bursa,0,0.39,8,0,normal
TXN004024,MUS0768,2024-07-24 11:25:00,Çarşamba,11,0,Online Alışveriş,Telefon,530.37,488.79,8.5,İzmir,0,1.5,11,0,normal
TXN001350,MUS0659,2024-10-12 07:14:00,Cumartesi,7,0,Ulaşım,Online,592.7,391.32,51.5,Eskişehir,0,1.77,24,0,normal
TXN002842,MUS0632,2024-06-18 23:46:00,Salı,23,1,Online Alışveriş,Fiziksel Kart,74.41,133.92,-44.4,Gaziantep,0,0.27,2,0,normal
TXN004302,MUS0387,2024-06-06 01:17:00,Perşembe,1,1,Market,Fiziksel Kart,264.24,547.94,-51.8,Antalya,0,1.28,9,0,normal
TXN002961,MUS0025,2024-06-20 15:01:00,Perşembe,15,0,Market,Online,575.1,399.29,44.0,Mersin,0,0.78,15,0,normal
TXN003740,MUS0133,2024-05-28 15:20:00,Salı,15,0,Eğlence,Telefon,501.64,259.77,93.1,Gaziantep,0,0.34,0,0,normal
TXN000194,MUS0425,2024-02-29 22:41:00,Perşembe,22,0,Yakıt,Online,467.83,601.63,-22.2,Samsun,0,1.3,20,0,normal
TXN002131,MUS0014,2024-08-24 23:42:00,Cumartesi,23,1,Market,Temassız,847.19,625.05,35.5,Mersin,0,1.32,17,0,normal
TXN000432,MUS0491,2024-11-22 09:06:00,Cuma,9,0,Giyim,Fiziksel Kart,462.3,527.91,-12.4,Gaziantep,0,0.44,2,0,normal
TXN000039,MUS0512,2024-02-24 21:02:00,Cumartesi,21,0,Ulaşım,ATM,475.33,550.18,-13.6,Konya,0,1.3,16,0,normal
TXN003666,MUS0111,2024-01-02 03:28:00,Salı,23,1,Döviz,Online,1859.61,254.74,630.0,Konya,0,5.78,90,1,gece_islemi
TXN004080,MUS0631,2024-01-12 19:30:00,Cuma,19,0,Ulaşım,ATM,771.19,791.56,-2.6,Adana,0,0.51,7,0,normal
TXN002062,MUS0786,2024-12-13 22:18:00,Cuma,22,0,Market,ATM,309.6,268.39,15.4,Bursa,0,0.27,6,0,normal
TXN000470,MUS0470,2024-04-06 12:59:00,Cumartesi,12,0,Ulaşım,Temassız,104.0,135.84,-23.4,Samsun,0,0.04,8,0,normal
TXN002281,MUS0672,2024-04-02 08:12:00,Salı,8,0,Market,ATM,441.21,701.4,-37.1,Mersin,0,0.81,17,0,normal
TXN003580,MUS0254,2024-10-18 05:32:00,Cuma,5,1,Döviz,Online,1271.56,716.95,77.4,Samsun,0,1.3,14,0,normal
TXN001928,MUS0072,2024-06-29 10:56:00,Cumartesi,10,0,Elektronik,Online,117.52,112.37,4.6,Ankara,0,0.85,14,0,normal
TXN000954,MUS0258,2024-04-06 05:10:00,Cumartesi,5,1,Restoran,Temassız,249.69,560.55,-55.5,Antalya,0,0.14,11,0,normal
TXN001135,MUS0627,2024-03-22 23:40:00,Cuma,23,1,Eğlence,Telefon,1224.88,639.45,91.6,Amsterdam,1,0.48,2,0,normal
TXN000124,MUS0702,2024-08-25 20:55:00,Pazar,20,0,Sağlık,Fiziksel Kart,681.09,357.42,90.6,Konya,0,0.76,16,0,normal
TXN003378,MUS0567,2024-10-30 04:11:00,Çarşamba,4,1,Giyim,Fiziksel Kart,353.38,380.87,-7.2,Samsun,0,0.21,3,0,normal
TXN003198,MUS0527,2024-09-22 20:53:00,Pazar,20,0,Döviz,Temassız,830.87,727.85,14.2,Ankara,0,0.87,10,0,normal
TXN004962,MUS0153,2024-04-20 00:37:00,Cumartesi,0,1,Ulaşım,Fiziksel Kart,155.52,229.88,-32.3,Ankara,0,0.83,16,0,normal
TXN001476,MUS0765,2024-06-03 17:37:00,Pazartesi,17,0,Restoran,Online,303.62,612.34,-50.4,Adana,0,0.18,11,0,normal
TXN004785,MUS0647,2024-05-11 11:19:00,Cumartesi,11,0,Yakıt,Online,480.63,296.97,61.8,İzmir,0,1.61,23,0,normal
TXN002861,MUS0017,2024-09-03 12:13:00,Salı,12,0,Döviz,Fiziksel Kart,388.47,281.56,38.0,Adana,0,1.22,16,0,normal
TXN002884,MUS0175,2024-10-08 07:16:00,Salı,7,0,Eğlence,Temassız,861.22,673.27,27.9,İstanbul,0,0.34,7,0,normal
TXN003108,MUS0263,2024-04-19 19:35:00,Cuma,19,0,Eğlence,Fiziksel Kart,117.78,86.47,36.2,Kayseri,0,1.52,10,0,normal
TXN003919,MUS0406,2024-12-13 13:01:00,Cuma,13,0,Ulaşım,Fiziksel Kart,558.35,755.25,-26.1,Eskişehir,0,1.16,14,0,normal
TXN003227,MUS0197,2024-07-27 04:54:00,Cumartesi,4,1,Giyim,Online,785.89,710.27,10.6,Bursa,0,0.4,14,0,normal
TXN002237,MUS0345,2024-04-18 22:35:00,Perşembe,22,0,Yakıt,Fiziksel Kart,513.11,375.99,36.5,Gaziantep,0,0.5,1,0,normal
TXN002620,MUS0370,2024-10-08 05:26:00,Salı,5,1,Giyim,Temassız,187.75,254.3,-26.2,İzmir,0,0.07,0,0,normal
TXN003044,MUS0350,2024-03-03 03:26:00,Pazar,3,1,Ulaşım,Online,945.31,611.5,54.6,Bursa,0,1.54,20,0,normal
TXN003660,MUS0230,2024-05-17 05:17:00,Cuma,5,1,Market,ATM,224.6,283.23,-20.7,Gaziantep,0,1.46,17,0,normal
TXN004128,MUS0248,2024-09-22 22:15:00,Pazar,22,0,Elektronik,ATM,336.55,326.91,2.9,Gaziantep,0,0.6,3,0,normal
TXN000028,MUS0345,2024-08-27 14:54:00,Salı,14,0,Online Alışveriş,Online,645.85,375.99,71.8,Gaziantep,0,0.36,2,0,normal
TXN004469,MUS0516,2024-08-06 09:10:00,Salı,9,0,Online Alışveriş,Online,341.2,610.16,-44.1,Ankara,0,0.56,3,0,normal
TXN003851,MUS0483,2024-09-14 10:25:00,Cumartesi,10,0,Sağlık,Temassız,690.77,771.64,-10.5,Kayseri,0,0.47,0,0,normal
TXN004903,MUS0331,2024-05-27 05:22:00,Pazartesi,5,1,Giyim,Fiziksel Kart,833.56,578.69,44.0,Konya,0,0.78,7,0,normal
TXN003649,MUS0251,2024-03-09 01:12:00,Cumartesi,1,1,Online Alışveriş,Fiziksel Kart,161.94,244.71,-33.8,Kayseri,0,0.12,1,0,normal
TXN003128,MUS0746,2024-01-10 09:45:00,Çarşamba,9,0,Online Alışveriş,Online,169.08,305.96,-44.7,Samsun,0,0.16,0,0,normal
TXN003531,MUS0025,2024-10-23 15:09:00,Çarşamba,15,0,Yakıt,Online,298.29,399.29,-25.3,Mersin,0,0.94,17,0,normal
TXN003502,MUS0004,2024-02-17 13:01:00,Cumartesi,13,0,Market,Fiziksel Kart,1207.42,787.04,53.4,Ankara,0,0.21,0,0,normal
TXN000921,MUS0125,2024-11-28 01:25:00,Perşembe,1,1,Döviz,Fiziksel Kart,250.02,183.8,36.0,İstanbul,0,0.36,4,0,normal
TXN004363,MUS0242,2024-09-20 03:11:00,Cuma,3,1,Yakıt,Online,172.56,120.25,43.5,İstanbul,0,0.16,5,0,normal
TXN000091,MUS0569,2024-05-20 12:57:00,Pazartesi,12,0,Giyim,ATM,131.33,159.84,-17.8,İzmir,0,1.27,8,0,normal
TXN001323,MUS0438,2024-04-30 06:30:00,Salı,6,0,Uluslararası,Telefon,108.94,107.62,1.2,Gaziantep,0,1.12,16,0,normal
TXN001605,MUS0151,2024-12-02 13:25:00,Pazartesi,13,0,Elektronik,Fiziksel Kart,190.02,200.38,-5.2,İzmir,0,0.22,0,0,normal
TXN000777,MUS0181,2024-03-26 14:29:00,Salı,14,0,Yakıt,Temassız,112.52,87.04,29.3,Konya,0,2.37,30,0,normal
TXN003155,MUS0299,2024-10-03 03:34:00,Perşembe,3,1,Ulaşım,ATM,293.0,398.01,-26.4,Dubai,1,0.29,5,0,normal
TXN002754,MUS0450,2024-11-04 14:04:00,Pazartesi,14,0,Giyim,Online,653.71,648.42,0.8,Mersin,0,0.34,1,0,normal
TXN003911,MUS0482,2024-02-13 22:07:00,Salı,22,0,Online Alışveriş,ATM,357.61,233.28,53.3,Kayseri,0,0.19,6,0,normal
TXN002894,MUS0137,2024-09-09 16:51:00,Pazartesi,16,0,Market,Temassız,421.59,250.34,68.4,Kayseri,0,0.32,6,0,normal
TXN001440,MUS0108,2024-07-07 20:14:00,Pazar,20,0,Sağlık,Online,221.63,390.37,-43.2,Kayseri,0,1.03,15,0,normal
TXN000521,MUS0436,2024-06-25 05:08:00,Salı,5,1,Sağlık,Temassız,276.62,391.22,-29.3,İstanbul,0,0.04,0,0,normal
TXN002295,MUS0448,2024-01-30 02:10:00,Salı,2,1,Restoran,Temassız,657.05,442.99,48.3,Antalya,0,1.3,11,0,normal
TXN002388,MUS0067,2024-01-02 01:24:00,Salı,1,1,Online Alışveriş,Fiziksel Kart,571.16,418.23,36.6,İzmir,0,0.6,13,0,normal
TXN001155,MUS0397,2024-08-05 06:18:00,Pazartesi,6,0,Yakıt,Telefon,863.2,639.06,35.1,Ankara,0,0.32,2,0,normal
TXN000667,MUS0485,2024-04-30 03:46:00,Salı,3,1,Eğlence,Online,88.04,108.19,-18.6,Mersin,0,0.05,8,0,normal
TXN000883,MUS0663,2024-03-06 09:05:00,Çarşamba,9,0,Online Alışveriş,Fiziksel Kart,920.77,710.91,29.5,Kayseri,0,0.02,6,0,normal
TXN004930,MUS0322,2024-12-24 16:11:00,Salı,16,0,Giyim,Temassız,430.76,779.53,-44.7,Kayseri,0,0.17,4,0,normal
TXN004661,MUS0519,2024-08-28 11:04:00,Çarşamba,11,0,Sağlık,Online,388.56,499.23,-22.2,Antalya,0,0.73,6,0,normal
TXN001919,MUS0503,2024-09-24 20:10:00,Salı,20,0,Döviz,Online,421.73,449.73,-6.2,Mersin,0,1.25,12,0,normal
TXN004891,MUS0400,2024-10-15 18:45:00,Salı,18,0,Giyim,Online,688.51,490.74,40.3,Samsun,0,0.52,3,0,normal
TXN001042,MUS0743,2024-09-25 18:21:00,Çarşamba,18,0,Sağlık,ATM,499.03,514.96,-3.1,İzmir,0,0.35,4,0,normal
TXN004900,MUS0466,2024-07-06 17:19:00,Cumartesi,17,0,Elektronik,Online,119.22,134.94,-11.6,Konya,0,0.92,10,0,normal
TXN000004,MUS0307,2024-04-17 12:01:00,Çarşamba,12,0,Restoran,Temassız,369.53,556.55,-33.6,Kayseri,0,0.83,7,0,normal
TXN003158,MUS0524,2024-09-21 22:42:00,Cumartesi,22,0,ATM Nakit,Online,1051.74,746.07,41.0,Antalya,0,1.49,21,0,normal
TXN004231,MUS0511,2024-05-25 15:41:00,Cumartesi,15,0,Uluslararası,Fiziksel Kart,526.29,387.72,35.7,Samsun,0,0.79,7,0,normal
TXN002849,MUS0509,2024-05-25 17:19:00,Cumartesi,17,0,Ulaşım,Fiziksel Kart,925.95,783.18,18.2,İzmir,0,0.32,0,0,normal
TXN000500,MUS0070,2024-02-04 22:31:00,Pazar,22,0,Giyim,Online,146.79,251.82,-41.7,Gaziantep,0,0.31,6,0,normal
TXN000837,MUS0320,2024-03-22 19:29:00,Cuma,19,0,Elektronik,Temassız,88.71,394.18,-77.5,Eskişehir,0,0.09,0,0,normal
TXN000886,MUS0231,2024-12-06 00:43:00,Cuma,0,1,Eğlence,Online,108.58,94.28,15.2,Mersin,0,0.32,1,0,normal
TXN004921,MUS0395,2024-11-20 13:05:00,Çarşamba,13,0,Ulaşım,Telefon,653.14,480.86,35.8,Eskişehir,0,0.07,2,0,normal
TXN001608,MUS0485,2024-01-24 11:20:00,Çarşamba,11,0,Giyim,Online,133.46,108.19,23.4,Mersin,0,1.24,19,0,normal
TXN003344,MUS0624,2024-04-16 18:15:00,Salı,18,0,Online Alışveriş,ATM,664.39,473.95,40.2,Bursa,0,0.12,9,0,normal
TXN000372,MUS0394,2024-06-16 12:44:00,Pazar,12,0,Online Alışveriş,Fiziksel Kart,508.88,593.96,-14.3,Kayseri,0,1.28,7,0,normal
TXN002416,MUS0667,2024-08-16 04:29:00,Cuma,4,1,Döviz,Temassız,348.19,707.84,-50.8,Eskişehir,0,0.43,0,0,normal
TXN004599,MUS0180,2024-01-31 04:35:00,Çarşamba,4,1,ATM Nakit,Online,748.67,722.13,3.7,Konya,0,0.94,19,0,normal
TXN003544,MUS0291,2024-07-02 00:47:00,Salı,0,1,Eğlence,Temassız,506.76,564.88,-10.3,Antalya,0,1.15,14,0,normal
TXN001509,MUS0023,2024-11-28 22:13:00,Perşembe,22,0,Restoran,Online,418.34,443.77,-5.7,Mersin,0,0.71,7,0,normal
TXN002019,MUS0426,2024-07-04 05:14:00,Perşembe,5,1,Sağlık,Online,842.38,601.58,40.0,Konya,0,0.23,5,0,normal
TXN000599,MUS0622,2024-04-01 08:02:00,Pazartesi,8,0,Yakıt,Fiziksel Kart,301.34,300.48,0.3,İstanbul,0,0.25,10,0,normal
TXN004956,MUS0491,2024-08-26 21:48:00,Pazartesi,21,0,Market,Online,595.2,527.91,12.7,Gaziantep,0,1.47,12,0,normal
TXN003359,MUS0781,2024-08-10 06:53:00,Cumartesi,6,0,Elektronik,Fiziksel Kart,616.97,684.21,-9.8,Gaziantep,0,0.79,13,0,normal
TXN000567,MUS0544,2024-09-18 05:41:00,Çarşamba,5,1,Giyim,ATM,469.47,417.83,12.4,İzmir,0,0.56,7,0,normal
TXN000997,MUS0195,2024-07-01 13:31:00,Pazartesi,13,0,ATM Nakit,Temassız,457.55,290.67,57.4,Ankara,0,0.33,10,0,normal
TXN004131,MUS0699,2024-04-20 14:12:00,Cumartesi,14,0,Ulaşım,Online,71.55,535.52,-86.6,Konya,0,0.33,13,0,normal
TXN003857,MUS0291,2024-08-19 13:42:00,Pazartesi,13,0,Elektronik,ATM,546.91,564.88,-3.2,Antalya,0,1.15,8,0,normal
TXN000927,MUS0234,2024-06-15 12:54:00,Cumartesi,12,0,Sağlık,Fiziksel Kart,43.51,114.94,-62.1,İstanbul,0,0.4,9,0,normal
TXN001119,MUS0311,2024-01-22 03:45:00,Pazartesi,3,1,Uluslararası,Fiziksel Kart,1140.37,797.77,42.9,Londra,1,0.27,6,0,normal
TXN002402,MUS0518,2024-09-09 08:40:00,Pazartesi,8,0,Eğlence,Temassız,288.77,359.24,-19.6,Konya,0,0.41,7,0,normal
TXN001240,MUS0620,2024-06-20 15:30:00,Perşembe,15,0,Eğlence,Temassız,957.54,786.13,21.8,Mersin,0,1.04,8,0,normal
TXN004088,MUS0221,2024-08-19 19:43:00,Pazartesi,19,0,Market,Online,17.67,214.37,-91.8,Samsun,0,5.72,85,1,kart_test
TXN001578,MUS0601,2024-10-17 10:31:00,Perşembe,10,0,Restoran,Fiziksel Kart,66.45,263.52,-74.8,Konya,0,0.2,2,0,normal
TXN001744,MUS0522,2024-06-04 21:16:00,Salı,21,0,ATM Nakit,Fiziksel Kart,701.49,734.17,-4.5,Dubai,1,1.37,15,0,normal
TXN002991,MUS0540,2024-01-26 17:49:00,Cuma,17,0,Sağlık,Online,253.75,165.05,53.7,İzmir,0,1.49,18,0,normal
TXN004033,MUS0585,2024-09-24 23:56:00,Salı,23,1,Yakıt,Online,807.55,652.37,23.8,Mersin,0,0.24,9,0,normal
TXN002111,MUS0704,2024-05-14 03:33:00,Salı,3,1,Eğlence,ATM,260.78,196.09,33.0,Mersin,0,1.85,13,0,normal
TXN000750,MUS0040,2024-04-15 09:15:00,Pazartesi,9,0,Market,Temassız,156.18,265.34,-41.1,Ankara,0,0.09,2,0,normal
TXN002973,MUS0376,2024-05-10 11:30:00,Cuma,11,0,Yakıt,Online,422.75,605.25,-30.2,Eskişehir,0,0.21,9,0,normal
TXN003936,MUS0136,2024-08-01 00:31:00,Perşembe,0,1,Uluslararası,Online,249.92,497.54,-49.8,İstanbul,0,0.52,1,0,normal
TXN004417,MUS0739,2024-12-04 17:44:00,Çarşamba,17,0,Döviz,Temassız,323.05,262.94,22.9,Eskişehir,0,0.88,11,0,normal
TXN000381,MUS0361,2024-11-04 03:00:00,Pazartesi,3,1,Uluslararası,Fiziksel Kart,433.68,770.95,-43.7,İzmir,0,1.07,10,0,normal
TXN003695,MUS0602,2024-01-21 00:10:00,Pazar,0,1,Sağlık,Online,333.33,428.12,-22.1,Gaziantep,0,0.02,0,0,normal
TXN001447,MUS0380,2024-05-18 20:37:00,Cumartesi,20,0,Sağlık,Fiziksel Kart,290.69,190.07,52.9,Gaziantep,0,0.97,4,0,normal
TXN004062,MUS0068,2024-10-25 05:28:00,Cuma,5,1,Giyim,Fiziksel Kart,300.44,250.55,19.9,New York,1,0.14,5,0,normal
TXN001062,MUS0145,2024-05-06 19:24:00,Pazartesi,19,0,Döviz,Fiziksel Kart,559.42,644.98,-13.3,Antalya,0,0.87,16,0,normal
TXN001676,MUS0302,2024-03-26 09:54:00,Salı,9,0,Eğlence,Fiziksel Kart,1800.85,481.75,273.8,Bursa,0,5.16,83,1,farkli_sehir
TXN004375,MUS0326,2024-04-15 13:05:00,Pazartesi,13,0,ATM Nakit,Fiziksel Kart,334.94,394.48,-15.1,Mersin,0,0.06,0,0,normal
TXN002667,MUS0097,2024-10-07 23:01:00,Pazartesi,23,1,Elektronik,Online,431.99,593.94,-27.3,Adana,0,0.44,1,0,normal
TXN001195,MUS0785,2024-03-26 04:19:00,Salı,4,1,Sağlık,Fiziksel Kart,374.3,484.73,-22.8,Ankara,0,0.1,0,0,normal
TXN004842,MUS0534,2024-04-01 06:52:00,Pazartesi,6,0,Döviz,Fiziksel Kart,15305.32,709.81,2056.3,İzmir,0,2.83,73,1,yuksek_tutar
TXN003525,MUS0622,2024-02-18 13:24:00,Pazar,13,0,Ulaşım,Online,193.85,300.48,-35.5,İstanbul,0,0.93,6,0,normal
TXN004430,MUS0678,2024-02-11 11:25:00,Pazar,11,0,Döviz,Temassız,366.67,324.94,12.8,İzmir,0,1.23,17,0,normal
TXN002182,MUS0694,2024-05-27 11:19:00,Pazartesi,11,0,Uluslararası,Fiziksel Kart,618.65,655.25,-5.6,Mersin,0,0.05,7,0,normal
TXN001671,MUS0725,2024-06-29 23:36:00,Cumartesi,23,1,Giyim,Fiziksel Kart,545.44,760.62,-28.3,Adana,0,0.65,2,0,normal
TXN001208,MUS0632,2024-08-04 19:09:00,Pazar,19,0,Restoran,Fiziksel Kart,100.06,133.92,-25.3,Gaziantep,0,0.56,12,0,normal
TXN004649,MUS0627,2024-09-08 22:36:00,Pazar,22,0,Yakıt,Fiziksel Kart,862.53,639.45,34.9,Konya,0,0.08,2,0,normal
TXN002735,MUS0365,2024-12-07 04:23:00,Cumartesi,4,1,ATM Nakit,Fiziksel Kart,585.61,707.18,-17.2,Antalya,0,1.23,11,0,normal
TXN003442,MUS0472,2024-09-26 16:48:00,Perşembe,16,0,Uluslararası,ATM,888.96,750.11,18.5,Mersin,0,0.65,2,0,normal
TXN002254,MUS0437,2024-09-15 20:35:00,Pazar,20,0,ATM Nakit,Fiziksel Kart,75.09,605.89,-87.6,Ankara,0,1.99,19,0,normal
TXN002957,MUS0454,2024-03-11 04:50:00,Pazartesi,4,1,Uluslararası,Fiziksel Kart,59.19,663.91,-91.1,Eskişehir,0,1.73,18,0,normal
TXN002016,MUS0477,2024-01-02 16:35:00,Salı,16,0,Restoran,Fiziksel Kart,930.87,662.24,40.6,Eskişehir,0,0.6,13,0,normal
TXN003679,MUS0750,2024-06-21 10:53:00,Cuma,10,0,ATM Nakit,Online,376.13,603.67,-37.7,Eskişehir,0,0.56,9,0,normal
TXN001058,MUS0539,2024-07-20 22:40:00,Cumartesi,22,0,Market,Fiziksel Kart,231.0,266.78,-13.4,Konya,0,0.95,17,0,normal
TXN003254,MUS0533,2024-09-23 08:57:00,Pazartesi,8,0,Market,Online,787.67,450.68,74.8,Mersin,0,0.06,5,0,normal
TXN001324,MUS0299,2024-03-17 17:49:00,Pazar,17,0,Yakıt,Fiziksel Kart,677.48,398.01,70.2,Roma,1,0.26,9,0,normal
TXN001181,MUS0469,2024-09-15 08:38:00,Pazar,8,0,Eğlence,Fiziksel Kart,210.79,171.34,23.0,Mersin,0,1.2,7,0,normal
TXN003650,MUS0380,2024-12-01 04:15:00,Pazar,4,1,ATM Nakit,Temassız,133.32,190.07,-29.9,Adana,0,0.78,4,0,normal
TXN000168,MUS0506,2024-01-25 21:40:00,Perşembe,21,0,Market,Online,1070.61,763.08,40.3,Adana,0,1.16,16,0,normal
TXN000178,MUS0228,2024-07-23 22:02:00,Salı,22,0,Uluslararası,Online,171.9,687.54,-75.0,Mersin,0,0.13,6,0,normal
TXN002813,MUS0617,2024-06-23 13:49:00,Pazar,13,0,Giyim,Online,461.5,660.0,-30.1,Antalya,0,0.32,6,0,normal
TXN003291,MUS0393,2024-09-12 12:05:00,Perşembe,12,0,Elektronik,Online,538.1,473.08,13.7,Mersin,0,0.99,9,0,normal
TXN000535,MUS0665,2024-11-28 22:02:00,Perşembe,22,0,Market,Temassız,410.71,773.06,-46.9,Kayseri,0,1.35,20,0,normal
TXN002156,MUS0253,2024-08-22 18:27:00,Perşembe,18,0,Online Alışveriş,Online,939.66,771.17,21.8,Mersin,0,0.03,3,0,normal
TXN001918,MUS0678,2024-01-30 04:14:00,Salı,4,1,Elektronik,ATM,343.37,324.94,5.7,Eskişehir,0,1.41,23,0,normal
TXN001003,MUS0090,2024-11-09 19:42:00,Cumartesi,19,0,Yakıt,Telefon,140.28,163.73,-14.3,Adana,0,0.31,2,0,normal
TXN004313,MUS0593,2024-02-15 06:01:00,Perşembe,6,0,Eğlence,Online,253.46,221.51,14.4,Samsun,0,1.57,19,0,normal
TXN002890,MUS0581,2024-05-27 14:07:00,Pazartesi,14,0,Restoran,ATM,474.87,492.76,-3.6,Samsun,0,0.4,1,0,normal
TXN004952,MUS0476,2024-04-04 17:00:00,Perşembe,17,0,Döviz,Fiziksel Kart,90.65,85.95,5.5,Samsun,0,0.59,11,0,normal
TXN003043,MUS0591,2024-01-02 03:26:00,Salı,3,1,Market,Online,709.26,687.49,3.2,Eskişehir,0,1.48,13,0,normal
TXN000006,MUS0097,2024-05-06 04:51:00,Pazartesi,4,1,Uluslararası,Fiziksel Kart,824.71,593.94,38.9,Adana,0,1.06,5,0,normal
TXN001487,MUS0655,2024-10-11 12:28:00,Cuma,12,0,Market,Online,787.26,511.81,53.8,Bursa,0,0.75,8,0,normal
TXN000986,MUS0138,2024-10-22 02:26:00,Salı,2,1,Market,Online,233.25,253.85,-8.1,Antalya,0,0.23,9,0,normal
TXN002403,MUS0627,2024-01-31 04:52:00,Çarşamba,4,1,Uluslararası,Fiziksel Kart,763.36,639.45,19.4,Konya,0,1.71,15,0,normal
TXN004019,MUS0016,2024-09-02 04:59:00,Pazartesi,4,1,Yakıt,Fiziksel Kart,285.85,327.87,-12.8,Kayseri,0,0.53,10,0,normal
TXN003682,MUS0260,2024-01-07 23:30:00,Pazar,23,1,Ulaşım,Fiziksel Kart,610.37,636.95,-4.2,Kayseri,0,0.86,8,0,normal
TXN001708,MUS0231,2024-01-05 03:02:00,Cuma,3,1,Yakıt,Fiziksel Kart,59.28,94.28,-37.1,Mersin,0,1.67,18,0,normal
TXN003979,MUS0706,2024-08-20 12:30:00,Salı,12,0,Yakıt,Fiziksel Kart,1002.36,643.18,55.8,Antalya,0,2.0,18,0,normal
TXN002945,MUS0164,2024-02-15 13:02:00,Perşembe,13,0,Market,Fiziksel Kart,956.56,695.03,37.6,Antalya,0,1.36,9,0,normal
TXN002424,MUS0041,2024-01-17 20:06:00,Çarşamba,20,0,Giyim,Online,652.52,549.04,18.8,Samsun,0,1.64,25,0,normal
TXN004155,MUS0564,2024-02-12 05:58:00,Pazartesi,5,1,Market,Online,328.61,235.77,39.4,Konya,0,0.08,0,0,normal
TXN001445,MUS0406,2024-03-09 15:01:00,Cumartesi,15,0,Restoran,Fiziksel Kart,796.72,755.25,5.5,Eskişehir,0,1.01,12,0,normal
TXN003192,MUS0617,2024-09-10 23:16:00,Salı,23,1,Eğlence,Online,498.0,660.0,-24.5,Antalya,0,1.23,11,0,normal
TXN002858,MUS0400,2024-11-12 01:33:00,Salı,1,1,Giyim,ATM,582.59,490.74,18.7,Samsun,0,1.2,21,0,normal
TXN002189,MUS0753,2024-11-02 18:59:00,Cumartesi,18,0,Ulaşım,Fiziksel Kart,690.11,372.16,85.4,Adana,0,0.44,10,0,normal
TXN004403,MUS0456,2024-07-20 09:04:00,Cumartesi,9,0,Elektronik,Fiziksel Kart,222.39,165.88,34.1,Bursa,0,0.81,6,0,normal
TXN000959,MUS0137,2024-09-03 20:20:00,Salı,20,0,Döviz,Temassız,171.67,250.34,-31.4,Kayseri,0,0.44,0,0,normal
TXN004094,MUS0637,2024-11-19 09:19:00,Salı,9,0,Uluslararası,ATM,919.73,756.37,21.6,Bursa,0,0.17,4,0,normal
TXN004098,MUS0106,2024-08-06 11:26:00,Salı,11,0,Restoran,Online,1173.15,725.34,61.7,İzmir,0,0.38,0,0,normal
TXN000950,MUS0218,2024-02-08 02:56:00,Perşembe,2,1,Elektronik,Temassız,231.79,293.9,-21.1,İstanbul,0,0.44,13,0,normal
TXN001112,MUS0694,2024-12-15 02:46:00,Pazar,2,1,Giyim,Online,869.51,655.25,32.7,Mersin,0,1.06,6,0,normal
TXN002357,MUS0097,2024-10-04 22:38:00,Cuma,22,0,Elektronik,Online,554.84,593.94,-6.6,Adana,0,0.24,2,0,normal
TXN000354,MUS0126,2024-10-10 09:07:00,Perşembe,9,0,Sağlık,Online,299.96,587.16,-48.9,Mersin,0,0.58,0,0,normal
TXN001464,MUS0691,2024-07-16 15:07:00,Salı,15,0,Restoran,Fiziksel Kart,692.68,797.68,-13.2,Ankara,0,0.22,0,0,normal
TXN003182,MUS0638,2024-12-08 15:03:00,Pazar,15,0,Giyim,Online,514.05,445.24,15.5,Mersin,0,0.92,6,0,normal
TXN002159,MUS0027,2024-04-27 14:10:00,Cumartesi,14,0,ATM Nakit,Online,204.61,182.45,12.1,Berlin,1,1.81,24,0,normal
TXN004207,MUS0175,2024-02-13 06:13:00,Salı,6,0,Uluslararası,Temassız,600.82,673.27,-10.8,İstanbul,0,1.55,22,0,normal
TXN001374,MUS0414,2024-03-09 13:38:00,Cumartesi,13,0,Online Alışveriş,Temassız,369.81,373.67,-1.0,İzmir,0,2.21,22,0,normal
TXN002892,MUS0144,2024-02-18 02:42:00,Pazar,2,1,Giyim,Online,454.46,300.05,51.5,Amsterdam,1,0.19,0,0,normal
TXN001960,MUS0711,2024-06-01 09:40:00,Cumartesi,9,0,Eğlence,Online,822.46,622.21,32.2,Konya,0,0.33,5,0,normal
TXN004325,MUS0448,2024-12-19 11:44:00,Perşembe,11,0,Giyim,Telefon,209.87,442.99,-52.6,Bursa,0,0.08,0,0,normal
TXN002107,MUS0383,2024-05-05 13:32:00,Pazar,13,0,Ulaşım,Fiziksel Kart,494.02,658.6,-25.0,Bursa,0,1.16,13,0,normal
TXN000982,MUS0784,2024-02-15 04:13:00,Perşembe,4,1,Uluslararası,Temassız,438.79,382.17,14.8,Mersin,0,0.76,3,0,normal
TXN001089,MUS0538,2024-08-03 15:38:00,Cumartesi,15,0,Ulaşım,Fiziksel Kart,246.03,195.13,26.1,Gaziantep,0,0.02,6,0,normal
TXN002601,MUS0725,2024-10-30 10:40:00,Çarşamba,10,0,Ulaşım,Temassız,744.08,760.62,-2.2,Adana,0,0.86,17,0,normal
TXN003983,MUS0676,2024-11-08 04:23:00,Cuma,4,1,Sağlık,Temassız,82.51,88.23,-6.5,Bursa,0,2.22,23,0,normal
TXN002766,MUS0184,2024-04-09 16:42:00,Salı,16,0,Eğlence,Fiziksel Kart,161.96,391.84,-58.7,Gaziantep,0,0.29,11,0,normal
TXN002850,MUS0066,2024-12-04 06:38:00,Çarşamba,6,0,Ulaşım,Online,847.0,666.91,27.0,Antalya,0,0.48,14,0,normal
TXN004265,MUS0676,2024-02-01 01:03:00,Perşembe,1,1,Yakıt,Fiziksel Kart,157.23,88.23,78.2,Bursa,0,0.68,9,0,normal
TXN001998,MUS0095,2024-01-06 06:32:00,Cumartesi,6,0,Giyim,Temassız,326.31,406.48,-19.7,Ankara,0,2.22,21,0,normal
TXN000166,MUS0028,2024-08-23 23:48:00,Cuma,23,1,Elektronik,Fiziksel Kart,318.3,251.81,26.4,Adana,0,0.19,10,0,normal
TXN000547,MUS0506,2024-04-11 16:31:00,Perşembe,16,0,Market,Fiziksel Kart,1051.05,763.08,37.7,Adana,0,0.81,12,0,normal
TXN003102,MUS0172,2024-08-29 18:29:00,Perşembe,18,0,ATM Nakit,Fiziksel Kart,336.83,304.99,10.4,Samsun,0,0.76,17,0,normal
TXN000063,MUS0110,2024-11-15 09:37:00,Cuma,9,0,Ulaşım,Fiziksel Kart,903.54,567.95,59.1,Kayseri,0,1.73,25,0,normal
TXN003539,MUS0168,2024-02-15 22:14:00,Perşembe,22,0,Elektronik,ATM,92.5,92.37,0.1,Kayseri,0,0.3,11,0,normal
TXN002927,MUS0034,2024-08-01 16:32:00,Perşembe,16,0,Online Alışveriş,ATM,124.02,244.31,-49.2,Adana,0,0.56,7,0,normal
TXN004483,MUS0285,2024-01-15 17:33:00,Pazartesi,17,0,Restoran,Fiziksel Kart,401.72,517.68,-22.4,Samsun,0,0.09,7,0,normal
TXN003684,MUS0361,2024-02-14 11:01:00,Çarşamba,11,0,Elektronik,ATM,858.2,770.95,11.3,Mersin,0,0.84,8,0,normal
TXN001028,MUS0145,2024-04-09 16:30:00,Salı,16,0,ATM Nakit,Fiziksel Kart,817.63,644.98,26.8,Antalya,0,0.04,9,0,normal
TXN000871,MUS0007,2024-12-01 19:26:00,Pazar,19,0,Market,Fiziksel Kart,343.81,454.21,-24.3,İstanbul,0,2.57,27,0,normal
TXN001983,MUS0590,2024-08-20 09:50:00,Salı,9,0,Ulaşım,Temassız,290.58,789.02,-63.2,Konya,0,0.74,7,0,normal
TXN004391,MUS0032,2024-08-16 13:34:00,Cuma,13,0,Eğlence,Online,147.3,253.2,-41.8,Gaziantep,0,0.36,0,0,normal
TXN004628,MUS0623,2024-04-24 03:09:00,Çarşamba,3,1,Giyim,Temassız,382.64,625.6,-38.8,İzmir,0,1.45,23,0,normal
TXN001536,MUS0565,2024-11-12 23:28:00,Salı,23,1,Sağlık,Online,131.25,92.17,42.4,Kayseri,0,0.03,5,0,normal
TXN000030,MUS0137,2024-10-23 16:19:00,Çarşamba,16,0,Yakıt,Temassız,205.73,250.34,-17.8,Kayseri,0,1.55,25,0,normal
TXN002910,MUS0245,2024-08-22 19:38:00,Perşembe,19,0,Giyim,Online,217.64,264.63,-17.8,Mersin,0,0.35,6,0,normal
TXN000055,MUS0553,2024-11-23 07:28:00,Cumartesi,7,0,ATM Nakit,Online,724.38,625.21,15.9,Samsun,0,0.3,6,0,normal
TXN003717,MUS0764,2024-01-25 15:51:00,Perşembe,15,0,ATM Nakit,Temassız,178.08,383.08,-53.5,Kayseri,0,1.42,17,0,normal
TXN002853,MUS0638,2024-05-29 18:46:00,Çarşamba,18,0,Market,Online,19.28,445.24,-95.7,Mersin,0,4.18,80,1,kart_test
TXN002767,MUS0657,2024-11-23 06:53:00,Cumartesi,6,0,Eğlence,Fiziksel Kart,258.69,264.64,-2.2,Bursa,0,0.62,15,0,normal
TXN003554,MUS0026,2024-03-13 04:10:00,Çarşamba,4,1,Ulaşım,Temassız,262.45,266.09,-1.4,İstanbul,0,1.03,8,0,normal
TXN002705,MUS0354,2024-01-22 14:12:00,Pazartesi,14,0,Elektronik,Online,160.98,176.57,-8.8,Mersin,0,1.26,14,0,normal
TXN003383,MUS0667,2024-08-03 07:52:00,Cumartesi,7,0,Restoran,Online,982.13,707.84,38.8,Eskişehir,0,0.56,5,0,normal
TXN003533,MUS0070,2024-05-24 10:51:00,Cuma,10,0,Uluslararası,Online,120.82,251.82,-52.0,Gaziantep,0,0.38,6,0,normal
TXN001759,MUS0406,2024-01-15 11:54:00,Pazartesi,11,0,Restoran,ATM,738.45,755.25,-2.2,Eskişehir,0,1.16,11,0,normal
TXN002175,MUS0702,2024-01-02 10:14:00,Salı,10,0,Restoran,Fiziksel Kart,80.77,357.42,-77.4,Konya,0,0.87,9,0,normal
TXN002214,MUS0473,2024-07-21 22:16:00,Pazar,22,0,Giyim,Online,416.1,616.59,-32.5,Konya,0,0.8,17,0,normal
TXN002467,MUS0172,2024-03-14 01:26:00,Perşembe,1,1,Market,Telefon,51.63,304.99,-83.1,Ankara,0,0.55,6,0,normal
TXN000660,MUS0756,2024-10-18 14:41:00,Cuma,14,0,Restoran,Fiziksel Kart,593.69,149.1,298.2,Ankara,0,6.55,94,1,farkli_sehir
TXN000810,MUS0446,2024-02-25 03:49:00,Pazar,3,1,ATM Nakit,Fiziksel Kart,122.59,134.21,-8.7,Ankara,0,0.0,2,0,normal
TXN001603,MUS0520,2024-12-01 08:57:00,Pazar,8,0,Yakıt,Temassız,541.0,393.04,37.6,Kayseri,0,0.68,10,0,normal
TXN004827,MUS0222,2024-12-21 06:36:00,Cumartesi,6,0,Uluslararası,Fiziksel Kart,96.81,435.26,-77.8,Mersin,0,1.15,12,0,normal
TXN004838,MUS0447,2024-01-31 15:18:00,Çarşamba,15,0,ATM Nakit,Fiziksel Kart,129.22,437.31,-70.5,Samsun,0,1.04,10,0,normal
TXN004209,MUS0011,2024-06-01 01:41:00,Cumartesi,1,1,Eğlence,Fiziksel Kart,612.63,665.11,-7.9,Kayseri,0,0.33,6,0,normal
TXN004669,MUS0256,2024-05-26 13:01:00,Pazar,13,0,Döviz,ATM,363.16,296.1,22.6,İstanbul,0,1.04,12,0,normal
TXN000288,MUS0796,2024-08-10 16:55:00,Cumartesi,16,0,Uluslararası,Online,224.4,296.48,-24.3,Mersin,0,0.18,0,0,normal
TXN003451,MUS0524,2024-12-30 17:06:00,Pazartesi,17,0,Yakıt,Online,672.55,746.07,-9.9,Antalya,0,0.13,5,0,normal
TXN000370,MUS0755,2024-09-05 02:58:00,Perşembe,2,1,Market,Fiziksel Kart,423.45,281.6,50.4,Bursa,0,0.85,6,0,normal
TXN000341,MUS0405,2024-12-26 18:01:00,Perşembe,18,0,Giyim,Online,104.35,97.42,7.1,İzmir,0,0.75,4,0,normal
TXN000875,MUS0243,2024-06-01 14:15:00,Cumartesi,14,0,Eğlence,ATM,55.83,93.38,-40.2,Samsun,0,1.32,14,0,normal
TXN001180,MUS0381,2024-04-19 05:19:00,Cuma,5,1,Elektronik,Online,5541.81,469.01,1081.6,Roma,1,4.51,86,1,yurtdisi_anomali
TXN003558,MUS0004,2024-11-21 23:46:00,Perşembe,23,1,Eğlence,Fiziksel Kart,497.42,787.04,-36.8,Ankara,0,2.83,30,0,normal
TXN001669,MUS0362,2024-08-01 11:41:00,Perşembe,11,0,Eğlence,Online,369.83,392.31,-5.7,Samsun,0,1.78,15,0,normal
TXN002339,MUS0116,2024-11-13 21:15:00,Çarşamba,21,0,Döviz,Temassız,163.24,296.06,-44.9,İzmir,0,2.41,24,0,normal
TXN003205,MUS0434,2024-07-24 09:27:00,Çarşamba,9,0,Elektronik,Temassız,137.88,111.37,23.8,İzmir,0,0.5,12,0,normal
TXN001317,MUS0161,2024-06-30 06:05:00,Pazar,6,0,Eğlence,Fiziksel Kart,344.06,738.77,-53.4,Mersin,0,0.32,12,0,normal
TXN000836,MUS0297,2024-08-07 15:45:00,Çarşamba,15,0,Yakıt,Fiziksel Kart,93.85,251.88,-62.7,Gaziantep,0,0.06,9,0,normal
TXN004636,MUS0612,2024-08-27 05:44:00,Salı,5,1,Online Alışveriş,Online,23.67,738.97,-96.8,Bursa,0,6.24,95,1,kart_test
TXN001879,MUS0112,2024-12-13 07:58:00,Cuma,7,0,Giyim,Temassız,281.25,484.27,-41.9,Bursa,0,1.25,14,0,normal
TXN002347,MUS0766,2024-03-02 18:04:00,Cumartesi,2,1,Döviz,Online,6831.53,720.45,848.2,Gaziantep,0,2.62,75,1,gece_islemi
TXN001108,MUS0004,2024-07-23 21:22:00,Salı,21,0,Elektronik,Online,6973.46,787.04,786.0,Roma,1,4.22,84,1,yurtdisi_anomali
TXN004250,MUS0794,2024-09-04 23:26:00,Çarşamba,23,1,Sağlık,Online,733.29,497.76,47.3,Adana,0,1.04,9,0,normal
TXN004413,MUS0723,2024-02-01 01:36:00,Perşembe,1,1,Online Alışveriş,Online,796.59,614.63,29.6,Gaziantep,0,1.4,12,0,normal
TXN000439,MUS0071,2024-12-30 08:45:00,Pazartesi,8,0,Market,Online,230.07,531.82,-56.7,Bursa,0,1.24,16,0,normal
TXN003536,MUS0555,2024-04-16 01:44:00,Salı,1,1,Ulaşım,Online,336.27,189.79,77.2,Kayseri,0,1.23,16,0,normal
TXN002578,MUS0477,2024-01-28 17:06:00,Pazar,17,0,Giyim,Online,639.6,662.24,-3.4,Eskişehir,0,1.48,9,0,normal
TXN000495,MUS0557,2024-02-20 08:43:00,Salı,8,0,Giyim,Temassız,85.96,137.78,-37.6,Samsun,0,1.86,23,0,normal
TXN003537,MUS0433,2024-05-29 00:04:00,Çarşamba,0,1,Online Alışveriş,Temassız,739.1,557.43,32.6,Gaziantep,0,0.49,1,0,normal
TXN000435,MUS0308,2024-03-04 03:39:00,Pazartesi,3,1,Döviz,Fiziksel Kart,906.11,719.93,25.9,Konya,0,0.83,6,0,normal
TXN002035,MUS0387,2024-12-30 11:35:00,Pazartesi,11,0,Sağlık,Fiziksel Kart,32.81,547.94,-94.0,Antalya,0,1.7,17,0,normal
TXN003510,MUS0548,2024-07-24 08:22:00,Çarşamba,8,0,Yakıt,Online,103.49,98.96,4.6,Mersin,0,0.61,16,0,normal
TXN003715,MUS0255,2024-02-04 23:51:00,Pazar,23,1,Döviz,Temassız,321.35,371.46,-13.5,İzmir,0,1.14,11,0,normal
TXN000023,MUS0581,2024-01-23 10:41:00,Salı,10,0,Ulaşım,Online,246.11,492.76,-50.1,Samsun,0,0.02,0,0,normal
TXN004138,MUS0578,2024-10-19 01:48:00,Cumartesi,1,1,Döviz,Fiziksel Kart,6072.17,761.55,697.3,Berlin,1,4.76,84,1,yurtdisi_anomali
TXN000229,MUS0442,2024-11-21 17:08:00,Perşembe,17,0,Online Alışveriş,Online,132.22,101.1,30.8,Konya,0,0.16,7,0,normal
TXN000064,MUS0644,2024-10-08 11:40:00,Salı,11,0,Market,ATM,288.92,275.12,5.0,İzmir,0,0.21,0,0,normal
TXN002722,MUS0506,2024-01-10 00:37:00,Çarşamba,0,1,Online Alışveriş,Online,552.44,763.08,-27.6,Adana,0,1.12,21,0,normal
TXN004132,MUS0704,2024-01-25 11:15:00,Perşembe,11,0,Uluslararası,Telefon,89.94,196.09,-54.1,Mersin,0,0.85,18,0,normal
TXN004886,MUS0162,2024-11-04 12:56:00,Pazartesi,12,0,Sağlık,Online,227.93,344.14,-33.8,Konya,0,0.9,18,0,normal
TXN004705,MUS0083,2024-01-25 21:23:00,Perşembe,21,0,Online Alışveriş,Temassız,456.71,468.0,-2.4,Antalya,0,0.36,6,0,normal
TXN004634,MUS0344,2024-02-05 15:38:00,Pazartesi,15,0,Sağlık,Temassız,258.62,243.21,6.3,Mersin,0,1.09,19,0,normal
TXN000787,MUS0784,2024-03-26 16:41:00,Salı,16,0,Yakıt,Fiziksel Kart,34.67,382.17,-90.9,Mersin,0,0.21,10,0,normal
TXN002253,MUS0658,2024-11-23 20:02:00,Cumartesi,20,0,Giyim,Online,149.01,116.62,27.8,Mersin,0,0.64,11,0,normal
TXN004219,MUS0681,2024-12-18 01:25:00,Çarşamba,1,1,Ulaşım,Temassız,232.73,145.6,59.8,Konya,0,0.85,11,0,normal
TXN002838,MUS0557,2024-07-03 17:12:00,Çarşamba,17,0,Yakıt,Fiziksel Kart,138.63,137.78,0.6,Samsun,0,1.03,16,0,normal
TXN000596,MUS0348,2024-12-19 04:18:00,Perşembe,4,1,Restoran,Fiziksel Kart,276.11,299.12,-7.7,Adana,0,0.09,0,0,normal
TXN002244,MUS0090,2024-03-23 15:26:00,Cumartesi,15,0,Giyim,Fiziksel Kart,87.64,163.73,-46.5,Adana,0,0.34,7,0,normal
TXN001177,MUS0331,2024-01-24 05:40:00,Çarşamba,5,1,Yakıt,Fiziksel Kart,637.3,578.69,10.1,Samsun,0,0.14,8,0,normal
TXN001230,MUS0186,2024-12-23 20:25:00,Pazartesi,20,0,Restoran,Fiziksel Kart,262.46,444.25,-40.9,İzmir,0,0.07,7,0,normal
TXN002782,MUS0763,2024-03-10 16:57:00,Pazar,16,0,ATM Nakit,Fiziksel Kart,718.53,604.91,18.8,Kayseri,0,0.46,2,0,normal
TXN002934,MUS0744,2024-12-05 17:27:00,Perşembe,17,0,ATM Nakit,Fiziksel Kart,338.24,381.34,-11.3,İstanbul,0,0.75,15,0,normal
TXN002803,MUS0491,2024-05-02 03:36:00,Perşembe,3,1,Online Alışveriş,Online,531.58,527.91,0.7,Gaziantep,0,1.62,18,0,normal
TXN004467,MUS0339,2024-10-16 15:07:00,Çarşamba,15,0,Eğlence,Online,217.89,137.42,58.6,Antalya,0,1.19,12,0,normal
TXN002103,MUS0763,2024-07-05 09:13:00,Cuma,9,0,Giyim,Temassız,555.16,604.91,-8.2,Kayseri,0,0.29,12,0,normal
TXN001242,MUS0532,2024-12-09 05:23:00,Pazartesi,5,1,Online Alışveriş,Online,64.83,105.82,-38.7,Ankara,0,0.81,11,0,normal
TXN002195,MUS0166,2024-04-23 23:51:00,Salı,23,1,Restoran,Online,432.06,368.91,17.1,Samsun,0,0.07,0,0,normal
TXN004815,MUS0376,2024-03-07 10:51:00,Perşembe,10,0,Giyim,ATM,591.37,605.25,-2.3,Eskişehir,0,1.59,21,0,normal
TXN003771,MUS0655,2024-10-02 02:10:00,Çarşamba,2,1,ATM Nakit,Fiziksel Kart,645.49,511.81,26.1,Bursa,0,0.48,0,0,normal
TXN002067,MUS0244,2024-08-11 00:19:00,Pazar,0,1,Restoran,Fiziksel Kart,368.22,507.65,-27.5,Eskişehir,0,0.11,1,0,normal
TXN001957,MUS0004,2024-10-01 15:46:00,Salı,23,1,Online Alışveriş,Online,3277.74,787.04,316.5,Ankara,0,3.14,76,1,gece_islemi
TXN001834,MUS0675,2024-12-01 10:34:00,Pazar,10,0,Eğlence,ATM,1187.04,632.99,87.5,Konya,0,0.72,6,0,normal
TXN004569,MUS0475,2024-06-29 15:17:00,Cumartesi,15,0,Ulaşım,Fiziksel Kart,367.17,347.41,5.7,İstanbul,0,1.01,19,0,normal
TXN001694,MUS0501,2024-10-28 09:36:00,Pazartesi,9,0,Döviz,ATM,183.2,118.61,54.5,Moskova,1,0.45,0,0,normal
TXN000575,MUS0401,2024-09-23 03:04:00,Pazartesi,3,1,Elektronik,Online,905.18,731.59,23.7,Mersin,0,0.44,11,0,normal
TXN000087,MUS0495,2024-05-23 05:14:00,Perşembe,5,1,Giyim,Online,185.38,117.48,57.8,Adana,0,0.08,6,0,normal
TXN004048,MUS0216,2024-07-06 17:21:00,Cumartesi,17,0,Restoran,Online,169.62,173.04,-2.0,İzmir,0,1.0,10,0,normal
TXN004315,MUS0683,2024-12-06 15:07:00,Cuma,15,0,ATM Nakit,Online,414.07,377.95,9.6,Gaziantep,0,0.55,0,0,normal
TXN004023,MUS0722,2024-08-02 02:43:00,Cuma,2,1,Online Alışveriş,Online,440.27,664.8,-33.8,Eskişehir,0,0.53,12,0,normal
TXN003465,MUS0348,2024-11-19 07:11:00,Salı,7,0,Döviz,Fiziksel Kart,7033.08,299.12,2251.3,Adana,0,4.42,86,1,yuksek_tutar
TXN003786,MUS0747,2024-09-16 16:45:00,Pazartesi,16,0,Yakıt,Online,416.94,584.36,-28.7,İzmir,0,0.24,0,0,normal
TXN004893,MUS0247,2024-01-07 15:06:00,Pazar,15,0,Uluslararası,Temassız,726.8,676.72,7.4,Gaziantep,0,0.32,4,0,normal
TXN001982,MUS0762,2024-09-26 23:31:00,Perşembe,23,1,Restoran,Temassız,417.97,666.74,-37.3,Konya,0,0.75,15,0,normal
TXN004468,MUS0581,2024-05-19 18:34:00,Pazar,18,0,Elektronik,Temassız,312.07,492.76,-36.7,Samsun,0,0.8,13,0,normal
TXN001093,MUS0683,2024-02-24 09:23:00,Cumartesi,9,0,Giyim,Telefon,586.77,377.95,55.3,Gaziantep,0,0.41,12,0,normal
TXN001405,MUS0369,2024-02-29 23:49:00,Perşembe,23,1,Döviz,Fiziksel Kart,435.82,676.2,-35.5,Konya,0,1.68,26,0,normal
TXN004108,MUS0292,2024-06-15 05:54:00,Cumartesi,5,1,Sağlık,Online,939.28,560.34,67.6,Mersin,0,0.22,11,0,normal
TXN004562,MUS0474,2024-04-06 06:54:00,Cumartesi,6,0,Ulaşım,Fiziksel Kart,568.2,555.37,2.3,Ankara,0,1.18,17,0,normal
TXN002796,MUS0188,2024-09-13 21:26:00,Cuma,21,0,Restoran,Online,965.46,527.17,83.1,Ankara,0,0.86,5,0,normal
TXN001320,MUS0712,2024-03-29 01:40:00,Cuma,1,1,Sağlık,Online,916.44,713.45,28.5,Antalya,0,0.81,6,0,normal
TXN003433,MUS0676,2024-07-06 01:50:00,Cumartesi,1,1,Market,Fiziksel Kart,121.78,88.23,38.0,Bursa,0,0.1,7,0,normal
TXN004123,MUS0024,2024-09-04 21:54:00,Çarşamba,21,0,Uluslararası,Telefon,447.16,574.91,-22.2,Bursa,0,0.13,0,0,normal
TXN001051,MUS0295,2024-03-28 04:19:00,Perşembe,4,1,Market,Online,165.53,144.96,14.2,Konya,0,1.47,16,0,normal
TXN000844,MUS0753,2024-06-27 07:51:00,Perşembe,7,0,Market,Online,231.17,372.16,-37.9,Adana,0,1.0,15,0,normal
TXN002462,MUS0141,2024-03-19 23:44:00,Salı,23,1,Elektronik,Fiziksel Kart,503.75,528.43,-4.7,Gaziantep,0,1.18,16,0,normal
TXN001897,MUS0404,2024-05-24 15:23:00,Cuma,15,0,Uluslararası,Online,1256.69,765.8,64.1,Konya,0,1.1,11,0,normal
TXN001040,MUS0412,2024-02-27 19:17:00,Salı,19,0,ATM Nakit,Fiziksel Kart,979.43,599.92,63.3,Samsun,0,1.47,22,0,normal
TXN004686,MUS0177,2024-05-12 01:37:00,Pazar,1,1,Market,Temassız,595.23,680.45,-12.5,Adana,0,0.41,8,0,normal
TXN001460,MUS0739,2024-05-15 12:06:00,Çarşamba,12,0,Market,Fiziksel Kart,109.01,262.94,-58.5,Eskişehir,0,0.7,9,0,normal
TXN001560,MUS0181,2024-01-26 03:28:00,Cuma,3,1,ATM Nakit,Fiziksel Kart,65.15,87.04,-25.1,Bursa,0,0.56,11,0,normal
TXN003500,MUS0597,2024-06-29 05:52:00,Cumartesi,5,1,Online Alışveriş,ATM,182.22,642.84,-71.7,İzmir,0,0.01,6,0,normal
TXN003883,MUS0099,2024-04-15 02:53:00,Pazartesi,2,1,Restoran,Online,177.54,166.34,6.7,Konya,0,0.48,11,0,normal
TXN003228,MUS0543,2024-10-17 07:19:00,Perşembe,7,0,Giyim,Fiziksel Kart,343.22,338.79,1.3,Adana,0,1.44,10,0,normal
TXN001288,MUS0046,2024-03-14 05:01:00,Perşembe,5,1,Uluslararası,Temassız,827.58,517.3,60.0,Bursa,0,0.48,6,0,normal
TXN001731,MUS0153,2024-02-24 15:48:00,Cumartesi,15,0,ATM Nakit,Temassız,172.72,229.88,-24.9,Ankara,0,0.88,18,0,normal
TXN004008,MUS0008,2024-08-26 14:39:00,Pazartesi,14,0,Restoran,Online,56.8,159.76,-64.4,Bursa,0,0.99,8,0,normal
TXN004226,MUS0769,2024-03-20 20:26:00,Çarşamba,20,0,Elektronik,Temassız,408.8,314.58,30.0,Gaziantep,0,0.26,10,0,normal
TXN001223,MUS0081,2024-09-11 21:12:00,Çarşamba,21,0,Giyim,Fiziksel Kart,133.92,495.61,-73.0,İzmir,0,1.42,11,0,normal
TXN002145,MUS0396,2024-06-25 02:01:00,Salı,2,1,Giyim,ATM,21.26,777.7,-97.3,Samsun,0,0.52,1,0,normal
TXN004473,MUS0147,2024-09-30 20:23:00,Pazartesi,20,0,Market,Telefon,89.49,533.54,-83.2,Adana,0,1.42,18,0,normal
TXN001870,MUS0567,2024-08-13 05:58:00,Salı,5,1,Yakıt,Fiziksel Kart,528.12,380.87,38.7,Samsun,0,1.42,24,0,normal
TXN000999,MUS0142,2024-09-27 01:33:00,Cuma,1,1,Döviz,Fiziksel Kart,413.93,211.47,95.7,Bursa,0,2.35,73,1,farkli_sehir
TXN001602,MUS0345,2024-11-28 18:50:00,Perşembe,18,0,Yakıt,Fiziksel Kart,432.4,375.99,15.0,Gaziantep,0,0.01,7,0,normal
TXN002967,MUS0500,2024-07-23 05:37:00,Salı,5,1,Sağlık,Online,253.01,187.59,34.9,Bursa,0,0.28,0,0,normal
TXN002464,MUS0004,2024-12-13 03:41:00,Cuma,3,1,Elektronik,Fiziksel Kart,1005.96,787.04,27.8,Ankara,0,0.19,8,0,normal
TXN003194,MUS0796,2024-02-10 00:37:00,Cumartesi,0,1,Ulaşım,Telefon,334.55,296.48,12.8,Mersin,0,0.55,5,0,normal
TXN002185,MUS0323,2024-10-20 20:49:00,Pazar,20,0,Online Alışveriş,Fiziksel Kart,477.74,592.84,-19.4,Samsun,0,1.35,17,0,normal
TXN004996,MUS0061,2024-04-11 20:43:00,Perşembe,20,0,Market,Online,466.5,293.99,58.7,Antalya,0,0.63,4,0,normal
TXN004792,MUS0655,2024-06-26 19:34:00,Çarşamba,19,0,ATM Nakit,Online,540.25,511.81,5.6,Bursa,0,0.67,14,0,normal
TXN004012,MUS0213,2024-03-16 08:40:00,Cumartesi,8,0,Eğlence,Fiziksel Kart,290.97,477.78,-39.1,İstanbul,0,1.04,19,0,normal
TXN000407,MUS0790,2024-03-05 09:19:00,Salı,9,0,Online Alışveriş,Online,1523.2,780.55,95.1,Mersin,0,0.12,1,0,normal
TXN002173,MUS0424,2024-06-08 23:52:00,Cumartesi,23,1,Elektronik,Temassız,313.49,365.52,-14.2,Gaziantep,0,0.15,0,0,normal
TXN004646,MUS0363,2024-06-26 17:26:00,Çarşamba,17,0,Online Alışveriş,Fiziksel Kart,229.94,799.05,-71.2,Adana,0,0.01,8,0,normal
TXN000326,MUS0308,2024-08-19 15:49:00,Pazartesi,15,0,Eğlence,Fiziksel Kart,1006.37,719.93,39.8,Konya,0,1.18,9,0,normal
TXN003333,MUS0433,2024-08-06 13:04:00,Salı,13,0,Yakıt,Online,673.2,557.43,20.8,Adana,0,0.4,13,0,normal
TXN004812,MUS0753,2024-05-10 23:07:00,Cuma,23,1,ATM Nakit,Fiziksel Kart,411.85,372.16,10.7,Adana,0,1.08,17,0,normal
TXN003614,MUS0576,2024-02-15 04:57:00,Perşembe,4,1,Uluslararası,Fiziksel Kart,688.88,448.68,53.5,Ankara,0,0.61,3,0,normal
TXN000845,MUS0557,2024-08-21 05:10:00,Çarşamba,5,1,Elektronik,ATM,130.44,137.78,-5.3,Samsun,0,0.31,7,0,normal
TXN001379,MUS0482,2024-10-25 04:01:00,Cuma,4,1,ATM Nakit,Fiziksel Kart,313.52,233.28,34.4,Kayseri,0,1.48,19,0,normal
TXN000518,MUS0692,2024-09-16 13:46:00,Pazartesi,13,0,Online Alışveriş,ATM,77.03,91.31,-15.6,Antalya,0,0.09,9,0,normal
TXN002463,MUS0687,2024-12-14 21:22:00,Cumartesi,21,0,Eğlence,Online,296.8,358.54,-17.2,Ankara,0,0.39,4,0,normal
TXN000175,MUS0308,2024-05-20 07:48:00,Pazartesi,7,0,Eğlence,ATM,990.22,719.93,37.5,Konya,0,1.02,16,0,normal
TXN002948,MUS0356,2024-06-12 18:15:00,Çarşamba,18,0,Uluslararası,Online,96.35,650.47,-85.2,Samsun,0,0.99,10,0,normal
TXN001271,MUS0493,2024-06-06 01:47:00,Perşembe,1,1,Restoran,Temassız,173.78,187.36,-7.2,Bursa,0,0.24,11,0,normal
TXN004407,MUS0583,2024-03-29 05:42:00,Cuma,5,1,Uluslararası,Fiziksel Kart,4026.44,682.61,489.9,Londra,1,5.56,88,1,yurtdisi_anomali
TXN000638,MUS0781,2024-06-13 13:52:00,Perşembe,13,0,Elektronik,Fiziksel Kart,1047.26,684.21,53.1,Gaziantep,0,1.26,8,0,normal
TXN001395,MUS0438,2024-06-08 14:44:00,Cumartesi,14,0,Market,Online,65.34,107.62,-39.3,Gaziantep,0,0.02,0,0,normal
TXN003655,MUS0101,2024-05-14 03:08:00,Salı,3,1,Giyim,Fiziksel Kart,750.22,664.75,12.9,İzmir,0,1.88,21,0,normal
TXN002725,MUS0352,2024-11-01 03:32:00,Cuma,3,1,Giyim,Fiziksel Kart,570.96,586.45,-2.6,İstanbul,0,0.27,9,0,normal
TXN000270,MUS0536,2024-04-05 23:42:00,Cuma,23,1,Uluslararası,Fiziksel Kart,606.84,511.75,18.6,Bursa,0,0.66,2,0,normal
TXN003692,MUS0686,2024-11-11 00:39:00,Pazartesi,0,1,ATM Nakit,Telefon,425.77,410.56,3.7,İstanbul,0,2.12,25,0,normal
TXN002864,MUS0495,2024-12-04 11:13:00,Çarşamba,11,0,Yakıt,Fiziksel Kart,96.09,117.48,-18.2,Moskova,1,0.13,4,0,normal
TXN001493,MUS0618,2024-10-26 06:12:00,Cumartesi,6,0,Giyim,Online,433.49,288.77,50.1,Antalya,0,1.95,22,0,normal
TXN000392,MUS0741,2024-03-06 20:18:00,Çarşamba,20,0,Giyim,Temassız,172.95,160.9,7.5,Eskişehir,0,1.01,7,0,normal
TXN000003,MUS0569,2024-07-21 00:51:00,Pazar,0,1,Sağlık,Online,110.79,159.84,-30.7,İzmir,0,0.82,3,0,normal
TXN003894,MUS0225,2024-09-27 14:30:00,Cuma,14,0,Sağlık,Fiziksel Kart,440.16,757.52,-41.9,Ankara,0,0.55,8,0,normal
TXN003145,MUS0082,2024-04-08 14:37:00,Pazartesi,2,1,ATM Nakit,ATM,1958.94,257.31,661.3,Adana,0,7.63,100,1,gece_islemi
TXN003269,MUS0253,2024-07-24 17:20:00,Çarşamba,17,0,Market,Online,790.16,771.17,2.5,Mersin,0,0.41,14,0,normal
TXN002816,MUS0477,2024-08-26 16:32:00,Pazartesi,16,0,Yakıt,Fiziksel Kart,884.71,662.24,33.6,Eskişehir,0,0.4,2,0,normal
TXN000475,MUS0458,2024-06-17 19:49:00,Pazartesi,19,0,Online Alışveriş,ATM,175.46,312.9,-43.9,Mersin,0,1.61,15,0,normal
TXN000520,MUS0719,2024-10-26 15:34:00,Cumartesi,15,0,Elektronik,Fiziksel Kart,5,525.72,-99.0,Konya,0,0.43,0,0,normal
TXN002268,MUS0099,2024-01-27 03:12:00,Cumartesi,3,1,Yakıt,Fiziksel Kart,176.15,166.34,5.9,Konya,0,0.57,2,0,normal
TXN003056,MUS0281,2024-01-27 03:06:00,Cumartesi,3,1,Uluslararası,Temassız,798.79,792.17,0.8,İstanbul,0,0.85,18,0,normal
TXN001097,MUS0129,2024-02-15 21:30:00,Perşembe,21,0,Eğlence,Fiziksel Kart,325.0,767.54,-57.7,Konya,0,0.73,9,0,normal
TXN001204,MUS0456,2024-02-01 22:51:00,Perşembe,22,0,Uluslararası,Online,189.35,165.88,14.1,Bursa,0,0.13,3,0,normal
TXN000557,MUS0111,2024-12-09 21:38:00,Pazartesi,21,0,Online Alışveriş,Temassız,231.05,254.74,-9.3,Konya,0,0.02,2,0,normal
TXN003449,MUS0272,2024-12-24 04:01:00,Salı,4,1,Giyim,Fiziksel Kart,854.84,701.55,21.9,Gaziantep,0,0.27,2,0,normal
TXN002390,MUS0665,2024-08-20 10:33:00,Salı,10,0,Restoran,Telefon,838.72,773.06,8.5,Eskişehir,0,0.92,9,0,normal
TXN000935,MUS0607,2024-10-29 12:05:00,Salı,12,0,Sağlık,Online,394.09,228.24,72.7,Adana,0,0.58,13,0,normal
TXN000297,MUS0647,2024-11-25 21:25:00,Pazartesi,21,0,Eğlence,Fiziksel Kart,444.27,296.97,49.6,İzmir,0,0.46,6,0,normal
TXN001713,MUS0329,2024-01-15 23:09:00,Pazartesi,23,1,ATM Nakit,Fiziksel Kart,510.95,481.54,6.1,İzmir,0,0.74,4,0,normal
TXN000094,MUS0325,2024-01-19 20:07:00,Cuma,20,0,ATM Nakit,Online,338.94,473.16,-28.4,Antalya,0,0.47,12,0,normal
TXN000841,MUS0516,2024-06-30 07:09:00,Pazar,7,0,Elektronik,ATM,659.93,610.16,8.2,Ankara,0,0.25,1,0,normal
TXN004717,MUS0010,2024-06-09 04:25:00,Pazar,4,1,Döviz,Fiziksel Kart,580.09,777.65,-25.4,Ankara,0,0.36,5,0,normal
TXN003159,MUS0237,2024-05-17 20:00:00,Cuma,20,0,Yakıt,Temassız,143.38,500.17,-71.3,Gaziantep,0,0.18,5,0,normal
TXN000943,MUS0793,2024-06-19 21:07:00,Çarşamba,21,0,Uluslararası,Online,319.39,369.98,-13.7,İzmir,0,1.78,18,0,normal
TXN004291,MUS0641,2024-03-01 16:25:00,Cuma,16,0,Sağlık,Fiziksel Kart,651.41,716.72,-9.1,Antalya,0,0.71,8,0,normal
TXN001254,MUS0485,2024-06-02 19:20:00,Pazar,19,0,Elektronik,Fiziksel Kart,135.39,108.19,25.1,Mersin,0,0.29,0,0,normal
TXN004532,MUS0191,2024-06-07 12:44:00,Cuma,12,0,Ulaşım,Temassız,5,297.14,-98.3,Samsun,0,1.06,18,0,normal
TXN003438,MUS0294,2024-08-07 01:34:00,Çarşamba,1,1,Uluslararası,Online,188.7,276.81,-31.8,Adana,0,0.64,12,0,normal
TXN004460,MUS0157,2024-07-03 00:36:00,Çarşamba,0,1,Uluslararası,Online,285.65,390.75,-26.9,İstanbul,0,0.94,18,0,normal
TXN003880,MUS0705,2024-10-12 07:35:00,Cumartesi,7,0,Restoran,Online,5,318.39,-98.4,Konya,0,0.95,14,0,normal
TXN003636,MUS0759,2024-12-16 21:14:00,Pazartesi,21,0,Ulaşım,Fiziksel Kart,665.96,701.41,-5.1,Konya,0,1.01,18,0,normal
TXN001821,MUS0779,2024-10-31 11:29:00,Perşembe,11,0,Sağlık,Online,173.88,158.08,10.0,İstanbul,0,0.75,9,0,normal
TXN004683,MUS0612,2024-10-14 16:14:00,Pazartesi,1,1,Online Alışveriş,Online,8038.11,738.97,987.7,Bursa,0,4.62,86,1,gece_islemi
TXN004491,MUS0179,2024-08-10 21:04:00,Cumartesi,21,0,Market,Online,585.25,427.45,36.9,İstanbul,0,0.63,12,0,normal
TXN002524,MUS0761,2024-11-07 01:14:00,Perşembe,1,1,ATM Nakit,Temassız,889.74,609.5,46.0,Ankara,0,1.44,23,0,normal
TXN001467,MUS0321,2024-01-28 16:11:00,Pazar,16,0,Eğlence,Temassız,466.75,393.11,18.7,Gaziantep,0,0.22,9,0,normal
TXN004517,MUS0016,2024-09-22 01:21:00,Pazar,1,1,Elektronik,Telefon,415.7,327.87,26.8,Kayseri,0,2.25,20,0,normal
TXN000230,MUS0709,2024-04-15 22:11:00,Pazartesi,22,0,Eğlence,Online,548.58,514.0,6.7,Mersin,0,1.35,11,0,normal
TXN004092,MUS0121,2024-10-17 11:43:00,Perşembe,11,0,Uluslararası,Telefon,668.95,665.6,0.5,Eskişehir,0,0.36,0,0,normal
TXN003861,MUS0732,2024-07-05 05:18:00,Cuma,5,1,Ulaşım,Fiziksel Kart,119.49,240.2,-50.3,Bursa,0,0.35,5,0,normal
TXN002499,MUS0295,2024-10-24 04:56:00,Perşembe,4,1,ATM Nakit,ATM,258.34,144.96,78.2,Adana,0,2.01,19,0,normal
TXN003971,MUS0633,2024-02-15 13:52:00,Perşembe,13,0,Elektronik,Online,92.0,95.56,-3.7,Samsun,0,0.8,15,0,normal
TXN003964,MUS0277,2024-03-07 06:17:00,Perşembe,6,0,Market,ATM,738.84,396.84,86.2,Eskişehir,0,1.33,19,0,normal
TXN000930,MUS0009,2024-05-29 03:52:00,Çarşamba,3,1,Online Alışveriş,Fiziksel Kart,144.07,163.57,-11.9,İzmir,0,0.11,9,0,normal
TXN004766,MUS0166,2024-03-27 17:08:00,Çarşamba,17,0,Restoran,Fiziksel Kart,262.74,368.91,-28.8,Samsun,0,0.13,4,0,normal
TXN001930,MUS0132,2024-06-11 22:01:00,Salı,22,0,Giyim,Temassız,141.4,111.54,26.8,Adana,0,0.69,4,0,normal
TXN003847,MUS0452,2024-04-07 08:53:00,Pazar,8,0,Elektronik,Fiziksel Kart,1064.75,542.01,96.4,Kayseri,0,0.64,8,0,normal
TXN004752,MUS0683,2024-08-30 22:51:00,Cuma,22,0,Uluslararası,ATM,502.75,377.95,33.0,Gaziantep,0,1.18,6,0,normal
TXN002587,MUS0434,2024-04-04 23:13:00,Perşembe,23,1,Döviz,Fiziksel Kart,246.64,111.37,121.5,Mersin,0,4.43,81,1,farkli_sehir
TXN003970,MUS0368,2024-03-14 16:50:00,Perşembe,16,0,Sağlık,Fiziksel Kart,239.72,317.29,-24.4,Bursa,0,0.72,7,0,normal
TXN004152,MUS0778,2024-03-30 20:24:00,Cumartesi,20,0,Döviz,Temassız,185.28,164.22,12.8,Kayseri,0,0.96,7,0,normal
TXN001095,MUS0610,2024-06-26 23:16:00,Çarşamba,23,1,Eğlence,Fiziksel Kart,589.44,776.12,-24.1,Antalya,0,1.0,17,0,normal
TXN002486,MUS0439,2024-11-08 18:49:00,Cuma,18,0,Giyim,Online,493.93,603.4,-18.1,Antalya,0,1.41,15,0,normal
TXN001514,MUS0614,2024-09-24 13:15:00,Salı,13,0,Yakıt,Online,130.57,225.75,-42.2,Adana,0,0.58,3,0,normal
TXN004414,MUS0090,2024-10-22 19:28:00,Salı,19,0,Online Alışveriş,Online,155.68,163.73,-4.9,Adana,0,0.58,15,0,normal
TXN004290,MUS0459,2024-11-18 19:16:00,Pazartesi,19,0,Uluslararası,Temassız,451.83,280.46,61.1,İzmir,0,2.35,23,0,normal
TXN000395,MUS0748,2024-10-31 21:23:00,Perşembe,21,0,Uluslararası,Fiziksel Kart,840.21,791.81,6.1,Ankara,0,0.78,7,0,normal
TXN002775,MUS0437,2024-02-10 02:51:00,Cumartesi,2,1,Giyim,Online,878.58,605.89,45.0,Ankara,0,0.64,13,0,normal
TXN000139,MUS0645,2024-09-29 03:32:00,Pazar,3,1,Ulaşım,Online,124.05,131.67,-5.8,Bursa,0,0.2,4,0,normal
TXN000795,MUS0585,2024-10-17 01:30:00,Perşembe,1,1,Restoran,Fiziksel Kart,1045.94,652.37,60.3,Mersin,0,1.2,17,0,normal
TXN002835,MUS0311,2024-09-05 09:12:00,Perşembe,9,0,Elektronik,Fiziksel Kart,929.34,797.77,16.5,Mersin,0,0.11,0,0,normal
TXN003360,MUS0573,2024-11-01 04:23:00,Cuma,4,1,Elektronik,Temassız,305.92,471.06,-35.1,İstanbul,0,0.4,0,0,normal
TXN002559,MUS0235,2024-01-19 10:35:00,Cuma,10,0,Yakıt,Telefon,204.5,126.4,61.8,İzmir,0,0.35,2,0,normal
TXN003096,MUS0795,2024-07-03 01:31:00,Çarşamba,1,1,Ulaşım,Online,274.01,292.95,-6.5,Bursa,0,0.58,5,0,normal
TXN003834,MUS0412,2024-08-08 12:10:00,Perşembe,12,0,Ulaşım,Temassız,304.87,599.92,-49.2,Samsun,0,0.78,4,0,normal
TXN001701,MUS0046,2024-01-26 04:43:00,Cuma,4,1,Restoran,Online,478.54,517.3,-7.5,Bursa,0,2.5,21,0,normal
TXN003266,MUS0725,2024-06-19 13:17:00,Çarşamba,13,0,Sağlık,Fiziksel Kart,438.13,760.62,-42.4,Adana,0,1.7,16,0,normal
TXN001680,MUS0669,2024-09-04 07:02:00,Çarşamba,7,0,Uluslararası,Online,773.01,505.13,53.0,Konya,0,0.99,5,0,normal
TXN004085,MUS0339,2024-08-06 23:00:00,Salı,23,1,Eğlence,Telefon,144.57,137.42,5.2,Antalya,0,0.38,8,0,normal
TXN002375,MUS0122,2024-08-28 00:32:00,Çarşamba,0,1,Döviz,Temassız,882.79,755.65,16.8,Kayseri,0,1.89,23,0,normal
TXN004876,MUS0160,2024-05-30 10:10:00,Perşembe,10,0,Giyim,Temassız,67.29,88.83,-24.2,İstanbul,0,0.16,0,0,normal
TXN001249,MUS0591,2024-08-26 09:38:00,Pazartesi,9,0,Online Alışveriş,Fiziksel Kart,5,687.49,-99.3,Eskişehir,0,0.64,2,0,normal
TXN003354,MUS0542,2024-09-09 15:49:00,Pazartesi,15,0,ATM Nakit,Temassız,211.66,289.76,-27.0,Mersin,0,0.96,7,0,normal
TXN001763,MUS0585,2024-12-17 09:32:00,Salı,9,0,Sağlık,ATM,804.33,652.37,23.3,Mersin,0,1.37,10,0,normal
TXN001812,MUS0460,2024-09-07 13:55:00,Cumartesi,13,0,Elektronik,Online,481.06,620.02,-22.4,Konya,0,0.6,1,0,normal
TXN003270,MUS0600,2024-04-27 16:00:00,Cumartesi,16,0,Restoran,Telefon,669.45,430.97,55.3,İzmir,0,0.73,6,0,normal
TXN004737,MUS0243,2024-06-07 21:29:00,Cuma,21,0,Giyim,Temassız,67.21,93.38,-28.0,Samsun,0,1.25,19,0,normal
TXN001122,MUS0749,2024-10-15 23:09:00,Salı,23,1,Eğlence,Fiziksel Kart,338.45,226.53,49.4,Antalya,0,0.75,4,0,normal
TXN004514,MUS0701,2024-04-01 06:34:00,Pazartesi,6,0,Market,Fiziksel Kart,353.46,373.45,-5.4,Samsun,0,0.79,7,0,normal
TXN001294,MUS0725,2024-03-12 19:59:00,Salı,19,0,Elektronik,Fiziksel Kart,6104.25,760.62,702.5,Adana,0,2.73,71,1,yuksek_tutar
TXN004161,MUS0217,2024-02-21 07:09:00,Çarşamba,7,0,Döviz,Temassız,289.34,404.13,-28.4,Adana,0,0.56,12,0,normal
TXN001649,MUS0320,2024-03-29 07:22:00,Cuma,7,0,Giyim,Temassız,161.71,394.18,-59.0,Adana,0,1.04,7,0,normal
TXN001572,MUS0589,2024-10-25 17:54:00,Cuma,17,0,ATM Nakit,ATM,87.67,194.3,-54.9,Konya,0,1.27,10,0,normal
TXN001057,MUS0341,2024-09-10 09:45:00,Salı,9,0,Eğlence,Online,329.9,200.52,64.5,Gaziantep,0,1.02,14,0,normal
TXN002366,MUS0695,2024-02-03 18:52:00,Cumartesi,18,0,Döviz,Online,210.49,467.16,-54.9,Eskişehir,0,0.26,5,0,normal
TXN003509,MUS0720,2024-09-08 08:57:00,Pazar,8,0,Giyim,Online,502.74,607.8,-17.3,Konya,0,1.89,13,0,normal
TXN000208,MUS0237,2024-02-12 18:22:00,Pazartesi,18,0,Ulaşım,ATM,356.37,500.17,-28.8,Gaziantep,0,0.35,12,0,normal
TXN001302,MUS0777,2024-01-12 05:50:00,Cuma,5,1,Ulaşım,Online,374.25,308.55,21.3,Kayseri,0,0.67,16,0,normal
TXN002841,MUS0676,2024-06-25 17:52:00,Salı,17,0,Giyim,Online,40.86,88.23,-53.7,Bursa,0,0.56,7,0,normal
TXN002318,MUS0553,2024-07-14 18:24:00,Pazar,18,0,Elektronik,Fiziksel Kart,569.36,625.21,-8.9,Samsun,0,2.41,24,0,normal
TXN001990,MUS0325,2024-04-09 02:37:00,Salı,2,1,Eğlence,Fiziksel Kart,577.15,473.16,22.0,Samsun,0,1.16,15,0,normal
TXN003517,MUS0442,2024-12-15 00:22:00,Pazar,0,1,Ulaşım,Online,61.38,101.1,-39.3,Konya,0,1.63,26,0,normal
TXN001720,MUS0551,2024-10-11 04:49:00,Cuma,4,1,Döviz,Online,8764.95,533.28,1543.6,Gaziantep,0,3.27,74,1,yuksek_tutar
TXN001567,MUS0702,2024-11-02 21:03:00,Cumartesi,21,0,Elektronik,Temassız,339.38,357.42,-5.0,Konya,0,0.89,6,0,normal
TXN001851,MUS0290,2024-09-09 16:31:00,Pazartesi,16,0,Döviz,Online,564.9,477.03,18.4,Gaziantep,0,1.48,19,0,normal
TXN004801,MUS0642,2024-05-09 07:27:00,Perşembe,7,0,Ulaşım,Fiziksel Kart,105.37,302.61,-65.2,İstanbul,0,0.57,9,0,normal
TXN001336,MUS0364,2024-11-14 19:58:00,Perşembe,19,0,Restoran,Temassız,166.46,247.84,-32.8,Konya,0,0.27,0,0,normal
TXN001116,MUS0698,2024-03-27 20:13:00,Çarşamba,20,0,Ulaşım,Online,271.35,405.26,-33.0,Samsun,0,1.21,11,0,normal
TXN003528,MUS0025,2024-02-01 20:21:00,Perşembe,20,0,ATM Nakit,Online,356.16,399.29,-10.8,Mersin,0,1.53,12,0,normal
TXN002286,MUS0410,2024-05-11 07:03:00,Cumartesi,7,0,Eğlence,Fiziksel Kart,294.08,128.02,129.7,Konya,0,0.47,0,0,normal
TXN002408,MUS0134,2024-09-28 17:26:00,Cumartesi,17,0,Eğlence,Fiziksel Kart,983.4,745.38,31.9,Gaziantep,0,1.17,11,0,normal
TXN003633,MUS0665,2024-10-13 18:19:00,Pazar,18,0,Eğlence,Online,573.98,773.06,-25.8,Kayseri,0,1.08,19,0,normal
TXN003124,MUS0427,2024-08-08 15:17:00,Perşembe,15,0,Ulaşım,Online,169.75,141.02,20.4,İstanbul,0,0.09,10,0,normal
TXN002003,MUS0626,2024-05-24 10:39:00,Cuma,10,0,Elektronik,Fiziksel Kart,522.91,684.1,-23.6,Antalya,0,0.41,0,0,normal
TXN001743,MUS0006,2024-01-18 11:14:00,Perşembe,11,0,Yakıt,Fiziksel Kart,51.29,99.17,-48.3,İstanbul,0,0.07,0,0,normal
TXN002163,MUS0753,2024-01-19 07:16:00,Cuma,7,0,Online Alışveriş,Fiziksel Kart,458.37,372.16,23.2,Londra,1,0.96,11,0,normal
TXN004988,MUS0047,2024-04-15 14:56:00,Pazartesi,14,0,Online Alışveriş,Online,343.12,500.97,-31.5,Samsun,0,1.31,15,0,normal
TXN002787,MUS0224,2024-03-04 21:49:00,Pazartesi,21,0,Sağlık,Fiziksel Kart,589.58,619.08,-4.8,Eskişehir,0,0.3,7,0,normal
TXN004564,MUS0278,2024-10-08 21:38:00,Salı,21,0,Online Alışveriş,Temassız,877.19,567.32,54.6,Samsun,0,1.06,8,0,normal
TXN003294,MUS0139,2024-06-08 15:11:00,Cumartesi,15,0,Yakıt,Temassız,946.84,752.4,25.8,Eskişehir,0,0.36,12,0,normal
TXN004512,MUS0537,2024-11-06 18:44:00,Çarşamba,18,0,Döviz,Online,938.83,664.98,41.2,Bursa,0,0.26,12,0,normal
TXN004239,MUS0198,2024-06-03 13:18:00,Pazartesi,13,0,Giyim,Temassız,982.2,590.37,66.4,Adana,0,1.43,10,0,normal
TXN000401,MUS0233,2024-12-15 16:33:00,Pazar,16,0,ATM Nakit,Fiziksel Kart,941.0,767.72,22.6,Roma,1,0.67,8,0,normal
TXN001939,MUS0581,2024-09-03 02:33:00,Salı,2,1,Döviz,Online,688.67,492.76,39.8,Samsun,0,1.0,9,0,normal
TXN002951,MUS0339,2024-11-26 02:02:00,Salı,2,1,Elektronik,Online,5,137.42,-96.4,Antalya,0,0.6,5,0,normal
TXN004909,MUS0334,2024-12-03 22:10:00,Salı,22,0,Uluslararası,Online,573.03,411.07,39.4,Antalya,0,2.74,22,0,normal
TXN003612,MUS0134,2024-11-22 04:49:00,Cuma,4,1,Market,Fiziksel Kart,387.65,745.38,-48.0,Gaziantep,0,0.27,12,0,normal
TXN003876,MUS0256,2024-07-27 15:58:00,Cumartesi,15,0,Yakıt,Fiziksel Kart,249.49,296.1,-15.7,İstanbul,0,0.68,9,0,normal
TXN002241,MUS0395,2024-07-18 21:49:00,Perşembe,21,0,Döviz,Online,552.01,480.86,14.8,Eskişehir,0,0.71,9,0,normal
TXN004434,MUS0597,2024-03-16 04:33:00,Cumartesi,4,1,Giyim,Temassız,540.48,642.84,-15.9,İzmir,0,0.88,13,0,normal
TXN002558,MUS0338,2024-03-14 06:14:00,Perşembe,6,0,Uluslararası,Telefon,111.81,137.01,-18.4,Samsun,0,0.21,0,0,normal
TXN002630,MUS0707,2024-12-04 14:55:00,Çarşamba,14,0,Döviz,Temassız,414.83,483.74,-14.2,Gaziantep,0,0.47,4,0,normal
TXN001513,MUS0045,2024-12-06 02:07:00,Cuma,2,1,Elektronik,Online,218.77,294.03,-25.6,Eskişehir,0,0.11,11,0,normal
TXN002640,MUS0058,2024-03-27 04:44:00,Çarşamba,4,1,Market,Temassız,530.57,671.12,-20.9,İzmir,0,0.0,0,0,normal
TXN002876,MUS0175,2024-11-27 15:25:00,Çarşamba,15,0,Sağlık,Fiziksel Kart,700.64,673.27,4.1,İstanbul,0,1.67,22,0,normal
TXN001485,MUS0674,2024-06-08 14:05:00,Cumartesi,14,0,Eğlence,Temassız,174.96,253.37,-30.9,Kayseri,0,0.42,8,0,normal
TXN000190,MUS0765,2024-06-07 01:32:00,Cuma,1,1,Yakıt,Online,481.0,612.34,-21.4,Adana,0,1.16,11,0,normal
TXN004542,MUS0664,2024-07-23 12:06:00,Salı,12,0,Yakıt,Fiziksel Kart,838.32,581.08,44.3,Dubai,1,0.41,3,0,normal
TXN003941,MUS0098,2024-07-11 12:44:00,Perşembe,12,0,Döviz,Online,216.72,533.71,-59.4,Adana,0,0.62,15,0,normal
TXN000830,MUS0390,2024-07-25 01:05:00,Perşembe,1,1,Restoran,ATM,216.32,285.57,-24.2,Antalya,0,1.15,19,0,normal
TXN004018,MUS0602,2024-10-25 03:29:00,Cuma,3,1,Giyim,Online,321.76,428.12,-24.8,Gaziantep,0,2.17,22,0,normal
TXN004484,MUS0466,2024-10-08 21:25:00,Salı,21,0,Döviz,Fiziksel Kart,37.28,134.94,-72.4,Konya,0,0.58,13,0,normal
TXN001381,MUS0326,2024-11-04 06:49:00,Pazartesi,6,0,Eğlence,Fiziksel Kart,1572.64,394.48,298.7,Ankara,0,4.66,79,1,farkli_sehir
TXN002096,MUS0066,2024-02-06 16:16:00,Salı,16,0,Giyim,Fiziksel Kart,947.58,666.91,42.1,Antalya,0,2.67,30,0,normal
TXN001719,MUS0204,2024-09-29 10:16:00,Pazar,10,0,Online Alışveriş,Fiziksel Kart,524.82,614.39,-14.6,İstanbul,0,1.08,15,0,normal
TXN001896,MUS0137,2024-10-16 10:13:00,Çarşamba,10,0,Uluslararası,Online,228.37,250.34,-8.8,Kayseri,0,0.37,5,0,normal
TXN001695,MUS0473,2024-12-21 17:04:00,Cumartesi,17,0,Yakıt,Temassız,710.54,616.59,15.2,Konya,0,0.97,9,0,normal
TXN001044,MUS0607,2024-10-10 08:30:00,Perşembe,8,0,Eğlence,ATM,147.26,228.24,-35.5,Adana,0,0.74,14,0,normal
TXN003973,MUS0344,2024-04-14 20:27:00,Pazar,20,0,Restoran,Fiziksel Kart,226.43,243.21,-6.9,Mersin,0,0.45,2,0,normal
TXN004227,MUS0681,2024-01-03 15:36:00,Çarşamba,15,0,Döviz,Fiziksel Kart,157.57,145.6,8.2,Konya,0,0.89,5,0,normal
TXN003729,MUS0618,2024-06-30 21:54:00,Pazar,21,0,Elektronik,Online,359.52,288.77,24.5,Antalya,0,0.08,2,0,normal
TXN000585,MUS0706,2024-12-05 07:11:00,Perşembe,7,0,Elektronik,Online,168.61,643.18,-73.8,Antalya,0,1.35,13,0,normal
TXN004020,MUS0600,2024-03-17 04:49:00,Pazar,4,1,Uluslararası,ATM,392.29,430.97,-9.0,İzmir,0,0.17,2,0,normal
TXN004168,MUS0216,2024-11-12 03:55:00,Salı,3,1,Market,Online,24.22,173.04,-86.0,İzmir,0,3.01,77,1,kart_test
TXN003263,MUS0483,2024-12-26 22:11:00,Perşembe,22,0,Restoran,Online,875.58,771.64,13.5,Kayseri,0,2.02,17,0,normal
TXN003934,MUS0125,2024-11-01 12:07:00,Cuma,12,0,ATM Nakit,Online,87.94,183.8,-52.2,Londra,1,0.95,6,0,normal
TXN004300,MUS0394,2024-03-20 13:49:00,Çarşamba,13,0,Yakıt,Online,352.83,593.96,-40.6,Kayseri,0,0.88,12,0,normal
TXN001659,MUS0483,2024-05-01 13:26:00,Çarşamba,13,0,Uluslararası,Fiziksel Kart,485.48,771.64,-37.1,Kayseri,0,0.99,11,0,normal
TXN000199,MUS0759,2024-09-19 17:01:00,Perşembe,17,0,Yakıt,Fiziksel Kart,566.32,701.41,-19.3,Konya,0,0.32,7,0,normal
TXN004069,MUS0222,2024-03-24 10:15:00,Pazar,10,0,Sağlık,Temassız,707.43,435.26,62.5,Mersin,0,1.49,9,0,normal
TXN004153,MUS0474,2024-05-22 09:56:00,Çarşamba,9,0,Eğlence,Fiziksel Kart,373.27,555.37,-32.8,Ankara,0,0.36,12,0,normal
TXN003565,MUS0312,2024-11-13 20:27:00,Çarşamba,20,0,Sağlık,Temassız,651.74,614.63,6.0,Ankara,0,0.4,10,0,normal
TXN002591,MUS0453,2024-12-29 23:12:00,Pazar,4,1,Online Alışveriş,ATM,8745.75,799.94,993.3,Bursa,0,4.76,87,1,gece_islemi
TXN004609,MUS0747,2024-07-18 01:40:00,Perşembe,1,1,Uluslararası,Online,8859.75,584.36,1416.1,İzmir,0,5.6,91,1,yuksek_tutar
TXN004817,MUS0746,2024-06-19 05:46:00,Çarşamba,5,1,Market,Temassız,430.22,305.96,40.6,Berlin,1,1.4,10,0,normal
TXN004271,MUS0025,2024-03-04 06:00:00,Pazartesi,6,0,Online Alışveriş,Fiziksel Kart,544.96,399.29,36.5,Adana,0,0.44,4,0,normal
TXN002316,MUS0400,2024-12-01 20:34:00,Pazar,20,0,Sağlık,Temassız,705.92,490.74,43.8,Samsun,0,0.25,11,0,normal
TXN001539,MUS0071,2024-10-27 14:18:00,Pazar,14,0,Sağlık,Temassız,154.46,531.82,-71.0,Bursa,0,0.95,6,0,normal
TXN002431,MUS0382,2024-04-06 13:00:00,Cumartesi,13,0,Giyim,ATM,508.76,498.38,2.1,Mersin,0,0.13,7,0,normal
TXN002294,MUS0208,2024-10-09 18:10:00,Çarşamba,18,0,Elektronik,Fiziksel Kart,352.92,414.95,-14.9,İzmir,0,0.07,0,0,normal
TXN004458,MUS0560,2024-03-26 22:43:00,Salı,22,0,Online Alışveriş,Fiziksel Kart,142.49,163.62,-12.9,Konya,0,0.75,14,0,normal
TXN004217,MUS0514,2024-09-03 03:13:00,Salı,3,1,ATM Nakit,Online,661.83,705.35,-6.2,İzmir,0,1.59,22,0,normal
TXN001547,MUS0316,2024-12-07 20:39:00,Cumartesi,20,0,Döviz,Fiziksel Kart,340.02,461.03,-26.2,Gaziantep,0,0.65,10,0,normal
TXN002631,MUS0751,2024-10-14 06:06:00,Pazartesi,6,0,Restoran,Online,344.52,628.43,-45.2,Antalya,0,0.56,0,0,normal
TXN000311,MUS0324,2024-09-04 06:52:00,Çarşamba,6,0,Online Alışveriş,Online,177.92,621.61,-71.4,Samsun,0,1.63,13,0,normal
TXN004264,MUS0641,2024-01-14 16:00:00,Pazar,16,0,Online Alışveriş,ATM,814.98,716.72,13.7,Antalya,0,0.48,14,0,normal
TXN000186,MUS0604,2024-08-09 09:32:00,Cuma,9,0,Online Alışveriş,Fiziksel Kart,1098.36,625.23,75.7,Konya,0,0.61,11,0,normal
TXN004016,MUS0724,2024-01-13 13:42:00,Cumartesi,13,0,Restoran,Fiziksel Kart,580.78,512.29,13.4,Tokyo,1,0.05,4,0,normal
TXN000784,MUS0131,2024-07-10 01:40:00,Çarşamba,1,1,Giyim,Fiziksel Kart,811.77,730.35,11.1,Konya,0,0.18,9,0,normal
TXN004299,MUS0624,2024-11-09 15:04:00,Cumartesi,15,0,ATM Nakit,Fiziksel Kart,402.67,473.95,-15.0,Bursa,0,0.73,15,0,normal
TXN003070,MUS0535,2024-05-30 01:34:00,Perşembe,1,1,Market,Online,19.41,696.24,-97.2,Gaziantep,0,5.25,84,1,kart_test
TXN003330,MUS0320,2024-03-06 18:41:00,Çarşamba,18,0,Ulaşım,Online,559.79,394.18,42.0,Ankara,0,0.7,16,0,normal
TXN002065,MUS0054,2024-01-21 07:58:00,Pazar,7,0,Uluslararası,Fiziksel Kart,108.77,115.25,-5.6,İstanbul,0,2.0,27,0,normal
TXN000464,MUS0587,2024-06-13 07:20:00,Perşembe,7,0,Market,Online,557.55,617.7,-9.7,Konya,0,0.13,1,0,normal
TXN002055,MUS0694,2024-01-27 18:16:00,Cumartesi,18,0,Elektronik,Online,597.08,655.25,-8.9,Mersin,0,0.88,5,0,normal
TXN001234,MUS0535,2024-12-03 02:22:00,Salı,2,1,Online Alışveriş,Temassız,808.12,696.24,16.1,Gaziantep,0,1.67,18,0,normal
TXN003326,MUS0393,2024-04-21 17:10:00,Pazar,17,0,Yakıt,Temassız,767.65,473.08,62.3,Mersin,0,0.26,5,0,normal
TXN001776,MUS0036,2024-01-18 23:59:00,Perşembe,23,1,Yakıt,Fiziksel Kart,132.36,267.11,-50.4,Ankara,0,1.17,6,0,normal
TXN004907,MUS0378,2024-10-16 22:31:00,Çarşamba,22,0,Online Alışveriş,Fiziksel Kart,204.32,147.68,38.4,İstanbul,0,1.1,17,0,normal
TXN000008,MUS0788,2024-04-11 23:58:00,Perşembe,23,1,Restoran,Fiziksel Kart,70.29,140.14,-49.8,Kayseri,0,1.18,17,0,normal
TXN004833,MUS0290,2024-01-03 03:13:00,Çarşamba,3,1,Market,Fiziksel Kart,1562.35,477.03,227.5,Antalya,0,2.18,65,1,farkli_sehir
TXN001232,MUS0367,2024-01-08 14:47:00,Pazartesi,14,0,Uluslararası,Telefon,811.51,738.16,9.9,Londra,1,1.79,14,0,normal
TXN001094,MUS0029,2024-04-13 04:00:00,Cumartesi,4,1,Online Alışveriş,Fiziksel Kart,796.51,605.64,31.5,Adana,0,0.22,10,0,normal
TXN000332,MUS0622,2024-05-27 17:07:00,Pazartesi,17,0,Yakıt,Online,163.22,300.48,-45.7,İstanbul,0,0.06,0,0,normal
TXN004051,MUS0718,2024-07-06 04:26:00,Cumartesi,4,1,Döviz,Fiziksel Kart,744.65,710.44,4.8,Ankara,0,1.8,22,0,normal
TXN004540,MUS0574,2024-05-31 18:31:00,Cuma,18,0,Restoran,Online,165.42,361.83,-54.3,Mersin,0,1.64,17,0,normal
TXN004101,MUS0118,2024-11-12 15:09:00,Salı,15,0,Ulaşım,Online,343.94,334.75,2.7,Moskova,1,1.21,19,0,normal
TXN001162,MUS0459,2024-03-15 13:16:00,Cuma,13,0,Ulaşım,Temassız,211.57,280.46,-24.6,İzmir,0,0.73,11,0,normal
TXN004127,MUS0117,2024-06-06 10:51:00,Perşembe,10,0,Giyim,Fiziksel Kart,247.19,297.51,-16.9,Eskişehir,0,0.14,0,0,normal
TXN001023,MUS0221,2024-11-24 14:29:00,Pazar,14,0,Uluslararası,Telefon,132.59,214.37,-38.1,Samsun,0,0.05,0,0,normal
TXN002409,MUS0513,2024-10-29 19:32:00,Salı,19,0,Elektronik,Fiziksel Kart,1013.69,796.09,27.3,Eskişehir,0,0.56,8,0,normal
TXN001396,MUS0780,2024-01-02 05:02:00,Salı,5,1,Eğlence,Fiziksel Kart,477.93,568.25,-15.9,Adana,0,0.24,6,0,normal
TXN002932,MUS0148,2024-11-01 11:23:00,Cuma,11,0,Online Alışveriş,Online,248.29,296.04,-16.1,Gaziantep,0,1.22,13,0,normal
TXN003690,MUS0494,2024-02-23 08:33:00,Cuma,8,0,ATM Nakit,Fiziksel Kart,51.97,87.96,-40.9,İstanbul,0,1.24,13,0,normal
TXN000692,MUS0394,2024-08-12 00:11:00,Pazartesi,0,1,ATM Nakit,Fiziksel Kart,786.02,593.96,32.3,Kayseri,0,0.45,0,0,normal
TXN004282,MUS0352,2024-03-26 13:24:00,Salı,13,0,Sağlık,Online,357.92,586.45,-39.0,İstanbul,0,0.31,5,0,normal
TXN001397,MUS0539,2024-03-29 14:35:00,Cuma,14,0,Online Alışveriş,Online,311.17,266.78,16.6,Gaziantep,0,1.56,22,0,normal
TXN001151,MUS0655,2024-05-23 10:36:00,Perşembe,10,0,Ulaşım,Online,475.76,511.81,-7.0,Bursa,0,0.83,5,0,normal
TXN003520,MUS0254,2024-08-02 11:15:00,Cuma,11,0,Restoran,Online,458.72,716.95,-36.0,Samsun,0,0.22,0,0,normal
TXN003099,MUS0643,2024-12-19 12:00:00,Perşembe,12,0,ATM Nakit,Fiziksel Kart,685.47,625.73,9.5,Kayseri,0,0.53,2,0,normal
TXN004208,MUS0469,2024-02-23 02:12:00,Cuma,2,1,Online Alışveriş,Online,59.43,171.34,-65.3,Mersin,0,0.69,2,0,normal
TXN000900,MUS0371,2024-03-14 18:28:00,Perşembe,18,0,Market,Online,195.6,276.61,-29.3,Antalya,0,0.91,5,0,normal
TXN003719,MUS0194,2024-07-06 04:17:00,Cumartesi,4,1,Yakıt,ATM,155.64,185.12,-15.9,İzmir,0,1.12,21,0,normal
TXN003950,MUS0368,2024-09-17 17:14:00,Salı,1,1,ATM Nakit,ATM,3409.7,317.29,974.6,Bursa,0,2.57,69,1,gece_islemi
TXN001407,MUS0045,2024-07-23 17:57:00,Salı,17,0,Online Alışveriş,Fiziksel Kart,257.77,294.03,-12.3,Eskişehir,0,0.69,15,0,normal
TXN000281,MUS0783,2024-10-16 08:48:00,Çarşamba,8,0,Restoran,Online,739.92,374.68,97.5,Bursa,0,1.06,16,0,normal
TXN000700,MUS0731,2024-03-13 21:51:00,Çarşamba,21,0,Giyim,ATM,79.7,183.62,-56.6,İstanbul,0,0.05,0,0,normal
TXN001753,MUS0744,2024-06-18 19:53:00,Salı,19,0,Giyim,Temassız,198.65,381.34,-47.9,İstanbul,0,0.18,0,0,normal
TXN004274,MUS0629,2024-08-26 23:52:00,Pazartesi,23,1,Uluslararası,Fiziksel Kart,346.93,293.25,18.3,Antalya,0,0.75,7,0,normal
TXN000864,MUS0735,2024-03-28 08:15:00,Perşembe,8,0,Giyim,Online,563.04,346.16,62.7,Dubai,1,0.64,8,0,normal
TXN004084,MUS0473,2024-06-28 09:31:00,Cuma,9,0,Online Alışveriş,Fiziksel Kart,654.13,616.59,6.1,Konya,0,0.8,13,0,normal
TXN001345,MUS0068,2024-07-05 19:07:00,Cuma,19,0,Market,Online,5.93,250.55,-97.6,Ankara,0,6.6,88,1,kart_test
TXN003283,MUS0397,2024-02-22 11:08:00,Perşembe,11,0,ATM Nakit,Online,396.76,639.06,-37.9,Ankara,0,0.53,14,0,normal
TXN004259,MUS0608,2024-08-23 22:56:00,Cuma,22,0,Elektronik,ATM,138.65,176.95,-21.6,Konya,0,1.66,25,0,normal
TXN001831,MUS0200,2024-09-06 22:17:00,Cuma,22,0,Sağlık,Online,271.34,183.86,47.6,Adana,0,0.73,15,0,normal
TXN004057,MUS0533,2024-03-25 06:22:00,Pazartesi,6,0,Yakıt,Fiziksel Kart,549.61,450.68,22.0,Mersin,0,1.23,16,0,normal
TXN003059,MUS0229,2024-06-07 03:21:00,Cuma,3,1,Elektronik,Fiziksel Kart,454.81,743.48,-38.8,Samsun,0,0.32,12,0,normal
TXN000027,MUS0269,2024-05-06 00:07:00,Pazartesi,0,1,ATM Nakit,Online,377.45,480.93,-21.5,Antalya,0,0.56,7,0,normal
TXN002460,MUS0777,2024-09-09 19:16:00,Pazartesi,19,0,Eğlence,Fiziksel Kart,590.03,308.55,91.2,Kayseri,0,0.08,10,0,normal
TXN004243,MUS0130,2024-07-24 17:08:00,Çarşamba,17,0,Market,Temassız,362.25,493.83,-26.6,Ankara,0,0.98,16,0,normal
TXN001524,MUS0795,2024-05-22 00:56:00,Çarşamba,0,1,Online Alışveriş,Fiziksel Kart,67.21,292.95,-77.1,Bursa,0,0.42,5,0,normal
TXN001807,MUS0414,2024-10-18 04:51:00,Cuma,4,1,Sağlık,Online,350.57,373.67,-6.2,İzmir,0,0.51,15,0,normal
TXN002628,MUS0151,2024-06-21 00:54:00,Cuma,0,1,Market,Temassız,298.64,200.38,49.0,İzmir,0,0.79,11,0,normal
TXN002423,MUS0692,2024-03-20 05:35:00,Çarşamba,5,1,Döviz,Fiziksel Kart,131.24,91.31,43.7,Gaziantep,0,0.2,7,0,normal
TXN000489,MUS0387,2024-12-04 22:40:00,Çarşamba,22,0,ATM Nakit,Temassız,632.26,547.94,15.4,Antalya,0,0.7,5,0,normal
TXN003229,MUS0799,2024-08-27 14:10:00,Salı,14,0,Restoran,Temassız,196.61,566.79,-65.3,Bursa,0,1.31,13,0,normal
TXN004286,MUS0595,2024-01-07 23:11:00,Pazar,23,1,Ulaşım,Temassız,594.16,531.24,11.8,Bursa,0,0.63,4,0,normal
TXN001971,MUS0341,2024-04-06 00:02:00,Cumartesi,0,1,Giyim,Online,52.57,200.52,-73.8,Gaziantep,0,0.34,12,0,normal
TXN001461,MUS0278,2024-09-24 01:13:00,Salı,1,1,Sağlık,Online,799.06,567.32,40.8,Samsun,0,0.78,12,0,normal
TXN000758,MUS0429,2024-02-06 07:35:00,Salı,7,0,Restoran,Fiziksel Kart,300.06,342.81,-12.5,Mersin,0,0.24,5,0,normal
TXN001980,MUS0373,2024-05-07 18:47:00,Salı,18,0,Restoran,ATM,218.58,351.75,-37.9,Samsun,0,1.22,9,0,normal
TXN003745,MUS0518,2024-12-27 00:01:00,Cuma,0,1,Uluslararası,Temassız,241.1,359.24,-32.9,Konya,0,0.18,1,0,normal
TXN004508,MUS0319,2024-07-05 06:08:00,Cuma,6,0,Yakıt,Fiziksel Kart,289.08,404.81,-28.6,Antalya,0,0.25,9,0,normal
TXN001338,MUS0030,2024-10-28 17:00:00,Pazartesi,17,0,Giyim,Online,161.25,188.41,-14.4,Bursa,0,0.96,14,0,normal
TXN002801,MUS0480,2024-09-09 16:43:00,Pazartesi,16,0,Ulaşım,Online,435.24,757.58,-42.5,Adana,0,0.02,3,0,normal
TXN004536,MUS0255,2024-09-18 22:01:00,Çarşamba,22,0,Online Alışveriş,Fiziksel Kart,334.82,371.46,-9.9,Berlin,1,1.24,13,0,normal
TXN004275,MUS0480,2024-04-07 03:54:00,Pazar,3,1,Market,Fiziksel Kart,661.76,757.58,-12.6,Konya,0,0.01,0,0,normal
TXN003337,MUS0578,2024-02-22 09:20:00,Perşembe,9,0,Uluslararası,Fiziksel Kart,1125.4,761.55,47.8,Ankara,0,0.5,15,0,normal
TXN002778,MUS0599,2024-01-07 11:26:00,Pazar,11,0,Market,Online,98.52,166.87,-41.0,İzmir,0,0.13,3,0,normal
TXN003133,MUS0734,2024-06-30 17:40:00,Pazar,17,0,Elektronik,Temassız,251.52,204.5,23.0,Eskişehir,0,0.06,0,0,normal
TXN000827,MUS0177,2024-05-09 06:50:00,Perşembe,6,0,Yakıt,Temassız,971.98,680.45,42.8,Mersin,0,1.28,11,0,normal
TXN004220,MUS0050,2024-09-22 19:14:00,Pazar,19,0,Restoran,Temassız,72.02,119.24,-39.6,İstanbul,0,0.29,12,0,normal
TXN000459,MUS0165,2024-07-09 13:17:00,Salı,13,0,Giyim,Online,39.87,204.55,-80.5,Samsun,0,1.48,23,0,normal
TXN002229,MUS0381,2024-03-09 14:34:00,Cumartesi,14,0,Sağlık,Fiziksel Kart,414.23,469.01,-11.7,Samsun,0,0.22,0,0,normal
TXN000427,MUS0569,2024-12-25 16:19:00,Çarşamba,16,0,Market,Temassız,27.84,159.84,-82.6,İzmir,0,0.68,11,0,normal
TXN002621,MUS0012,2024-11-01 21:38:00,Cuma,21,0,Online Alışveriş,Online,550.06,672.12,-18.2,Adana,0,0.19,7,0,normal
TXN000444,MUS0631,2024-01-02 07:41:00,Salı,7,0,Eğlence,Temassız,984.31,791.56,24.4,Adana,0,0.6,11,0,normal
TXN000939,MUS0597,2024-09-03 07:12:00,Salı,7,0,Yakıt,Fiziksel Kart,693.35,642.84,7.9,İzmir,0,0.68,9,0,normal
TXN002987,MUS0451,2024-02-27 02:28:00,Salı,2,1,Eğlence,Fiziksel Kart,592.25,616.67,-4.0,İstanbul,0,0.73,4,0,normal
TXN002649,MUS0459,2024-09-17 18:46:00,Salı,18,0,Restoran,ATM,234.54,280.46,-16.4,İzmir,0,1.56,21,0,normal
TXN004059,MUS0293,2024-08-26 13:52:00,Pazartesi,13,0,Döviz,Fiziksel Kart,382.72,390.9,-2.1,İzmir,0,1.08,9,0,normal
TXN001992,MUS0243,2024-08-26 10:49:00,Pazartesi,10,0,Yakıt,Temassız,95.94,93.38,2.7,Samsun,0,2.23,20,0,normal
TXN003277,MUS0137,2024-09-26 16:19:00,Perşembe,16,0,Giyim,Fiziksel Kart,220.87,250.34,-11.8,Kayseri,0,0.72,14,0,normal
TXN002354,MUS0250,2024-12-07 21:51:00,Cumartesi,21,0,Ulaşım,Temassız,514.36,611.1,-15.8,Mersin,0,0.02,8,0,normal
TXN004800,MUS0637,2024-02-20 17:59:00,Salı,17,0,Uluslararası,Online,600.47,756.37,-20.6,Bursa,0,0.51,8,0,normal
TXN004221,MUS0123,2024-10-29 16:23:00,Salı,16,0,Online Alışveriş,ATM,616.61,407.08,51.5,Adana,0,1.0,11,0,normal
TXN002771,MUS0755,2024-10-31 23:24:00,Perşembe,23,1,Uluslararası,Temassız,140.4,281.6,-50.1,Bursa,0,0.88,5,0,normal
TXN000172,MUS0294,2024-05-09 19:45:00,Perşembe,19,0,Eğlence,Online,277.76,276.81,0.3,Samsun,0,1.07,12,0,normal
TXN003299,MUS0288,2024-01-12 00:28:00,Cuma,0,1,Sağlık,Fiziksel Kart,865.39,533.4,62.2,Gaziantep,0,0.64,8,0,normal
TXN004589,MUS0743,2024-08-28 10:26:00,Çarşamba,3,1,ATM Nakit,Online,5752.6,514.96,1017.1,İzmir,0,3.65,74,1,gece_islemi
TXN001434,MUS0277,2024-06-09 18:14:00,Pazar,18,0,Market,ATM,285.07,396.84,-28.2,Eskişehir,0,0.41,10,0,normal
TXN002500,MUS0208,2024-06-21 06:50:00,Cuma,6,0,Döviz,Fiziksel Kart,114.93,414.95,-72.3,Samsun,0,0.23,1,0,normal
TXN004257,MUS0716,2024-11-19 20:23:00,Salı,20,0,Market,Temassız,678.81,676.28,0.4,Bursa,0,1.31,18,0,normal
TXN000563,MUS0237,2024-12-08 22:35:00,Pazar,22,0,Restoran,Online,853.18,500.17,70.6,Gaziantep,0,0.05,2,0,normal
TXN000137,MUS0265,2024-10-04 13:36:00,Cuma,13,0,Giyim,Online,297.85,260.92,14.2,Ankara,0,0.21,7,0,normal
TXN002100,MUS0674,2024-12-23 02:05:00,Pazartesi,2,1,Uluslararası,Temassız,266.06,253.37,5.0,Samsun,0,1.06,5,0,normal
TXN000255,MUS0524,2024-11-05 13:33:00,Salı,13,0,Elektronik,Temassız,605.21,746.07,-18.9,Antalya,0,0.71,3,0,normal
TXN000276,MUS0070,2024-06-10 12:30:00,Pazartesi,12,0,Restoran,Temassız,224.63,251.82,-10.8,Gaziantep,0,0.16,0,0,normal
TXN002532,MUS0416,2024-11-05 08:06:00,Salı,8,0,Elektronik,Online,799.85,513.6,55.7,Adana,0,0.91,5,0,normal
TXN004567,MUS0153,2024-07-27 09:41:00,Cumartesi,9,0,Sağlık,Fiziksel Kart,253.94,229.88,10.5,Ankara,0,0.86,14,0,normal
TXN002226,MUS0540,2024-12-29 00:41:00,Pazar,0,1,Giyim,Online,283.36,165.05,71.7,İzmir,0,0.22,9,0,normal
TXN003235,MUS0502,2024-07-10 06:28:00,Çarşamba,6,0,Online Alışveriş,Online,442.6,354.95,24.7,Mersin,0,0.51,0,0,normal
TXN000182,MUS0707,2024-01-07 03:49:00,Pazar,3,1,Giyim,Telefon,583.81,483.74,20.7,Eskişehir,0,0.62,16,0,normal
TXN001165,MUS0634,2024-04-20 19:50:00,Cumartesi,19,0,ATM Nakit,Online,864.09,725.38,19.1,Samsun,0,0.51,9,0,normal
TXN003904,MUS0318,2024-01-27 05:03:00,Cumartesi,5,1,Yakıt,Online,187.34,324.32,-42.2,Eskişehir,0,1.53,18,0,normal
TXN002446,MUS0352,2024-03-14 11:20:00,Perşembe,11,0,ATM Nakit,Fiziksel Kart,568.23,586.45,-3.1,İstanbul,0,1.34,16,0,normal
TXN001388,MUS0319,2024-03-16 07:35:00,Cumartesi,7,0,Ulaşım,Telefon,524.21,404.81,29.5,Antalya,0,1.26,7,0,normal
TXN003606,MUS0425,2024-10-29 10:29:00,Salı,10,0,Market,Online,581.47,601.63,-3.4,Samsun,0,1.01,15,0,normal
TXN002028,MUS0733,2024-11-15 08:02:00,Cuma,8,0,Elektronik,Online,481.97,470.73,2.4,İzmir,0,0.08,8,0,normal
TXN001400,MUS0206,2024-09-26 23:51:00,Perşembe,23,1,Sağlık,Online,97.4,108.31,-10.1,Eskişehir,0,2.54,24,0,normal
TXN002073,MUS0425,2024-08-24 21:10:00,Cumartesi,21,0,Online Alışveriş,Online,423.83,601.63,-29.6,Samsun,0,1.53,15,0,normal
TXN000897,MUS0161,2024-04-12 12:28:00,Cuma,12,0,Online Alışveriş,Online,846.24,738.77,14.5,Mersin,0,0.32,8,0,normal
TXN002673,MUS0059,2024-10-14 05:37:00,Pazartesi,5,1,Elektronik,Fiziksel Kart,2963.59,161.04,1740.3,Antalya,0,2.94,75,1,yuksek_tutar
TXN004642,MUS0616,2024-03-29 10:36:00,Cuma,10,0,ATM Nakit,Temassız,847.34,490.4,72.8,Adana,0,0.32,0,0,normal
TXN000133,MUS0441,2024-12-30 13:12:00,Pazartesi,13,0,Döviz,Temassız,518.43,358.35,44.7,Amsterdam,1,0.7,5,0,normal
TXN004736,MUS0347,2024-09-27 12:12:00,Cuma,12,0,Giyim,Temassız,161.17,350.9,-54.1,Eskişehir,0,0.71,4,0,normal
TXN001412,MUS0358,2024-11-02 12:11:00,Cumartesi,12,0,Ulaşım,Temassız,564.96,389.52,45.0,Bursa,0,1.05,13,0,normal
TXN004187,MUS0663,2024-03-05 14:51:00,Salı,14,0,Online Alışveriş,Online,888.8,710.91,25.0,Kayseri,0,1.53,21,0,normal
TXN001601,MUS0579,2024-02-08 12:14:00,Perşembe,12,0,Eğlence,ATM,443.41,782.63,-43.3,Konya,0,0.34,0,0,normal
TXN001598,MUS0027,2024-09-08 10:48:00,Pazar,10,0,Online Alışveriş,Fiziksel Kart,172.95,182.45,-5.2,İzmir,0,1.37,18,0,normal
TXN001361,MUS0291,2024-01-13 13:35:00,Cumartesi,13,0,Market,Fiziksel Kart,703.32,564.88,24.5,Antalya,0,0.2,10,0,normal
TXN001292,MUS0425,2024-11-06 21:26:00,Çarşamba,21,0,Eğlence,Fiziksel Kart,547.33,601.63,-9.0,Samsun,0,0.28,5,0,normal
TXN002712,MUS0139,2024-09-19 03:34:00,Perşembe,3,1,Ulaşım,Temassız,418.7,752.4,-44.4,Eskişehir,0,0.08,0,0,normal
TXN004455,MUS0015,2024-11-13 07:50:00,Çarşamba,7,0,ATM Nakit,Fiziksel Kart,315.72,625.7,-49.5,Mersin,0,0.64,10,0,normal
TXN004968,MUS0377,2024-03-26 22:01:00,Salı,22,0,Market,Temassız,343.73,370.17,-7.1,Konya,0,0.46,0,0,normal
TXN004999,MUS0324,2024-03-05 17:08:00,Salı,17,0,Uluslararası,Fiziksel Kart,639.21,621.61,2.8,Samsun,0,0.87,3,0,normal
TXN001321,MUS0615,2024-04-29 17:40:00,Pazartesi,17,0,Elektronik,Temassız,971.4,752.55,29.1,Bursa,0,0.41,9,0,normal
TXN001577,MUS0209,2024-08-19 15:02:00,Pazartesi,15,0,Online Alışveriş,Online,480.9,385.7,24.7,Bursa,0,0.58,14,0,normal
TXN003255,MUS0021,2024-03-09 00:13:00,Cumartesi,0,1,Elektronik,Online,499.89,478.96,4.4,İzmir,0,1.18,16,0,normal
TXN002868,MUS0197,2024-07-11 00:26:00,Perşembe,0,1,ATM Nakit,Online,662.81,710.27,-6.7,Bursa,0,0.24,9,0,normal
TXN003292,MUS0623,2024-03-13 08:21:00,Çarşamba,8,0,Uluslararası,Fiziksel Kart,524.3,625.6,-16.2,İzmir,0,0.56,5,0,normal
TXN003972,MUS0382,2024-06-05 02:07:00,Çarşamba,2,1,ATM Nakit,Online,793.97,498.38,59.3,Mersin,0,0.11,2,0,normal
TXN002445,MUS0071,2024-03-07 20:35:00,Perşembe,20,0,Sağlık,Temassız,615.97,531.82,15.8,Bursa,0,0.82,4,0,normal
TXN001296,MUS0112,2024-03-05 19:04:00,Salı,19,0,Elektronik,Temassız,294.94,484.27,-39.1,Bursa,0,0.74,6,0,normal
TXN002955,MUS0771,2024-05-30 15:05:00,Perşembe,15,0,Elektronik,Fiziksel Kart,121.91,92.74,31.5,Ankara,0,1.74,23,0,normal
TXN000338,MUS0161,2024-05-28 04:14:00,Salı,4,1,Elektronik,Temassız,1069.48,738.77,44.8,Mersin,0,0.29,8,0,normal
TXN003341,MUS0163,2024-04-15 11:37:00,Pazartesi,11,0,Online Alışveriş,Fiziksel Kart,180.68,264.6,-31.7,İzmir,0,2.62,30,0,normal
TXN002599,MUS0537,2024-06-03 11:43:00,Pazartesi,11,0,Döviz,Fiziksel Kart,759.27,664.98,14.2,Bursa,0,0.88,14,0,normal
TXN000308,MUS0015,2024-05-13 05:41:00,Pazartesi,5,1,Elektronik,Fiziksel Kart,667.75,625.7,6.7,Mersin,0,0.35,10,0,normal
TXN001726,MUS0220,2024-01-13 02:52:00,Cumartesi,2,1,Giyim,Online,265.82,260.5,2.0,Ankara,0,0.92,5,0,normal
TXN001141,MUS0481,2024-08-09 01:40:00,Cuma,1,1,Döviz,Temassız,374.83,732.79,-48.8,Gaziantep,0,0.16,0,0,normal
TXN003674,MUS0561,2024-02-23 22:17:00,Cuma,22,0,Ulaşım,Temassız,1013.41,741.01,36.8,Ankara,0,0.4,0,0,normal
TXN000947,MUS0028,2024-05-07 14:58:00,Salı,14,0,Giyim,Fiziksel Kart,266.54,251.81,5.8,Adana,0,1.48,17,0,normal
TXN000672,MUS0355,2024-11-27 00:49:00,Çarşamba,0,1,Elektronik,Fiziksel Kart,460.11,614.64,-25.1,Mersin,0,0.97,17,0,normal
TXN004263,MUS0031,2024-06-20 05:41:00,Perşembe,5,1,Döviz,Temassız,212.55,135.8,56.5,Kayseri,0,1.15,7,0,normal
TXN004115,MUS0210,2024-10-17 02:29:00,Perşembe,2,1,Eğlence,ATM,423.66,343.19,23.4,Bursa,0,1.16,12,0,normal
TXN003795,MUS0096,2024-10-26 08:59:00,Cumartesi,8,0,Online Alışveriş,Temassız,450.12,486.15,-7.4,Mersin,0,0.45,10,0,normal
TXN004841,MUS0306,2024-12-04 16:18:00,Çarşamba,16,0,Ulaşım,Online,5,87.11,-94.3,Konya,0,1.6,21,0,normal
TXN000233,MUS0705,2024-04-02 09:35:00,Salı,9,0,Restoran,Telefon,110.75,318.39,-65.2,Konya,0,1.69,22,0,normal
TXN003640,MUS0763,2024-10-24 20:45:00,Perşembe,20,0,Sağlık,Fiziksel Kart,108.28,604.91,-82.1,Kayseri,0,0.26,0,0,normal
TXN000892,MUS0775,2024-04-28 17:57:00,Pazar,17,0,Yakıt,Temassız,561.77,399.2,40.7,İzmir,0,0.55,1,0,normal
TXN000480,MUS0281,2024-06-05 17:20:00,Çarşamba,17,0,Uluslararası,Online,456.66,792.17,-42.4,İstanbul,0,1.49,24,0,normal
TXN000650,MUS0457,2024-03-16 08:53:00,Cumartesi,8,0,Ulaşım,Temassız,543.58,488.61,11.3,Kayseri,0,0.03,10,0,normal
TXN004821,MUS0041,2024-02-15 08:02:00,Perşembe,8,0,Ulaşım,Fiziksel Kart,309.66,549.04,-43.6,Samsun,0,1.2,16,0,normal
TXN002760,MUS0051,2024-12-18 02:57:00,Çarşamba,2,1,Yakıt,Online,355.19,500.39,-29.0,Kayseri,0,2.09,27,0,normal
TXN002059,MUS0552,2024-07-19 11:13:00,Cuma,11,0,Eğlence,Telefon,484.5,587.88,-17.6,İzmir,0,0.1,0,0,normal
TXN002823,MUS0678,2024-09-02 18:48:00,Pazartesi,18,0,Döviz,Online,190.65,324.94,-41.3,İzmir,0,1.1,12,0,normal
TXN001358,MUS0176,2024-06-05 01:26:00,Çarşamba,1,1,Yakıt,Online,99.46,143.28,-30.6,Mersin,0,0.87,7,0,normal
TXN003654,MUS0515,2024-09-27 03:05:00,Cuma,3,1,Elektronik,Fiziksel Kart,157.07,683.68,-77.0,Bursa,0,1.64,21,0,normal
TXN004902,MUS0095,2024-04-19 14:27:00,Cuma,14,0,Yakıt,Fiziksel Kart,294.63,406.48,-27.5,Ankara,0,0.72,12,0,normal
TXN001586,MUS0776,2024-12-25 08:54:00,Çarşamba,8,0,Giyim,Fiziksel Kart,529.06,570.38,-7.2,İzmir,0,1.1,11,0,normal
TXN000010,MUS0618,2024-03-25 08:24:00,Pazartesi,8,0,Giyim,Online,351.07,288.77,21.6,Antalya,0,0.32,4,0,normal
TXN003739,MUS0219,2024-12-19 08:40:00,Perşembe,8,0,ATM Nakit,Fiziksel Kart,495.13,157.34,214.7,Bursa,0,4.64,82,1,farkli_sehir
TXN001498,MUS0690,2024-05-13 03:42:00,Pazartesi,3,1,Sağlık,Fiziksel Kart,823.77,599.34,37.4,Mersin,0,0.24,8,0,normal
TXN004197,MUS0768,2024-08-23 02:36:00,Cuma,2,1,Uluslararası,Temassız,374.92,488.79,-23.3,İzmir,0,0.12,6,0,normal
TXN001150,MUS0004,2024-04-21 08:30:00,Pazar,8,0,Eğlence,Fiziksel Kart,464.11,787.04,-41.0,Ankara,0,0.86,10,0,normal
TXN000092,MUS0765,2024-02-06 07:40:00,Salı,7,0,ATM Nakit,Temassız,747.64,612.34,22.1,New York,1,1.42,20,0,normal
TXN002419,MUS0569,2024-03-30 13:40:00,Cumartesi,13,0,Elektronik,Fiziksel Kart,180.85,159.84,13.1,İzmir,0,1.14,6,0,normal
TXN003153,MUS0353,2024-09-07 00:22:00,Cumartesi,0,1,Ulaşım,ATM,195.15,304.24,-35.9,Gaziantep,0,0.22,4,0,normal
TXN000705,MUS0006,2024-02-10 21:42:00,Cumartesi,21,0,Giyim,Fiziksel Kart,87.4,99.17,-11.9,Bursa,0,0.59,10,0,normal
TXN000363,MUS0506,2024-11-14 06:04:00,Perşembe,6,0,Uluslararası,Temassız,936.01,763.08,22.7,Adana,0,0.33,5,0,normal
TXN002405,MUS0048,2024-05-05 20:52:00,Pazar,20,0,ATM Nakit,Online,422.88,484.46,-12.7,Eskişehir,0,1.25,14,0,normal
TXN004354,MUS0190,2024-12-09 21:00:00,Pazartesi,21,0,Sağlık,Online,1274.45,716.37,77.9,Kayseri,0,0.14,0,0,normal
TXN000880,MUS0306,2024-06-21 09:28:00,Cuma,9,0,Yakıt,Online,71.98,87.11,-17.4,Konya,0,0.07,0,0,normal
TXN003563,MUS0400,2024-05-20 04:58:00,Pazartesi,4,1,Ulaşım,Fiziksel Kart,67.8,490.74,-86.2,Samsun,0,0.01,2,0,normal
TXN003388,MUS0049,2024-04-08 19:48:00,Pazartesi,19,0,Ulaşım,Fiziksel Kart,96.76,530.09,-81.7,Eskişehir,0,0.85,13,0,normal
TXN001866,MUS0119,2024-06-28 22:48:00,Cuma,22,0,Yakıt,Telefon,135.61,193.65,-30.0,Adana,0,2.1,22,0,normal
TXN003149,MUS0237,2024-10-22 15:15:00,Salı,15,0,Market,Temassız,455.09,500.17,-9.0,Kayseri,0,1.54,18,0,normal
TXN002695,MUS0177,2024-12-06 11:55:00,Cuma,11,0,Uluslararası,Online,705.97,680.45,3.8,Kayseri,0,0.5,13,0,normal
TXN001300,MUS0288,2024-07-01 09:45:00,Pazartesi,9,0,Uluslararası,Fiziksel Kart,593.43,533.4,11.3,Gaziantep,0,0.46,10,0,normal
TXN000333,MUS0161,2024-12-05 06:54:00,Perşembe,6,0,Döviz,Temassız,489.8,738.77,-33.7,Mersin,0,0.09,7,0,normal
TXN003248,MUS0754,2024-06-12 04:47:00,Çarşamba,4,1,Döviz,Temassız,1009.37,670.0,50.7,Kayseri,0,0.79,11,0,normal
TXN002949,MUS0750,2024-06-27 23:45:00,Perşembe,23,1,Eğlence,Fiziksel Kart,150.28,603.67,-75.1,Eskişehir,0,0.8,11,0,normal
TXN001540,MUS0272,2024-07-05 14:37:00,Cuma,14,0,Ulaşım,Fiziksel Kart,768.22,701.55,9.5,İzmir,0,1.29,11,0,normal
TXN003949,MUS0138,2024-12-12 23:43:00,Perşembe,23,1,Market,Temassız,300.57,253.85,18.4,Antalya,0,1.23,9,0,normal
TXN001839,MUS0339,2024-05-15 14:22:00,Çarşamba,14,0,Giyim,Fiziksel Kart,115.65,137.42,-15.8,Antalya,0,0.04,4,0,normal
TXN003766,MUS0673,2024-01-02 12:10:00,Salı,12,0,Döviz,Fiziksel Kart,386.76,254.7,51.8,Antalya,0,1.83,25,0,normal
TXN003342,MUS0403,2024-06-11 23:28:00,Salı,23,1,ATM Nakit,Fiziksel Kart,603.51,706.28,-14.6,Adana,0,0.13,0,0,normal
TXN004745,MUS0764,2024-05-01 22:02:00,Çarşamba,22,0,ATM Nakit,ATM,380.15,383.08,-0.8,Kayseri,0,0.75,4,0,normal
TXN000049,MUS0611,2024-11-23 21:00:00,Cumartesi,21,0,Uluslararası,Fiziksel Kart,442.26,647.46,-31.7,İzmir,0,1.21,22,0,normal
TXN003021,MUS0089,2024-12-17 22:55:00,Salı,22,0,Elektronik,Online,453.89,415.85,9.1,Mersin,0,0.35,6,0,normal
TXN001852,MUS0506,2024-10-03 22:06:00,Perşembe,22,0,ATM Nakit,Temassız,333.99,763.08,-56.2,Adana,0,1.71,13,0,normal
TXN003185,MUS0173,2024-09-28 01:39:00,Cumartesi,1,1,Eğlence,Fiziksel Kart,450.0,425.63,5.7,Eskişehir,0,0.37,12,0,normal
TXN000872,MUS0091,2024-01-24 15:12:00,Çarşamba,15,0,Online Alışveriş,Temassız,215.17,204.48,5.2,Ankara,0,0.06,0,0,normal
TXN000728,MUS0607,2024-09-02 01:52:00,Pazartesi,1,1,Elektronik,Telefon,107.25,228.24,-53.0,Adana,0,0.47,3,0,normal
TXN001239,MUS0419,2024-07-11 00:39:00,Perşembe,0,1,Döviz,Telefon,159.37,160.17,-0.5,Antalya,0,0.09,8,0,normal
TXN001848,MUS0564,2024-01-20 23:30:00,Cumartesi,23,1,Market,Online,5.01,235.77,-97.9,Konya,0,1.8,69,1,kart_test
TXN004340,MUS0283,2024-04-10 07:09:00,Çarşamba,7,0,Ulaşım,Fiziksel Kart,651.52,521.62,24.9,Bursa,0,0.98,11,0,normal
TXN003947,MUS0230,2024-01-29 03:21:00,Pazartesi,3,1,Online Alışveriş,ATM,384.16,283.23,35.6,Gaziantep,0,0.76,12,0,normal
TXN003754,MUS0795,2024-09-07 19:16:00,Cumartesi,19,0,Market,Fiziksel Kart,235.5,292.95,-19.6,Bursa,0,0.44,14,0,normal
TXN003377,MUS0575,2024-01-20 00:21:00,Cumartesi,0,1,Ulaşım,Online,345.63,332.77,3.9,Kayseri,0,1.2,14,0,normal
TXN002297,MUS0294,2024-07-02 18:31:00,Salı,18,0,Ulaşım,Temassız,141.97,276.81,-48.7,Adana,0,1.3,23,0,normal
TXN002879,MUS0578,2024-08-30 08:26:00,Cuma,8,0,Online Alışveriş,Online,18.68,761.55,-97.5,Ankara,0,5.64,90,1,kart_test
TXN004874,MUS0085,2024-05-29 13:25:00,Çarşamba,13,0,ATM Nakit,Fiziksel Kart,418.86,393.49,6.4,Eskişehir,0,0.24,0,0,normal
TXN000340,MUS0765,2024-11-02 22:02:00,Cumartesi,22,0,Ulaşım,Fiziksel Kart,310.5,612.34,-49.3,Adana,0,0.67,15,0,normal
TXN000924,MUS0621,2024-03-05 05:43:00,Salı,5,1,Sağlık,Telefon,986.85,706.02,39.8,Bursa,0,0.81,12,0,normal
TXN001196,MUS0620,2024-01-08 15:26:00,Pazartesi,15,0,Eğlence,Online,1088.71,786.13,38.5,Mersin,0,0.02,0,0,normal
TXN001622,MUS0280,2024-05-13 21:02:00,Pazartesi,21,0,Sağlık,Fiziksel Kart,104.05,121.2,-14.2,Samsun,0,0.35,1,0,normal
TXN000685,MUS0040,2024-03-13 18:49:00,Çarşamba,18,0,Yakıt,Online,234.4,265.34,-11.7,Berlin,1,1.14,6,0,normal
TXN000361,MUS0420,2024-09-27 12:37:00,Cuma,12,0,Eğlence,Telefon,143.96,462.48,-68.9,Antalya,0,0.89,18,0,normal
TXN003411,MUS0767,2024-04-14 02:34:00,Pazar,2,1,Uluslararası,Fiziksel Kart,379.73,457.0,-16.9,Kayseri,0,1.14,17,0,normal
TXN002671,MUS0484,2024-08-27 10:06:00,Salı,10,0,Ulaşım,Telefon,334.65,565.24,-40.8,Samsun,0,1.58,18,0,normal
TXN002624,MUS0587,2024-01-28 23:06:00,Pazar,23,1,Eğlence,Fiziksel Kart,969.24,617.7,56.9,Konya,0,0.64,9,0,normal
TXN002011,MUS0706,2024-11-09 13:02:00,Cumartesi,13,0,Yakıt,Temassız,952.65,643.18,48.1,Antalya,0,1.45,10,0,normal
TXN000910,MUS0589,2024-09-04 08:53:00,Çarşamba,8,0,Sağlık,ATM,250.95,194.3,29.2,Konya,0,0.38,0,0,normal
TXN002996,MUS0727,2024-01-27 00:28:00,Cumartesi,0,1,ATM Nakit,Online,342.06,295.6,15.7,Konya,0,0.01,0,0,normal
TXN002549,MUS0039,2024-02-20 06:06:00,Salı,6,0,Elektronik,Online,1078.05,773.66,39.3,Mersin,0,0.15,1,0,normal
TXN004708,MUS0577,2024-07-04 08:45:00,Perşembe,8,0,Eğlence,Temassız,281.18,181.02,55.3,Ankara,0,0.03,2,0,normal
TXN003278,MUS0033,2024-08-24 09:19:00,Cumartesi,9,0,Döviz,Online,743.86,566.26,31.4,İstanbul,0,1.39,18,0,normal
TXN002679,MUS0272,2024-06-08 04:38:00,Cumartesi,4,1,Giyim,Temassız,68.94,701.55,-90.2,Londra,1,0.49,0,0,normal
TXN004948,MUS0724,2024-08-09 03:54:00,Cuma,3,1,Ulaşım,Fiziksel Kart,384.56,512.29,-24.9,Samsun,0,1.49,19,0,normal
TXN000694,MUS0158,2024-09-28 03:50:00,Cumartesi,3,1,Online Alışveriş,Fiziksel Kart,130.15,255.9,-49.1,Konya,0,1.28,19,0,normal
TXN003862,MUS0754,2024-06-07 21:24:00,Cuma,21,0,Elektronik,Fiziksel Kart,709.55,670.0,5.9,Kayseri,0,0.99,17,0,normal
TXN004702,MUS0250,2024-07-15 21:23:00,Pazartesi,21,0,Döviz,Fiziksel Kart,610.75,611.1,-0.1,Amsterdam,1,0.1,4,0,normal
TXN004090,MUS0521,2024-02-03 17:22:00,Cumartesi,17,0,Giyim,Online,230.4,370.34,-37.8,Eskişehir,0,0.76,8,0,normal
TXN002411,MUS0638,2024-11-04 11:53:00,Pazartesi,11,0,Uluslararası,Fiziksel Kart,2193.75,445.24,392.7,New York,1,4.11,84,1,yurtdisi_anomali
TXN000647,MUS0016,2024-01-26 21:09:00,Cuma,21,0,Sağlık,Fiziksel Kart,121.62,327.87,-62.9,Kayseri,0,1.48,24,0,normal
TXN003755,MUS0278,2024-01-10 06:22:00,Çarşamba,6,0,Döviz,Fiziksel Kart,1099.26,567.32,93.8,Antalya,0,7.38,91,1,farkli_sehir
TXN000228,MUS0251,2024-03-30 08:47:00,Cumartesi,8,0,Market,Fiziksel Kart,236.17,244.71,-3.5,Kayseri,0,1.81,25,0,normal
TXN001433,MUS0386,2024-07-07 22:11:00,Pazar,22,0,Market,Online,240.28,568.59,-57.7,Adana,0,0.71,13,0,normal
TXN004823,MUS0591,2024-10-10 15:31:00,Perşembe,15,0,ATM Nakit,Online,835.48,687.49,21.5,Eskişehir,0,0.76,15,0,normal
TXN002534,MUS0795,2024-01-17 00:01:00,Çarşamba,0,1,Elektronik,Fiziksel Kart,250.85,292.95,-14.4,Bursa,0,1.77,17,0,normal
TXN004980,MUS0493,2024-09-23 18:03:00,Pazartesi,18,0,Eğlence,Fiziksel Kart,197.34,187.36,5.3,Bursa,0,0.03,0,0,normal
TXN003289,MUS0173,2024-10-16 00:30:00,Çarşamba,0,1,Uluslararası,Online,588.05,425.63,38.2,Eskişehir,0,0.8,9,0,normal
TXN001811,MUS0439,2024-07-29 23:14:00,Pazartesi,23,1,Market,Online,503.89,603.4,-16.5,Antalya,0,1.14,18,0,normal
TXN000909,MUS0775,2024-08-19 15:59:00,Pazartesi,15,0,Online Alışveriş,Temassız,465.23,399.2,16.5,İzmir,0,0.83,6,0,normal
TXN000362,MUS0220,2024-09-12 15:22:00,Perşembe,15,0,ATM Nakit,Fiziksel Kart,313.82,260.5,20.5,Ankara,0,0.34,1,0,normal
TXN003846,MUS0262,2024-10-16 01:58:00,Çarşamba,1,1,Ulaşım,Online,736.11,495.31,48.6,Konya,0,1.64,24,0,normal
TXN004782,MUS0337,2024-07-10 01:23:00,Çarşamba,1,1,Eğlence,Telefon,232.98,265.52,-12.3,Bursa,0,0.92,17,0,normal
TXN002986,MUS0723,2024-02-28 22:50:00,Çarşamba,22,0,ATM Nakit,Temassız,463.79,614.63,-24.5,Gaziantep,0,1.16,8,0,normal
TXN004099,MUS0485,2024-04-21 21:28:00,Pazar,21,0,Market,Fiziksel Kart,165.28,108.19,52.8,Mersin,0,1.75,27,0,normal
TXN002404,MUS0482,2024-09-03 19:51:00,Salı,19,0,Giyim,Online,194.78,233.28,-16.5,Kayseri,0,0.07,4,0,normal
TXN002394,MUS0710,2024-01-07 18:45:00,Pazar,18,0,Elektronik,Temassız,374.12,365.23,2.4,Gaziantep,0,0.41,9,0,normal
TXN001041,MUS0652,2024-12-13 23:00:00,Cuma,23,1,Döviz,Fiziksel Kart,311.35,255.88,21.7,Kayseri,0,0.85,3,0,normal
TXN003783,MUS0775,2024-03-16 21:51:00,Cumartesi,21,0,Döviz,Fiziksel Kart,135.62,399.2,-66.0,İzmir,0,1.29,19,0,normal
TXN004525,MUS0523,2024-10-31 18:00:00,Perşembe,18,0,Yakıt,Fiziksel Kart,512.51,560.18,-8.5,Konya,0,0.43,13,0,normal
TXN003209,MUS0691,2024-05-23 04:40:00,Perşembe,4,1,Elektronik,Fiziksel Kart,647.11,797.68,-18.9,Ankara,0,0.98,15,0,normal
TXN001383,MUS0030,2024-04-09 02:59:00,Salı,2,1,Eğlence,Online,194.53,188.41,3.2,Bursa,0,0.4,14,0,normal
TXN003922,MUS0356,2024-01-16 07:06:00,Salı,7,0,Döviz,Online,604.74,650.47,-7.0,Samsun,0,0.75,12,0,normal
TXN001952,MUS0173,2024-04-07 03:35:00,Pazar,3,1,Online Alışveriş,Temassız,448.14,425.63,5.3,Eskişehir,0,0.68,5,0,normal
TXN002283,MUS0312,2024-09-23 19:01:00,Pazartesi,19,0,Restoran,Fiziksel Kart,689.37,614.63,12.2,Ankara,0,0.84,4,0,normal
TXN002187,MUS0108,2024-03-05 02:53:00,Salı,2,1,Ulaşım,Fiziksel Kart,196.22,390.37,-49.7,Kayseri,0,0.89,14,0,normal
TXN003287,MUS0341,2024-09-11 03:06:00,Çarşamba,3,1,Online Alışveriş,Online,24.79,200.52,-87.6,Gaziantep,0,4.18,76,1,kart_test
TXN002662,MUS0738,2024-10-05 20:09:00,Cumartesi,20,0,Yakıt,Temassız,583.04,458.21,27.2,Gaziantep,0,0.87,17,0,normal
TXN000184,MUS0267,2024-03-03 06:00:00,Pazar,6,0,Market,Online,454.19,310.09,46.5,Eskişehir,0,0.24,0,0,normal
TXN000822,MUS0788,2024-01-27 04:48:00,Cumartesi,4,1,Giyim,ATM,92.54,140.14,-34.0,Kayseri,0,0.61,4,0,normal
TXN003855,MUS0498,2024-10-04 06:17:00,Cuma,6,0,Yakıt,Online,521.27,378.64,37.7,Konya,0,0.67,8,0,normal
TXN001191,MUS0584,2024-10-26 11:17:00,Cumartesi,11,0,Sağlık,Temassız,345.05,360.6,-4.3,Eskişehir,0,0.64,12,0,normal
TXN000479,MUS0161,2024-05-20 16:20:00,Pazartesi,16,0,Uluslararası,Fiziksel Kart,562.84,738.77,-23.8,Mersin,0,0.92,13,0,normal
TXN002482,MUS0665,2024-09-23 19:04:00,Pazartesi,19,0,Yakıt,Online,1102.0,773.06,42.6,Amsterdam,1,0.23,0,0,normal
TXN003998,MUS0185,2024-11-21 08:56:00,Perşembe,8,0,Döviz,Online,134.68,120.39,11.9,Mersin,0,1.48,23,0,normal
TXN002581,MUS0760,2024-03-18 17:47:00,Pazartesi,17,0,ATM Nakit,Online,503.66,401.62,25.4,Mersin,0,0.49,1,0,normal
TXN001973,MUS0308,2024-10-25 18:03:00,Cuma,18,0,Uluslararası,Temassız,550.27,719.93,-23.6,Berlin,1,0.34,1,0,normal
TXN000884,MUS0582,2024-10-28 01:51:00,Pazartesi,1,1,Ulaşım,Temassız,355.97,571.28,-37.7,Bursa,0,0.42,13,0,normal
TXN004045,MUS0448,2024-02-21 03:32:00,Çarşamba,3,1,Döviz,Temassız,147.86,442.99,-66.6,Antalya,0,0.18,0,0,normal
TXN001944,MUS0499,2024-03-12 07:45:00,Salı,7,0,Restoran,Online,697.69,563.96,23.7,Kayseri,0,0.85,3,0,normal
TXN002092,MUS0467,2024-10-07 01:01:00,Pazartesi,1,1,Uluslararası,Telefon,244.18,654.42,-62.7,Mersin,0,1.06,7,0,normal
TXN004780,MUS0522,2024-09-18 01:38:00,Çarşamba,1,1,Yakıt,ATM,339.11,734.17,-53.8,İstanbul,0,1.04,13,0,normal
TXN003518,MUS0671,2024-06-08 21:33:00,Cumartesi,21,0,Giyim,Fiziksel Kart,145.89,174.54,-16.4,Konya,0,0.22,2,0,normal
TXN001221,MUS0035,2024-06-13 08:19:00,Perşembe,8,0,ATM Nakit,Online,500.24,345.95,44.6,Konya,0,0.02,7,0,normal
TXN000413,MUS0253,2024-07-12 20:44:00,Cuma,20,0,Restoran,Fiziksel Kart,539.43,771.17,-30.1,Mersin,0,1.24,10,0,normal
TXN000074,MUS0506,2024-08-10 15:37:00,Cumartesi,15,0,Restoran,Online,1135.0,763.08,48.7,Adana,0,0.27,5,0,normal
TXN002374,MUS0244,2024-09-02 18:28:00,Pazartesi,18,0,ATM Nakit,Temassız,591.28,507.65,16.5,Eskişehir,0,1.12,13,0,normal
TXN002008,MUS0697,2024-02-15 16:48:00,Perşembe,16,0,Restoran,Temassız,374.91,589.03,-36.4,Kayseri,0,1.51,19,0,normal
TXN001298,MUS0591,2024-04-03 10:12:00,Çarşamba,10,0,Ulaşım,Fiziksel Kart,228.42,687.49,-66.8,Eskişehir,0,0.23,5,0,normal
TXN001380,MUS0018,2024-10-26 12:59:00,Cumartesi,12,0,Uluslararası,Fiziksel Kart,273.08,339.95,-19.7,Kayseri,0,0.48,11,0,normal
TXN002036,MUS0019,2024-02-11 11:51:00,Pazar,11,0,Giyim,Online,468.96,277.67,68.9,Eskişehir,0,0.02,8,0,normal
TXN003340,MUS0105,2024-06-10 20:53:00,Pazartesi,20,0,Yakıt,ATM,795.44,544.6,46.1,Gaziantep,0,1.6,16,0,normal
TXN000861,MUS0409,2024-07-09 04:09:00,Salı,4,1,Ulaşım,Online,90.0,135.29,-33.5,Eskişehir,0,0.24,5,0,normal
TXN001758,MUS0774,2024-06-02 18:48:00,Pazar,18,0,Market,Temassız,787.48,547.1,43.9,Gaziantep,0,0.19,11,0,normal
TXN003776,MUS0074,2024-01-14 10:22:00,Pazar,10,0,Eğlence,Fiziksel Kart,133.21,96.74,37.7,Adana,0,0.81,4,0,normal
TXN001893,MUS0027,2024-11-13 12:31:00,Çarşamba,12,0,Giyim,Temassız,220.1,182.45,20.6,Eskişehir,0,1.61,12,0,normal
TXN004279,MUS0183,2024-06-03 03:17:00,Pazartesi,3,1,Giyim,Online,297.97,623.82,-52.2,Antalya,0,1.52,17,0,normal
TXN001734,MUS0286,2024-06-11 04:10:00,Salı,4,1,Yakıt,Temassız,616.76,351.09,75.7,Ankara,0,1.89,21,0,normal
TXN000488,MUS0716,2024-01-09 20:00:00,Salı,20,0,ATM Nakit,Temassız,592.03,676.28,-12.5,Bursa,0,0.5,9,0,normal
TXN002415,MUS0329,2024-06-08 10:28:00,Cumartesi,10,0,ATM Nakit,Temassız,276.31,481.54,-42.6,İzmir,0,0.26,9,0,normal
TXN000984,MUS0529,2024-11-13 08:52:00,Çarşamba,8,0,Giyim,Fiziksel Kart,81.17,96.45,-15.8,Konya,0,2.03,25,0,normal
TXN001637,MUS0349,2024-12-03 16:25:00,Salı,16,0,ATM Nakit,Fiziksel Kart,127.21,112.11,13.5,Samsun,0,1.2,17,0,normal
TXN001173,MUS0734,2024-08-17 18:35:00,Cumartesi,18,0,Online Alışveriş,ATM,306.92,204.5,50.1,Eskişehir,0,0.33,9,0,normal
TXN000913,MUS0328,2024-05-31 11:23:00,Cuma,11,0,Giyim,Fiziksel Kart,664.27,562.24,18.1,İstanbul,0,2.37,18,0,normal
TXN003854,MUS0014,2024-05-08 15:04:00,Çarşamba,15,0,Ulaşım,Online,604.08,625.05,-3.4,Mersin,0,1.24,13,0,normal
TXN004697,MUS0162,2024-10-30 05:32:00,Çarşamba,5,1,Uluslararası,Online,518.42,344.14,50.6,Konya,0,0.53,13,0,normal
TXN001437,MUS0637,2024-07-14 02:59:00,Pazar,2,1,Giyim,Temassız,708.83,756.37,-6.3,Berlin,1,1.03,15,0,normal
TXN002568,MUS0787,2024-09-18 14:19:00,Çarşamba,14,0,Döviz,Fiziksel Kart,399.49,551.76,-27.6,Mersin,0,0.19,3,0,normal
TXN002567,MUS0245,2024-12-09 22:23:00,Pazartesi,22,0,Eğlence,Online,233.35,264.63,-11.8,Mersin,0,1.92,26,0,normal
TXN003257,MUS0632,2024-01-26 06:22:00,Cuma,6,0,Elektronik,ATM,87.97,133.92,-34.3,Gaziantep,0,0.76,15,0,normal
TXN003308,MUS0608,2024-12-28 07:21:00,Cumartesi,2,1,Online Alışveriş,Online,1402.69,176.95,692.7,Ankara,0,4.38,79,1,gece_islemi
TXN001149,MUS0116,2024-05-13 14:24:00,Pazartesi,14,0,Yakıt,Telefon,297.72,296.06,0.6,İzmir,0,0.04,7,0,normal
TXN001045,MUS0763,2024-02-25 00:29:00,Pazar,0,1,Sağlık,Temassız,140.82,604.91,-76.7,Kayseri,0,0.9,18,0,normal
TXN004248,MUS0097,2024-08-26 15:22:00,Pazartesi,15,0,Döviz,Temassız,915.12,593.94,54.1,Adana,0,0.27,1,0,normal
TXN004825,MUS0415,2024-01-26 21:11:00,Cuma,21,0,Sağlık,Fiziksel Kart,359.48,475.06,-24.3,Kayseri,0,1.04,8,0,normal
TXN004223,MUS0160,2024-10-21 00:04:00,Pazartesi,0,1,ATM Nakit,Fiziksel Kart,143.39,88.83,61.4,Samsun,0,0.53,1,0,normal
TXN002487,MUS0335,2024-09-22 11:59:00,Pazar,11,0,Giyim,ATM,366.49,489.35,-25.1,Kayseri,0,1.9,23,0,normal
TXN000069,MUS0773,2024-06-27 06:06:00,Perşembe,6,0,Yakıt,Online,659.15,425.78,54.8,Eskişehir,0,1.24,8,0,normal
TXN001775,MUS0027,2024-05-09 04:54:00,Perşembe,4,1,Eğlence,ATM,266.02,182.45,45.8,İzmir,0,0.84,8,0,normal
TXN000569,MUS0045,2024-11-28 11:10:00,Perşembe,11,0,Döviz,Online,311.45,294.03,5.9,Eskişehir,0,0.03,5,0,normal
TXN001688,MUS0339,2024-11-10 00:31:00,Pazar,0,1,Market,Fiziksel Kart,75.37,137.42,-45.2,Antalya,0,1.19,8,0,normal
TXN002795,MUS0026,2024-07-12 10:35:00,Cuma,10,0,Elektronik,ATM,219.05,266.09,-17.7,İstanbul,0,0.12,7,0,normal
TXN000181,MUS0632,2024-09-13 01:55:00,Cuma,1,1,Giyim,Temassız,225.54,133.92,68.4,Gaziantep,0,0.57,6,0,normal
TXN004416,MUS0347,2024-11-03 07:45:00,Pazar,7,0,Sağlık,Fiziksel Kart,324.97,350.9,-7.4,Eskişehir,0,0.27,10,0,normal
TXN000173,MUS0179,2024-06-15 11:19:00,Cumartesi,11,0,Restoran,Fiziksel Kart,513.04,427.45,20.0,İstanbul,0,1.49,21,0,normal
TXN003975,MUS0515,2024-04-05 13:30:00,Cuma,13,0,Elektronik,Online,547.3,683.68,-19.9,Bursa,0,0.53,5,0,normal
TXN002736,MUS0398,2024-11-08 07:54:00,Cuma,7,0,Yakıt,Fiziksel Kart,651.1,725.19,-10.2,Konya,0,0.53,0,0,normal
TXN001856,MUS0406,2024-05-30 11:28:00,Perşembe,11,0,Yakıt,Fiziksel Kart,413.97,755.25,-45.2,Eskişehir,0,2.07,16,0,normal
TXN003869,MUS0737,2024-10-27 07:19:00,Pazar,7,0,Uluslararası,Temassız,151.67,515.52,-70.6,Eskişehir,0,0.2,12,0,normal
TXN004335,MUS0652,2024-05-15 11:34:00,Çarşamba,11,0,ATM Nakit,Temassız,236.32,255.88,-7.6,İzmir,0,0.02,3,0,normal
TXN000665,MUS0439,2024-05-10 18:28:00,Cuma,18,0,Sağlık,Temassız,708.0,603.4,17.3,Antalya,0,0.09,7,0,normal
TXN001154,MUS0369,2024-01-30 23:23:00,Salı,23,1,Elektronik,Telefon,766.41,676.2,13.3,Konya,0,0.91,11,0,normal
TXN001859,MUS0684,2024-03-05 18:29:00,Salı,18,0,Market,Online,322.07,291.78,10.4,Adana,0,1.77,24,0,normal
TXN003569,MUS0492,2024-10-12 01:14:00,Cumartesi,1,1,Restoran,ATM,109.85,258.21,-57.5,İstanbul,0,1.3,15,0,normal
TXN004218,MUS0025,2024-10-29 02:21:00,Salı,2,1,Elektronik,Online,377.71,399.29,-5.4,Mersin,0,0.57,2,0,normal
TXN002184,MUS0522,2024-07-24 13:19:00,Çarşamba,13,0,Restoran,Online,838.96,734.17,14.3,İstanbul,0,0.11,10,0,normal
TXN002490,MUS0149,2024-11-24 15:39:00,Pazar,15,0,Döviz,Online,399.87,659.44,-39.4,İstanbul,0,0.57,0,0,normal
TXN000303,MUS0193,2024-07-09 05:24:00,Salı,5,1,Sağlık,Online,492.32,422.78,16.4,Konya,0,0.13,8,0,normal
TXN000409,MUS0705,2024-03-14 22:41:00,Perşembe,22,0,Restoran,Fiziksel Kart,199.21,318.39,-37.4,Konya,0,0.67,14,0,normal
TXN001107,MUS0355,2024-04-28 19:54:00,Pazar,19,0,Restoran,ATM,1075.58,614.64,75.0,Mersin,0,0.66,7,0,normal
TXN000418,MUS0101,2024-02-04 14:58:00,Pazar,14,0,Döviz,Online,474.14,664.75,-28.7,İzmir,0,0.41,0,0,normal
TXN003154,MUS0535,2024-11-22 14:56:00,Cuma,14,0,Giyim,Telefon,851.61,696.24,22.3,Gaziantep,0,1.34,10,0,normal
TXN003026,MUS0748,2024-08-27 09:40:00,Salı,9,0,Sağlık,Fiziksel Kart,638.19,791.81,-19.4,Ankara,0,1.63,22,0,normal
TXN002190,MUS0786,2024-02-18 01:40:00,Pazar,1,1,Sağlık,Fiziksel Kart,288.28,268.39,7.4,Bursa,0,0.29,12,0,normal
TXN002983,MUS0324,2024-07-17 21:32:00,Çarşamba,4,1,Döviz,Online,5329.48,621.61,757.4,Samsun,0,6.94,98,1,gece_islemi
TXN000516,MUS0703,2024-08-02 19:02:00,Cuma,19,0,Yakıt,Online,790.29,491.21,60.9,Eskişehir,0,0.79,9,0,normal
TXN000202,MUS0159,2024-01-16 04:15:00,Salı,4,1,Online Alışveriş,ATM,364.86,345.26,5.7,İstanbul,0,0.78,2,0,normal
TXN000969,MUS0377,2024-11-22 23:23:00,Cuma,23,1,Ulaşım,Online,349.46,370.17,-5.6,Konya,0,1.1,13,0,normal
TXN002215,MUS0233,2024-06-23 18:34:00,Pazar,18,0,Uluslararası,Temassız,410.05,767.72,-46.6,İzmir,0,1.85,17,0,normal
TXN000775,MUS0689,2024-12-05 20:03:00,Perşembe,20,0,Market,Fiziksel Kart,382.53,469.79,-18.6,Mersin,0,0.49,11,0,normal
TXN001276,MUS0384,2024-08-04 07:15:00,Pazar,7,0,Online Alışveriş,Fiziksel Kart,337.0,750.56,-55.1,Bursa,0,0.07,0,0,normal
TXN000038,MUS0723,2024-08-04 03:05:00,Pazar,3,1,ATM Nakit,ATM,1044.87,614.63,70.0,Gaziantep,0,0.81,14,0,normal
TXN004877,MUS0454,2024-11-08 04:34:00,Cuma,4,1,Restoran,ATM,928.05,663.91,39.8,Eskişehir,0,1.69,14,0,normal
TXN001213,MUS0350,2024-08-05 05:33:00,Pazartesi,5,1,Sağlık,Fiziksel Kart,441.67,611.5,-27.8,Bursa,0,0.19,0,0,normal
TXN003993,MUS0238,2024-03-02 15:46:00,Cumartesi,15,0,Giyim,Temassız,955.39,749.47,27.5,Mersin,0,0.24,0,0,normal
TXN001974,MUS0710,2024-12-16 13:20:00,Pazartesi,13,0,Döviz,Temassız,583.63,365.23,59.8,Adana,0,1.68,11,0,normal
TXN004174,MUS0451,2024-04-02 17:16:00,Salı,17,0,Online Alışveriş,Fiziksel Kart,916.56,616.67,48.6,Samsun,0,1.71,23,0,normal
TXN003048,MUS0433,2024-07-26 23:52:00,Cuma,23,1,Eğlence,Online,414.44,557.43,-25.7,Adana,0,0.62,10,0,normal
TXN003668,MUS0282,2024-11-15 03:05:00,Cuma,3,1,Elektronik,Fiziksel Kart,240.98,583.93,-58.7,İstanbul,0,1.02,14,0,normal
TXN002406,MUS0016,2024-12-09 01:51:00,Pazartesi,1,1,ATM Nakit,Fiziksel Kart,841.68,327.87,156.7,Samsun,0,4.37,82,1,farkli_sehir
TXN000239,MUS0626,2024-12-26 18:19:00,Perşembe,18,0,Döviz,Fiziksel Kart,591.0,684.1,-13.6,Antalya,0,1.04,16,0,normal
TXN002322,MUS0047,2024-04-29 21:24:00,Pazartesi,21,0,Restoran,Online,660.17,500.97,31.8,Samsun,0,0.5,7,0,normal
TXN003805,MUS0141,2024-12-27 00:01:00,Cuma,0,1,Giyim,Fiziksel Kart,668.3,528.43,26.5,Gaziantep,0,0.84,16,0,normal
TXN002519,MUS0202,2024-01-08 22:03:00,Pazartesi,22,0,Restoran,Online,130.5,255.15,-48.9,Eskişehir,0,0.84,8,0,normal
TXN000759,MUS0664,2024-02-20 21:44:00,Salı,21,0,Giyim,Online,464.51,581.08,-20.1,Antalya,0,0.17,0,0,normal
TXN001643,MUS0484,2024-06-28 15:33:00,Cuma,15,0,Uluslararası,Online,604.8,565.24,7.0,Samsun,0,1.56,22,0,normal
TXN000306,MUS0173,2024-10-28 00:23:00,Pazartesi,0,1,Uluslararası,Telefon,421.09,425.63,-1.1,Eskişehir,0,0.29,2,0,normal
TXN002469,MUS0442,2024-09-01 07:55:00,Pazar,7,0,Eğlence,Online,199.25,101.1,97.1,Konya,0,0.9,15,0,normal
TXN000933,MUS0267,2024-07-03 19:19:00,Çarşamba,19,0,Döviz,Telefon,248.4,310.09,-19.9,Eskişehir,0,0.31,8,0,normal
TXN003643,MUS0413,2024-05-14 12:17:00,Salı,12,0,Market,Temassız,504.37,548.75,-8.1,Konya,0,0.07,1,0,normal
TXN000169,MUS0221,2024-10-31 14:18:00,Perşembe,14,0,Online Alışveriş,Fiziksel Kart,117.56,214.37,-45.2,Samsun,0,0.54,8,0,normal
TXN001129,MUS0136,2024-06-15 05:18:00,Cumartesi,5,1,Eğlence,Fiziksel Kart,671.81,497.54,35.0,Gaziantep,0,0.84,5,0,normal
TXN004784,MUS0513,2024-03-26 16:51:00,Salı,16,0,Ulaşım,Fiziksel Kart,715.35,796.09,-10.1,Eskişehir,0,1.61,25,0,normal
TXN003187,MUS0496,2024-12-26 14:41:00,Perşembe,14,0,Giyim,Online,393.92,387.8,1.6,Ankara,0,3.0,30,0,normal
TXN004934,MUS0488,2024-08-31 21:24:00,Cumartesi,21,0,Sağlık,Fiziksel Kart,180.67,143.16,26.2,Eskişehir,0,0.39,10,0,normal
TXN004822,MUS0329,2024-05-16 05:57:00,Perşembe,5,1,Uluslararası,Fiziksel Kart,465.93,481.54,-3.2,İzmir,0,0.3,2,0,normal
TXN002610,MUS0074,2024-05-29 06:12:00,Çarşamba,6,0,Sağlık,Temassız,93.87,96.74,-3.0,Adana,0,0.31,9,0,normal
TXN001273,MUS0052,2024-04-30 09:17:00,Salı,9,0,Uluslararası,Online,479.69,581.67,-17.5,Samsun,0,0.49,11,0,normal
TXN000598,MUS0794,2024-07-26 17:19:00,Cuma,17,0,Sağlık,Online,767.59,497.76,54.2,Adana,0,0.25,10,0,normal
TXN002085,MUS0489,2024-04-22 07:42:00,Pazartesi,7,0,Restoran,Online,608.23,778.87,-21.9,New York,1,0.6,8,0,normal
TXN003759,MUS0034,2024-11-05 15:37:00,Salı,15,0,Elektronik,Online,262.95,244.31,7.6,Adana,0,0.61,7,0,normal
TXN001497,MUS0241,2024-11-14 21:55:00,Perşembe,21,0,ATM Nakit,Fiziksel Kart,688.87,663.83,3.8,Adana,0,1.6,22,0,normal
TXN004820,MUS0077,2024-04-04 11:56:00,Perşembe,11,0,Elektronik,Temassız,657.26,627.95,4.7,Mersin,0,0.1,5,0,normal
TXN000335,MUS0694,2024-01-25 11:19:00,Perşembe,11,0,Sağlık,Temassız,426.68,655.25,-34.9,Mersin,0,0.73,5,0,normal
TXN003140,MUS0303,2024-12-05 13:14:00,Perşembe,13,0,Yakıt,Online,571.03,365.99,56.0,Adana,0,1.0,17,0,normal
TXN003148,MUS0643,2024-07-05 18:46:00,Cuma,18,0,Yakıt,Online,738.77,625.73,18.1,Kayseri,0,0.24,9,0,normal
TXN004180,MUS0404,2024-05-09 03:56:00,Perşembe,3,1,Restoran,Fiziksel Kart,681.05,765.8,-11.1,Konya,0,0.61,8,0,normal
TXN002994,MUS0519,2024-11-01 17:59:00,Cuma,17,0,ATM Nakit,Temassız,394.18,499.23,-21.0,Antalya,0,0.55,15,0,normal
TXN003591,MUS0537,2024-08-28 10:11:00,Çarşamba,10,0,Online Alışveriş,Online,613.29,664.98,-7.8,Bursa,0,1.45,23,0,normal
TXN002204,MUS0616,2024-01-19 19:26:00,Cuma,19,0,Restoran,Online,551.68,490.4,12.5,Adana,0,0.01,0,0,normal
TXN004339,MUS0759,2024-09-22 14:50:00,Pazar,14,0,ATM Nakit,Fiziksel Kart,183.98,701.41,-73.8,Konya,0,0.28,4,0,normal
TXN000964,MUS0792,2024-10-18 18:57:00,Cuma,18,0,Restoran,ATM,757.16,666.57,13.6,Gaziantep,0,0.5,14,0,normal
TXN002176,MUS0050,2024-06-28 02:47:00,Cuma,2,1,Sağlık,Fiziksel Kart,107.15,119.24,-10.1,İstanbul,0,0.37,2,0,normal
TXN002541,MUS0538,2024-06-13 02:15:00,Perşembe,2,1,Elektronik,Online,168.31,195.13,-13.7,Gaziantep,0,0.44,9,0,normal
TXN003899,MUS0655,2024-08-09 02:56:00,Cuma,2,1,Market,Online,7.04,511.81,-98.6,Bursa,0,3.73,82,1,kart_test
TXN001012,MUS0778,2024-08-30 05:23:00,Cuma,5,1,Döviz,Temassız,253.39,164.22,54.3,Londra,1,1.29,21,0,normal
TXN004832,MUS0184,2024-03-22 04:02:00,Cuma,4,1,Sağlık,Online,346.77,391.84,-11.5,Gaziantep,0,0.06,0,0,normal
TXN003178,MUS0690,2024-05-27 10:20:00,Pazartesi,10,0,Market,Temassız,687.41,599.34,14.7,Mersin,0,0.63,1,0,normal
TXN004498,MUS0357,2024-12-29 06:41:00,Pazar,6,0,Uluslararası,Online,364.34,381.21,-4.4,İzmir,0,1.34,17,0,normal
TXN004401,MUS0603,2024-05-04 18:01:00,Cumartesi,18,0,Yakıt,Fiziksel Kart,304.37,265.9,14.5,İzmir,0,1.34,15,0,normal
TXN000054,MUS0784,2024-10-10 03:08:00,Perşembe,3,1,Restoran,Temassız,104.19,382.17,-72.7,Mersin,0,1.02,20,0,normal
TXN003888,MUS0789,2024-12-03 18:43:00,Salı,18,0,Eğlence,Temassız,141.8,389.19,-63.6,Ankara,0,0.05,10,0,normal
TXN001278,MUS0064,2024-06-29 01:49:00,Cumartesi,1,1,Restoran,Fiziksel Kart,229.97,723.51,-68.2,Kayseri,0,1.05,17,0,normal
TXN001479,MUS0281,2024-01-16 15:06:00,Salı,15,0,Eğlence,Telefon,794.6,792.17,0.3,İstanbul,0,0.93,6,0,normal
TXN002846,MUS0214,2024-06-03 13:22:00,Pazartesi,13,0,Restoran,Fiziksel Kart,851.55,620.37,37.3,Mersin,0,0.71,6,0,normal
TXN002271,MUS0344,2024-12-22 06:35:00,Pazar,6,0,Online Alışveriş,Temassız,228.17,243.21,-6.2,Amsterdam,1,0.2,10,0,normal
TXN000283,MUS0442,2024-08-24 00:22:00,Cumartesi,0,1,Online Alışveriş,Fiziksel Kart,133.63,101.1,32.2,Konya,0,0.3,3,0,normal
TXN001660,MUS0453,2024-08-26 04:57:00,Pazartesi,4,1,ATM Nakit,Online,271.21,799.94,-66.1,Bursa,0,0.07,7,0,normal
TXN002240,MUS0718,2024-07-05 13:18:00,Cuma,13,0,Yakıt,Fiziksel Kart,523.68,710.44,-26.3,İzmir,0,0.24,0,0,normal
TXN002004,MUS0154,2024-01-24 19:55:00,Çarşamba,19,0,Restoran,ATM,271.7,182.54,48.8,Ankara,0,0.28,8,0,normal
TXN004558,MUS0664,2024-07-31 14:05:00,Çarşamba,14,0,ATM Nakit,Fiziksel Kart,605.76,581.08,4.2,Mersin,0,0.7,3,0,normal
TXN002139,MUS0238,2024-06-29 00:44:00,Cumartesi,0,1,Uluslararası,Temassız,826.17,749.47,10.2,Mersin,0,1.13,6,0,normal
TXN001144,MUS0628,2024-09-07 04:22:00,Cumartesi,4,1,ATM Nakit,Fiziksel Kart,873.35,656.98,32.9,İzmir,0,1.64,24,0,normal
TXN000223,MUS0673,2024-04-22 11:38:00,Pazartesi,11,0,Elektronik,Online,212.61,254.7,-16.5,Antalya,0,1.79,18,0,normal
TXN004684,MUS0794,2024-06-06 18:46:00,Perşembe,18,0,Restoran,Online,173.47,497.76,-65.1,Eskişehir,0,0.01,4,0,normal
TXN001961,MUS0787,2024-09-22 18:09:00,Pazar,18,0,Uluslararası,Temassız,410.29,551.76,-25.6,Mersin,0,0.28,0,0,normal
TXN004855,MUS0230,2024-09-26 05:06:00,Perşembe,5,1,Market,Online,166.73,283.23,-41.1,Gaziantep,0,0.64,3,0,normal
TXN004485,MUS0230,2024-01-06 09:42:00,Cumartesi,9,0,Döviz,ATM,244.42,283.23,-13.7,Gaziantep,0,0.46,0,0,normal
TXN002472,MUS0315,2024-02-14 18:45:00,Çarşamba,18,0,Restoran,Fiziksel Kart,262.85,197.14,33.3,Eskişehir,0,0.63,8,0,normal
TXN001132,MUS0395,2024-09-11 16:34:00,Çarşamba,16,0,ATM Nakit,Fiziksel Kart,477.76,480.86,-0.6,Eskişehir,0,0.67,5,0,normal
TXN000632,MUS0452,2024-04-28 07:08:00,Pazar,7,0,Online Alışveriş,Fiziksel Kart,428.81,542.01,-20.9,Kayseri,0,0.23,1,0,normal
TXN000983,MUS0030,2024-08-23 23:53:00,Cuma,23,1,Uluslararası,Temassız,59.86,188.41,-68.2,Mersin,0,1.93,23,0,normal
TXN002432,MUS0366,2024-07-27 09:19:00,Cumartesi,9,0,Restoran,Fiziksel Kart,66.21,153.39,-56.8,Eskişehir,0,0.73,15,0,normal
TXN001559,MUS0312,2024-03-15 10:23:00,Cuma,10,0,Market,Temassız,1011.66,614.63,64.6,Ankara,0,0.95,18,0,normal
TXN001597,MUS0505,2024-05-26 02:20:00,Pazar,2,1,Market,Fiziksel Kart,318.42,251.52,26.6,Adana,0,0.8,5,0,normal
TXN000955,MUS0677,2024-11-19 13:31:00,Salı,13,0,Market,ATM,1246.47,704.79,76.9,Konya,0,0.31,1,0,normal
TXN000205,MUS0080,2024-10-12 02:11:00,Cumartesi,2,1,Sağlık,Online,90.69,160.47,-43.5,Adana,0,0.34,8,0,normal
TXN001967,MUS0531,2024-07-20 20:36:00,Cumartesi,20,0,Döviz,Fiziksel Kart,350.09,398.37,-12.1,Ankara,0,0.04,0,0,normal
TXN004304,MUS0189,2024-05-02 20:43:00,Perşembe,20,0,Elektronik,Fiziksel Kart,313.7,372.31,-15.7,Adana,0,0.63,3,0,normal
TXN003799,MUS0047,2024-12-17 04:14:00,Salı,4,1,Giyim,Fiziksel Kart,510.83,500.97,2.0,Samsun,0,0.41,2,0,normal
TXN000428,MUS0303,2024-04-17 00:04:00,Çarşamba,0,1,Online Alışveriş,Fiziksel Kart,396.71,365.99,8.4,İstanbul,0,0.6,16,0,normal
TXN002874,MUS0207,2024-09-08 23:20:00,Pazar,23,1,Ulaşım,Fiziksel Kart,89.14,82.97,7.4,Bursa,0,0.03,9,0,normal
TXN003839,MUS0335,2024-01-27 08:57:00,Cumartesi,8,0,ATM Nakit,ATM,761.21,489.35,55.6,Kayseri,0,0.45,2,0,normal
TXN000722,MUS0268,2024-01-25 06:33:00,Perşembe,6,0,Sağlık,ATM,210.39,223.0,-5.7,Kayseri,0,0.07,0,0,normal
TXN000678,MUS0456,2024-05-23 01:50:00,Perşembe,1,1,Döviz,Fiziksel Kart,1884.16,165.88,1035.9,Paris,1,5.61,88,1,yurtdisi_anomali
TXN004082,MUS0045,2024-01-15 15:32:00,Pazartesi,15,0,Eğlence,Online,289.81,294.03,-1.4,Eskişehir,0,0.44,12,0,normal
TXN001022,MUS0302,2024-06-29 22:27:00,Cumartesi,22,0,Eğlence,Fiziksel Kart,487.05,481.75,1.1,Adana,0,0.04,0,0,normal
TXN004125,MUS0763,2024-12-13 16:24:00,Cuma,16,0,Giyim,Online,911.4,604.91,50.7,Kayseri,0,0.62,5,0,normal
TXN001783,MUS0311,2024-08-13 12:15:00,Salı,12,0,Eğlence,Telefon,750.53,797.77,-5.9,Mersin,0,0.35,12,0,normal
TXN004556,MUS0194,2024-11-10 06:14:00,Pazar,6,0,ATM Nakit,Temassız,307.03,185.12,65.9,İzmir,0,0.42,0,0,normal
TXN003202,MUS0629,2024-06-24 23:27:00,Pazartesi,23,1,Market,Online,15.99,293.25,-94.5,Antalya,0,4.99,84,1,kart_test
TXN004602,MUS0623,2024-10-06 12:48:00,Pazar,12,0,Giyim,Temassız,1055.25,625.6,68.7,İzmir,0,0.59,0,0,normal
TXN001229,MUS0304,2024-04-30 22:01:00,Salı,22,0,Sağlık,ATM,72.94,80.56,-9.5,Adana,0,0.44,0,0,normal
TXN003444,MUS0019,2024-10-07 02:05:00,Pazartesi,2,1,Ulaşım,ATM,510.53,277.67,83.9,Eskişehir,0,0.93,19,0,normal
TXN001738,MUS0199,2024-05-13 15:36:00,Pazartesi,15,0,Ulaşım,Temassız,104.6,464.63,-77.5,Gaziantep,0,1.13,6,0,normal
TXN004320,MUS0568,2024-06-11 18:21:00,Salı,18,0,Eğlence,Fiziksel Kart,588.05,462.57,27.1,İzmir,0,0.76,14,0,normal
TXN000293,MUS0798,2024-03-01 00:26:00,Cuma,0,1,Restoran,Fiziksel Kart,324.26,457.04,-29.1,Adana,0,0.4,12,0,normal
TXN000760,MUS0781,2024-03-18 13:00:00,Pazartesi,13,0,Ulaşım,Fiziksel Kart,835.04,684.21,22.0,Ankara,0,0.41,9,0,normal
TXN001199,MUS0093,2024-10-09 23:28:00,Çarşamba,23,1,Eğlence,Temassız,256.43,267.81,-4.2,Samsun,0,0.04,0,0,normal
TXN003285,MUS0784,2024-09-10 19:19:00,Salı,19,0,Online Alışveriş,Online,483.51,382.17,26.5,Mersin,0,0.35,7,0,normal
TXN001555,MUS0177,2024-06-07 19:03:00,Cuma,19,0,Ulaşım,Online,637.96,680.45,-6.2,Amsterdam,1,0.06,0,0,normal
TXN001198,MUS0694,2024-11-26 09:13:00,Salı,9,0,Uluslararası,Fiziksel Kart,800.68,655.25,22.2,Mersin,0,0.39,12,0,normal
TXN003773,MUS0234,2024-07-31 00:00:00,Çarşamba,0,1,Döviz,Fiziksel Kart,107.49,114.94,-6.5,İstanbul,0,0.27,8,0,normal
TXN004597,MUS0768,2024-11-30 13:17:00,Cumartesi,13,0,Restoran,Temassız,448.39,488.79,-8.3,İzmir,0,0.43,10,0,normal
TXN001211,MUS0335,2024-07-15 01:51:00,Pazartesi,1,1,Elektronik,Fiziksel Kart,482.29,489.35,-1.4,Kayseri,0,0.32,10,0,normal
TXN000833,MUS0358,2024-05-03 09:03:00,Cuma,9,0,ATM Nakit,Fiziksel Kart,261.81,389.52,-32.8,İstanbul,0,0.25,0,0,normal
TXN003119,MUS0308,2024-10-15 12:26:00,Salı,12,0,Elektronik,Online,1205.27,719.93,67.4,Konya,0,0.04,4,0,normal
TXN002511,MUS0462,2024-08-31 08:16:00,Cumartesi,8,0,Yakıt,Fiziksel Kart,455.74,514.51,-11.4,Eskişehir,0,1.0,12,0,normal
TXN004548,MUS0535,2024-10-30 01:07:00,Çarşamba,1,1,Yakıt,Telefon,787.33,696.24,13.1,Gaziantep,0,0.55,5,0,normal
TXN002383,MUS0267,2024-06-04 13:30:00,Salı,13,0,Uluslararası,Telefon,384.39,310.09,24.0,Eskişehir,0,0.41,5,0,normal
TXN001352,MUS0131,2024-07-10 12:17:00,Çarşamba,12,0,Market,Fiziksel Kart,1192.9,730.35,63.3,Konya,0,0.26,6,0,normal
TXN004918,MUS0631,2024-09-04 23:14:00,Çarşamba,23,1,Market,Telefon,625.0,791.56,-21.0,Adana,0,1.31,10,0,normal
TXN001527,MUS0434,2024-02-24 16:09:00,Cumartesi,16,0,Giyim,Temassız,98.66,111.37,-11.4,İzmir,0,1.05,18,0,normal
TXN002554,MUS0162,2024-01-07 02:34:00,Pazar,2,1,Market,Online,133.37,344.14,-61.2,Konya,0,0.06,4,0,normal
TXN001613,MUS0590,2024-05-12 03:04:00,Pazar,3,1,ATM Nakit,Fiziksel Kart,465.68,789.02,-41.0,Konya,0,0.3,4,0,normal
TXN000282,MUS0152,2024-03-16 11:20:00,Cumartesi,11,0,Restoran,Telefon,241.49,627.36,-61.5,Ankara,0,0.73,9,0,normal
TXN001950,MUS0537,2024-06-26 20:50:00,Çarşamba,20,0,Yakıt,Fiziksel Kart,564.98,664.98,-15.0,Bursa,0,0.61,13,0,normal
TXN004592,MUS0275,2024-07-26 12:00:00,Cuma,12,0,Restoran,Fiziksel Kart,876.81,523.25,67.6,Mersin,0,0.47,6,0,normal
TXN003374,MUS0790,2024-06-15 04:38:00,Cumartesi,4,1,Uluslararası,Fiziksel Kart,5476.18,780.55,601.6,Amsterdam,1,3.76,79,1,yurtdisi_anomali
TXN004974,MUS0045,2024-08-01 10:26:00,Perşembe,10,0,Restoran,Fiziksel Kart,243.22,294.03,-17.3,Eskişehir,0,1.22,20,0,normal
TXN003132,MUS0343,2024-07-24 14:59:00,Çarşamba,14,0,Giyim,Temassız,975.57,667.75,46.1,Konya,0,1.18,10,0,normal
TXN000898,MUS0252,2024-03-02 12:35:00,Cumartesi,12,0,Ulaşım,Fiziksel Kart,348.4,334.51,4.2,Samsun,0,1.51,18,0,normal
TXN002533,MUS0456,2024-01-14 19:31:00,Pazar,2,1,Online Alışveriş,ATM,1920.66,165.88,1057.9,Bursa,0,4.91,81,1,gece_islemi
TXN003913,MUS0490,2024-04-28 21:30:00,Pazar,21,0,Ulaşım,Online,828.51,701.07,18.2,Samsun,0,0.22,0,0,normal
TXN003734,MUS0607,2024-01-16 15:37:00,Salı,15,0,Ulaşım,Temassız,90.48,228.24,-60.4,Adana,0,1.2,21,0,normal
TXN000832,MUS0418,2024-08-08 08:00:00,Perşembe,8,0,Online Alışveriş,Temassız,313.22,392.3,-20.2,Adana,0,0.03,0,0,normal
TXN000109,MUS0579,2024-03-28 16:16:00,Perşembe,16,0,Ulaşım,Online,1187.45,782.63,51.7,Konya,0,0.24,7,0,normal
TXN000164,MUS0239,2024-09-27 05:31:00,Cuma,5,1,Döviz,Online,120.18,165.67,-27.5,Bursa,0,0.82,4,0,normal
TXN001131,MUS0001,2024-10-19 23:18:00,Cumartesi,23,1,ATM Nakit,Online,1315.61,761.76,72.7,Kayseri,0,0.26,1,0,normal
TXN003843,MUS0113,2024-05-05 01:44:00,Pazar,1,1,Restoran,ATM,297.55,257.37,15.6,Ankara,0,0.43,14,0,normal
TXN002789,MUS0328,2024-02-21 18:07:00,Çarşamba,18,0,ATM Nakit,Temassız,422.78,562.24,-24.8,İstanbul,0,1.11,12,0,normal
TXN002781,MUS0529,2024-03-03 07:21:00,Pazar,7,0,Market,Fiziksel Kart,62.33,96.45,-35.4,Konya,0,1.14,11,0,normal
TXN003477,MUS0034,2024-10-29 18:37:00,Salı,18,0,Eğlence,Temassız,227.09,244.31,-7.0,Roma,1,0.44,9,0,normal
TXN003832,MUS0005,2024-07-10 08:17:00,Çarşamba,8,0,Sağlık,Temassız,245.25,447.36,-45.2,Bursa,0,0.72,13,0,normal
TXN003798,MUS0586,2024-11-11 06:01:00,Pazartesi,6,0,Restoran,Fiziksel Kart,838.24,570.39,47.0,Antalya,0,0.49,4,0,normal
TXN002236,MUS0540,2024-05-29 01:28:00,Çarşamba,1,1,Market,Fiziksel Kart,39.76,165.05,-75.9,İzmir,0,0.75,11,0,normal
TXN000226,MUS0703,2024-11-25 03:54:00,Pazartesi,3,1,Online Alışveriş,Temassız,643.41,491.21,31.0,Londra,1,0.16,1,0,normal
TXN001111,MUS0577,2024-05-04 07:37:00,Cumartesi,7,0,Sağlık,Telefon,188.01,181.02,3.9,Ankara,0,0.07,0,0,normal
TXN002950,MUS0452,2024-11-17 04:43:00,Pazar,4,1,Yakıt,Online,985.07,542.01,81.7,Kayseri,0,1.11,7,0,normal
TXN004938,MUS0028,2024-06-24 16:19:00,Pazartesi,16,0,Elektronik,Fiziksel Kart,81.79,251.81,-67.5,Adana,0,0.28,0,0,normal
TXN002727,MUS0098,2024-07-27 04:35:00,Cumartesi,4,1,Uluslararası,Fiziksel Kart,818.42,533.71,53.3,Adana,0,0.65,2,0,normal
TXN001206,MUS0083,2024-02-06 13:38:00,Salı,13,0,Elektronik,Temassız,663.57,468.0,41.8,Antalya,0,1.47,22,0,normal
TXN002474,MUS0700,2024-12-30 18:56:00,Pazartesi,18,0,Online Alışveriş,Online,495.87,556.42,-10.9,Mersin,0,0.72,3,0,normal
TXN002315,MUS0455,2024-12-14 09:02:00,Cumartesi,9,0,Uluslararası,Online,257.28,219.82,17.0,Dubai,1,1.86,18,0,normal
TXN001270,MUS0400,2024-08-11 01:51:00,Pazar,1,1,Döviz,Fiziksel Kart,754.08,490.74,53.7,Samsun,0,0.43,0,0,normal
TXN001275,MUS0449,2024-04-18 09:12:00,Perşembe,9,0,ATM Nakit,Fiziksel Kart,669.98,431.62,55.2,Kayseri,0,0.38,9,0,normal
TXN000151,MUS0719,2024-02-19 00:18:00,Pazartesi,0,1,Restoran,Online,416.39,525.72,-20.8,Konya,0,0.49,3,0,normal
TXN000196,MUS0697,2024-12-20 22:43:00,Cuma,22,0,ATM Nakit,Online,807.93,589.03,37.2,Kayseri,0,0.01,4,0,normal
TXN001064,MUS0420,2024-08-10 23:39:00,Cumartesi,23,1,Yakıt,Fiziksel Kart,715.81,462.48,54.8,Antalya,0,1.1,21,0,normal
TXN004443,MUS0756,2024-01-22 20:10:00,Pazartesi,20,0,ATM Nakit,Fiziksel Kart,197.01,149.1,32.1,Eskişehir,0,1.25,7,0,normal
TXN004837,MUS0547,2024-02-24 22:04:00,Cumartesi,22,0,Giyim,Temassız,815.35,731.66,11.4,Ankara,0,0.66,4,0,normal
TXN000274,MUS0522,2024-10-27 14:53:00,Pazar,14,0,Ulaşım,Online,669.25,734.17,-8.8,İstanbul,0,0.92,15,0,normal
TXN001988,MUS0761,2024-08-02 17:19:00,Cuma,17,0,Giyim,Temassız,738.53,609.5,21.2,Kayseri,0,1.35,14,0,normal
TXN003653,MUS0279,2024-05-10 07:38:00,Cuma,7,0,Giyim,Fiziksel Kart,384.04,360.12,6.6,Ankara,0,0.83,11,0,normal
TXN002471,MUS0276,2024-04-30 16:41:00,Salı,16,0,Eğlence,Fiziksel Kart,474.08,452.08,4.9,Adana,0,1.83,20,0,normal
TXN003002,MUS0134,2024-10-25 04:41:00,Cuma,4,1,Döviz,Online,659.55,745.38,-11.5,Gaziantep,0,1.62,17,0,normal
TXN000286,MUS0630,2024-12-06 14:54:00,Cuma,14,0,Restoran,Temassız,149.73,102.51,46.1,Adana,0,1.37,9,0,normal
TXN004870,MUS0762,2024-10-16 07:13:00,Çarşamba,7,0,Elektronik,Fiziksel Kart,753.97,666.74,13.1,Konya,0,0.8,3,0,normal
TXN000243,MUS0214,2024-02-24 05:26:00,Cumartesi,5,1,Eğlence,ATM,639.89,620.37,3.1,Mersin,0,0.22,12,0,normal
TXN003161,MUS0117,2024-02-04 01:10:00,Pazar,1,1,Market,Fiziksel Kart,391.69,297.51,31.7,Eskişehir,0,1.91,19,0,normal
TXN001761,MUS0662,2024-09-23 16:59:00,Pazartesi,16,0,Ulaşım,Online,286.49,348.13,-17.7,Samsun,0,1.4,13,0,normal
TXN004596,MUS0157,2024-03-21 18:50:00,Perşembe,18,0,Sağlık,Fiziksel Kart,479.4,390.75,22.7,Samsun,0,1.15,10,0,normal
TXN002523,MUS0209,2024-10-13 17:46:00,Pazar,17,0,Elektronik,Fiziksel Kart,143.33,385.7,-62.8,Bursa,0,0.44,0,0,normal
TXN004871,MUS0098,2024-08-09 09:35:00,Cuma,9,0,Elektronik,Online,7692.31,533.71,1341.3,Roma,1,3.84,81,1,yurtdisi_anomali
TXN003450,MUS0571,2024-03-11 01:17:00,Pazartesi,1,1,Sağlık,Telefon,521.38,278.68,87.1,Konya,0,0.09,2,0,normal
TXN000669,MUS0268,2024-11-16 18:38:00,Cumartesi,18,0,Ulaşım,Fiziksel Kart,170.39,223.0,-23.6,Kayseri,0,0.68,12,0,normal
TXN002753,MUS0437,2024-07-31 13:53:00,Çarşamba,13,0,Ulaşım,Online,502.34,605.89,-17.1,Ankara,0,1.29,21,0,normal
TXN003486,MUS0546,2024-03-08 16:04:00,Cuma,16,0,Uluslararası,Fiziksel Kart,131.62,150.13,-12.3,Samsun,0,2.03,28,0,normal
TXN004587,MUS0454,2024-06-15 02:50:00,Cumartesi,2,1,Döviz,Fiziksel Kart,633.43,663.91,-4.6,Eskişehir,0,0.97,10,0,normal
TXN000907,MUS0036,2024-09-02 20:42:00,Pazartesi,20,0,Elektronik,Temassız,8.82,267.11,-96.7,Ankara,0,0.1,1,0,normal
TXN002729,MUS0402,2024-06-21 08:29:00,Cuma,8,0,Ulaşım,Telefon,274.14,736.47,-62.8,Mersin,0,1.31,21,0,normal
TXN000359,MUS0687,2024-02-01 16:21:00,Perşembe,16,0,Market,Fiziksel Kart,409.54,358.54,14.2,Konya,0,0.45,4,0,normal
TXN001664,MUS0393,2024-02-23 11:35:00,Cuma,11,0,Uluslararası,Temassız,698.96,473.08,47.7,Mersin,0,0.81,13,0,normal
TXN002034,MUS0763,2024-12-21 12:03:00,Cumartesi,12,0,Market,Online,658.88,604.91,8.9,Kayseri,0,0.31,2,0,normal
TXN002503,MUS0328,2024-01-28 07:04:00,Pazar,7,0,Ulaşım,Temassız,602.87,562.24,7.2,Moskova,1,0.28,6,0,normal
TXN000888,MUS0340,2024-01-15 05:08:00,Pazartesi,5,1,Restoran,Online,588.73,414.2,42.1,İstanbul,0,0.29,0,0,normal
TXN003815,MUS0048,2024-06-01 18:37:00,Cumartesi,18,0,Döviz,Fiziksel Kart,3119.52,484.46,543.9,Amsterdam,1,5.94,89,1,yurtdisi_anomali
TXN001646,MUS0577,2024-03-06 10:28:00,Çarşamba,10,0,Uluslararası,Telefon,127.59,181.02,-29.5,Ankara,0,1.24,7,0,normal
TXN002737,MUS0262,2024-04-15 21:54:00,Pazartesi,21,0,Döviz,Online,356.4,495.31,-28.0,Konya,0,1.18,8,0,normal
TXN000994,MUS0262,2024-05-06 00:59:00,Pazartesi,0,1,Elektronik,Temassız,706.04,495.31,42.5,Konya,0,1.57,21,0,normal
TXN001692,MUS0524,2024-10-11 17:28:00,Cuma,17,0,Sağlık,ATM,637.53,746.07,-14.5,Antalya,0,1.08,15,0,normal
TXN002192,MUS0167,2024-08-06 22:59:00,Salı,22,0,Restoran,Online,236.81,200.91,17.9,Samsun,0,1.51,11,0,normal
TXN000262,MUS0722,2024-06-09 02:46:00,Pazar,2,1,Elektronik,Online,109.95,664.8,-83.5,Eskişehir,0,0.68,14,0,normal
TXN001010,MUS0579,2024-05-19 17:58:00,Pazar,17,0,Market,Fiziksel Kart,1018.74,782.63,30.2,Moskova,1,0.36,10,0,normal
TXN003581,MUS0119,2024-03-19 13:58:00,Salı,13,0,Restoran,Online,189.46,193.65,-2.2,Adana,0,1.51,13,0,normal
TXN002050,MUS0531,2024-07-27 23:53:00,Cumartesi,23,1,Elektronik,Temassız,200.93,398.37,-49.6,Ankara,0,0.81,4,0,normal
TXN002109,MUS0237,2024-06-30 06:47:00,Pazar,6,0,Elektronik,ATM,1090.13,500.17,118.0,Gaziantep,0,0.54,9,0,normal
TXN001869,MUS0515,2024-09-14 20:22:00,Cumartesi,20,0,Ulaşım,Fiziksel Kart,687.15,683.68,0.5,Bursa,0,1.07,9,0,normal
TXN000353,MUS0514,2024-08-29 05:12:00,Perşembe,5,1,Döviz,Online,656.43,705.35,-6.9,İzmir,0,0.53,3,0,normal
TXN000902,MUS0142,2024-05-21 09:40:00,Salı,9,0,Uluslararası,Fiziksel Kart,3090.42,211.47,1361.4,Tokyo,1,5.18,81,1,yurtdisi_anomali
TXN003790,MUS0444,2024-09-28 16:12:00,Cumartesi,16,0,Giyim,Fiziksel Kart,374.06,716.06,-47.8,Konya,0,0.56,13,0,normal
TXN002211,MUS0648,2024-10-31 06:23:00,Perşembe,6,0,Uluslararası,Online,157.14,129.1,21.7,İzmir,0,0.92,10,0,normal
TXN000769,MUS0296,2024-10-02 16:24:00,Çarşamba,16,0,Sağlık,Fiziksel Kart,166.72,139.45,19.6,Antalya,0,0.15,6,0,normal
TXN001367,MUS0086,2024-11-03 13:12:00,Pazar,13,0,Sağlık,Fiziksel Kart,453.75,560.34,-19.0,Ankara,0,0.56,8,0,normal
TXN001925,MUS0767,2024-05-07 02:22:00,Salı,2,1,ATM Nakit,ATM,366.21,457.0,-19.9,Kayseri,0,2.1,19,0,normal
TXN002865,MUS0382,2024-12-07 06:45:00,Cumartesi,6,0,ATM Nakit,ATM,481.7,498.38,-3.3,Mersin,0,1.95,14,0,normal
TXN004937,MUS0032,2024-07-27 00:21:00,Cumartesi,0,1,Online Alışveriş,Online,233.0,253.2,-8.0,Gaziantep,0,0.45,4,0,normal
TXN003105,MUS0616,2024-12-06 01:09:00,Cuma,1,1,Online Alışveriş,Telefon,455.05,490.4,-7.2,Amsterdam,1,0.28,0,0,normal
TXN004694,MUS0648,2024-11-07 05:54:00,Perşembe,5,1,Sağlık,Telefon,59.76,129.1,-53.7,İzmir,0,0.05,0,0,normal
TXN003062,MUS0548,2024-01-25 02:07:00,Perşembe,2,1,ATM Nakit,Fiziksel Kart,143.65,98.96,45.2,Londra,1,1.35,8,0,normal
TXN002496,MUS0061,2024-04-20 05:58:00,Cumartesi,5,1,Uluslararası,Fiziksel Kart,339.25,293.99,15.4,Antalya,0,1.17,19,0,normal
TXN003627,MUS0314,2024-08-24 03:43:00,Cumartesi,3,1,Ulaşım,Online,407.12,521.97,-22.0,Konya,0,0.98,11,0,normal
TXN001543,MUS0694,2024-11-16 06:35:00,Cumartesi,6,0,Sağlık,Temassız,546.81,655.25,-16.5,Mersin,0,0.71,10,0,normal
TXN002622,MUS0455,2024-06-29 18:59:00,Cumartesi,18,0,Yakıt,Temassız,264.86,219.82,20.5,İstanbul,0,0.76,16,0,normal
TXN000160,MUS0654,2024-01-16 08:10:00,Salı,8,0,Giyim,Telefon,965.58,741.62,30.2,Ankara,0,1.53,17,0,normal
TXN003414,MUS0123,2024-09-26 04:52:00,Perşembe,4,1,ATM Nakit,Fiziksel Kart,559.5,407.08,37.4,Adana,0,1.84,18,0,normal
TXN002484,MUS0602,2024-02-20 10:40:00,Salı,10,0,Elektronik,Temassız,402.02,428.12,-6.1,Gaziantep,0,0.36,12,0,normal
TXN002588,MUS0168,2024-05-25 04:07:00,Cumartesi,4,1,Giyim,Temassız,84.8,92.37,-8.2,Konya,0,0.42,7,0,normal
TXN002821,MUS0011,2024-07-21 21:14:00,Pazar,21,0,Elektronik,Online,795.42,665.11,19.6,Mersin,0,1.28,9,0,normal
TXN002873,MUS0734,2024-11-04 15:58:00,Pazartesi,15,0,Elektronik,Online,200.23,204.5,-2.1,Eskişehir,0,1.02,17,0,normal
TXN002564,MUS0264,2024-07-22 05:38:00,Pazartesi,5,1,Market,Telefon,425.29,543.61,-21.8,İstanbul,0,0.7,16,0,normal
TXN003077,MUS0022,2024-01-26 00:10:00,Cuma,0,1,Uluslararası,Fiziksel Kart,570.99,740.38,-22.9,Adana,0,0.02,9,0,normal
TXN001569,MUS0741,2024-10-27 23:12:00,Pazar,23,1,Restoran,Online,183.61,160.9,14.1,Eskişehir,0,0.9,17,0,normal
TXN000882,MUS0422,2024-12-06 15:20:00,Cuma,15,0,ATM Nakit,Online,5,429.73,-98.8,Adana,0,0.62,12,0,normal
TXN000323,MUS0041,2024-06-18 19:03:00,Salı,19,0,Döviz,Fiziksel Kart,611.47,549.04,11.4,Samsun,0,0.8,9,0,normal
TXN001224,MUS0674,2024-03-13 03:21:00,Çarşamba,3,1,Giyim,Online,230.52,253.37,-9.0,Kayseri,0,0.56,12,0,normal
TXN002657,MUS0038,2024-09-02 14:56:00,Pazartesi,14,0,Döviz,Fiziksel Kart,491.38,380.46,29.2,Adana,0,0.59,5,0,normal
TXN003060,MUS0282,2024-04-23 23:54:00,Salı,23,1,Eğlence,Online,943.79,583.93,61.6,İstanbul,0,0.8,18,0,normal
TXN001600,MUS0156,2024-06-03 09:31:00,Pazartesi,9,0,Eğlence,Online,126.83,158.07,-19.8,Bursa,0,0.63,15,0,normal
TXN000368,MUS0068,2024-01-14 23:15:00,Pazar,23,1,Market,Fiziksel Kart,211.5,250.55,-15.6,Ankara,0,0.27,11,0,normal
TXN000290,MUS0157,2024-03-01 17:18:00,Cuma,17,0,Giyim,Online,331.37,390.75,-15.2,İstanbul,0,0.3,0,0,normal
TXN004865,MUS0133,2024-10-02 16:36:00,Çarşamba,16,0,Online Alışveriş,Temassız,240.68,259.77,-7.3,Gaziantep,0,1.93,20,0,normal
TXN000047,MUS0526,2024-01-26 06:24:00,Cuma,6,0,Online Alışveriş,Temassız,787.79,723.08,8.9,Bursa,0,1.22,19,0,normal
TXN001253,MUS0085,2024-03-13 18:49:00,Çarşamba,18,0,Uluslararası,Temassız,556.46,393.49,41.4,Eskişehir,0,0.05,0,0,normal
TXN001256,MUS0633,2024-04-26 14:33:00,Cuma,14,0,Restoran,Temassız,157.11,95.56,64.4,Samsun,0,1.35,21,0,normal
TXN003384,MUS0301,2024-08-08 21:48:00,Perşembe,21,0,Ulaşım,Fiziksel Kart,468.48,372.69,25.7,İstanbul,0,0.01,5,0,normal
TXN003730,MUS0331,2024-02-25 06:21:00,Pazar,6,0,Elektronik,Fiziksel Kart,325.99,578.69,-43.7,Roma,1,1.11,9,0,normal
TXN004700,MUS0252,2024-11-02 09:22:00,Cumartesi,9,0,Uluslararası,Online,269.58,334.51,-19.4,Samsun,0,0.18,0,0,normal
TXN001466,MUS0788,2024-12-14 09:54:00,Cumartesi,9,0,Elektronik,Online,70.27,140.14,-49.9,Kayseri,0,1.34,16,0,normal
TXN003113,MUS0576,2024-02-18 17:01:00,Pazar,17,0,Ulaşım,Temassız,525.11,448.68,17.0,Ankara,0,0.9,19,0,normal
TXN001439,MUS0524,2024-03-06 23:19:00,Çarşamba,23,1,ATM Nakit,Fiziksel Kart,562.71,746.07,-24.6,Antalya,0,0.11,8,0,normal
TXN001678,MUS0433,2024-08-02 10:23:00,Cuma,10,0,Eğlence,Online,665.08,557.43,19.3,Adana,0,0.77,13,0,normal
TXN004475,MUS0061,2024-04-04 20:56:00,Perşembe,20,0,Market,Online,431.06,293.99,46.6,Antalya,0,1.66,26,0,normal
TXN000231,MUS0559,2024-09-15 13:55:00,Pazar,13,0,Restoran,Temassız,392.63,511.75,-23.3,Gaziantep,0,0.69,14,0,normal
TXN003527,MUS0406,2024-07-12 02:56:00,Cuma,2,1,Döviz,Fiziksel Kart,432.71,755.25,-42.7,Eskişehir,0,1.11,12,0,normal
TXN003320,MUS0461,2024-10-24 14:09:00,Perşembe,14,0,Yakıt,Online,285.13,177.12,61.0,Antalya,0,0.16,9,0,normal
TXN003688,MUS0473,2024-07-08 05:15:00,Pazartesi,5,1,Döviz,Fiziksel Kart,642.2,616.59,4.2,Konya,0,0.22,11,0,normal
TXN003828,MUS0791,2024-03-22 02:20:00,Cuma,2,1,Giyim,Online,183.88,384.86,-52.2,Bursa,0,1.55,13,0,normal
TXN001786,MUS0394,2024-11-10 11:01:00,Pazar,11,0,Döviz,Online,885.84,593.96,49.1,Kayseri,0,1.17,7,0,normal
TXN002202,MUS0156,2024-03-28 16:21:00,Perşembe,16,0,Online Alışveriş,Fiziksel Kart,195.35,158.07,23.6,Bursa,0,1.19,12,0,normal
TXN001454,MUS0798,2024-10-26 08:56:00,Cumartesi,8,0,ATM Nakit,Fiziksel Kart,978.97,457.04,114.2,Eskişehir,0,7.95,100,1,farkli_sehir
TXN003440,MUS0721,2024-07-08 18:36:00,Pazartesi,18,0,Market,Fiziksel Kart,1191.1,621.68,91.6,Eskişehir,0,6.52,90,1,farkli_sehir
TXN004730,MUS0550,2024-01-22 05:29:00,Pazartesi,5,1,Restoran,Temassız,367.79,295.12,24.6,İstanbul,0,0.57,10,0,normal
TXN004006,MUS0696,2024-10-23 19:02:00,Çarşamba,19,0,Uluslararası,Fiziksel Kart,362.98,324.79,11.8,Ankara,0,0.39,7,0,normal
TXN001257,MUS0482,2024-02-29 23:58:00,Perşembe,23,1,Eğlence,Temassız,70.54,233.28,-69.8,Kayseri,0,1.23,12,0,normal
TXN000573,MUS0398,2024-12-29 17:09:00,Pazar,17,0,Elektronik,Online,1008.23,725.19,39.0,Dubai,1,0.34,9,0,normal
TXN000901,MUS0187,2024-01-22 02:19:00,Pazartesi,2,1,Ulaşım,Fiziksel Kart,1133.34,707.68,60.1,Antalya,0,1.45,21,0,normal
TXN002353,MUS0526,2024-09-21 01:13:00,Cumartesi,1,1,Sağlık,Online,855.17,723.08,18.3,Bursa,0,1.39,17,0,normal
TXN001525,MUS0489,2024-02-19 12:23:00,Pazartesi,12,0,Döviz,ATM,855.77,778.87,9.9,Konya,0,0.55,7,0,normal
TXN001128,MUS0194,2024-06-26 06:54:00,Çarşamba,6,0,Elektronik,Online,4591.34,185.12,2380.2,New York,1,4.09,80,1,yurtdisi_anomali
TXN003476,MUS0621,2024-10-23 03:40:00,Çarşamba,3,1,Giyim,Fiziksel Kart,715.48,706.02,1.3,Bursa,0,1.38,15,0,normal
TXN003744,MUS0064,2024-12-18 02:42:00,Çarşamba,2,1,ATM Nakit,ATM,830.0,723.51,14.7,Kayseri,0,1.86,24,0,normal
TXN004908,MUS0276,2024-10-19 03:31:00,Cumartesi,3,1,Döviz,Fiziksel Kart,506.44,452.08,12.0,Eskişehir,0,0.86,13,0,normal
TXN004331,MUS0328,2024-09-12 14:00:00,Perşembe,14,0,ATM Nakit,Temassız,652.73,562.24,16.1,İstanbul,0,0.3,0,0,normal
TXN002764,MUS0285,2024-06-06 13:44:00,Perşembe,13,0,Döviz,Temassız,414.92,517.68,-19.9,Samsun,0,1.17,17,0,normal
TXN004693,MUS0717,2024-07-15 19:18:00,Pazartesi,19,0,Giyim,Online,441.57,520.91,-15.2,Bursa,0,0.06,0,0,normal
TXN002400,MUS0037,2024-03-04 19:41:00,Pazartesi,19,0,Giyim,ATM,674.21,524.23,28.6,Mersin,0,0.14,3,0,normal
TXN004811,MUS0344,2024-02-13 15:23:00,Salı,15,0,Online Alışveriş,Fiziksel Kart,373.28,243.21,53.5,Mersin,0,0.6,16,0,normal
TXN003590,MUS0332,2024-01-22 13:25:00,Pazartesi,13,0,Eğlence,Fiziksel Kart,316.85,791.81,-60.0,Adana,0,1.37,9,0,normal
TXN004191,MUS0242,2024-09-27 18:06:00,Cuma,18,0,Online Alışveriş,Temassız,155.51,120.25,29.3,İstanbul,0,0.66,7,0,normal
TXN001502,MUS0243,2024-07-18 11:12:00,Perşembe,11,0,ATM Nakit,Fiziksel Kart,41.63,93.38,-55.4,Samsun,0,0.19,2,0,normal
TXN002639,MUS0116,2024-04-28 13:57:00,Pazar,13,0,Market,Online,22.4,296.06,-92.4,İzmir,0,2.3,67,1,kart_test
TXN004141,MUS0783,2024-10-17 17:30:00,Perşembe,17,0,Eğlence,Fiziksel Kart,524.29,374.68,39.9,Adana,0,1.41,16,0,normal
TXN000790,MUS0458,2024-03-17 07:40:00,Pazar,7,0,ATM Nakit,Fiziksel Kart,278.32,312.9,-11.1,Mersin,0,0.8,3,0,normal
TXN001847,MUS0280,2024-01-13 03:36:00,Cumartesi,3,1,Ulaşım,Temassız,77.47,121.2,-36.1,Ankara,0,0.45,0,0,normal
TXN000623,MUS0623,2024-04-24 01:20:00,Çarşamba,1,1,Restoran,Online,341.46,625.6,-45.4,İzmir,0,0.49,0,0,normal
TXN001328,MUS0230,2024-06-30 17:52:00,Pazar,17,0,Restoran,Temassız,332.68,283.23,17.5,Gaziantep,0,0.77,13,0,normal
TXN004394,MUS0007,2024-07-31 11:17:00,Çarşamba,11,0,Restoran,Fiziksel Kart,467.42,454.21,2.9,İstanbul,0,1.26,7,0,normal
TXN000953,MUS0350,2024-07-18 07:32:00,Perşembe,7,0,Ulaşım,Online,664.55,611.5,8.7,Bursa,0,0.09,0,0,normal
TXN004322,MUS0284,2024-06-15 03:30:00,Cumartesi,3,1,Ulaşım,Temassız,314.65,281.67,11.7,Samsun,0,0.48,0,0,normal
TXN003513,MUS0299,2024-10-07 01:30:00,Pazartesi,1,1,Online Alışveriş,Fiziksel Kart,265.11,398.01,-33.4,Konya,0,0.4,10,0,normal
TXN000794,MUS0200,2024-01-13 18:31:00,Cumartesi,18,0,Market,Online,128.13,183.86,-30.3,Moskova,1,2.82,30,0,normal
TXN002664,MUS0538,2024-11-23 06:45:00,Cumartesi,6,0,Sağlık,Online,173.08,195.13,-11.3,Gaziantep,0,0.53,10,0,normal
TXN000552,MUS0421,2024-04-03 08:17:00,Çarşamba,8,0,Yakıt,Temassız,382.56,473.48,-19.2,Gaziantep,0,2.36,25,0,normal
TXN003001,MUS0213,2024-03-06 21:58:00,Çarşamba,21,0,Market,Fiziksel Kart,584.4,477.78,22.3,İstanbul,0,2.38,30,0,normal
TXN001958,MUS0619,2024-05-31 16:28:00,Cuma,16,0,Döviz,ATM,703.63,626.62,12.3,Antalya,0,0.66,15,0,normal
TXN004881,MUS0367,2024-12-27 23:17:00,Cuma,23,1,Uluslararası,Online,7928.86,738.16,974.1,Bursa,0,3.76,75,1,yuksek_tutar
TXN004574,MUS0031,2024-12-04 02:41:00,Çarşamba,2,1,Sağlık,Online,178.94,135.8,31.8,Kayseri,0,0.81,17,0,normal
TXN002586,MUS0791,2024-06-14 22:10:00,Cuma,22,0,Elektronik,Temassız,466.84,384.86,21.3,Bursa,0,0.9,12,0,normal
TXN000424,MUS0005,2024-09-14 07:54:00,Cumartesi,7,0,Döviz,Fiziksel Kart,443.48,447.36,-0.9,Moskova,1,0.32,3,0,normal
TXN003966,MUS0415,2024-10-21 21:07:00,Pazartesi,21,0,Ulaşım,Temassız,696.89,475.06,46.7,Kayseri,0,1.12,19,0,normal
TXN001764,MUS0273,2024-03-26 06:34:00,Salı,6,0,Yakıt,Fiziksel Kart,68.54,106.93,-35.9,Antalya,0,0.23,0,0,normal
TXN001542,MUS0611,2024-11-28 03:08:00,Perşembe,3,1,Sağlık,Fiziksel Kart,255.16,647.46,-60.6,İzmir,0,0.65,9,0,normal
TXN004690,MUS0101,2024-11-22 09:34:00,Cuma,9,0,Market,Telefon,292.17,664.75,-56.0,İzmir,0,0.46,11,0,normal
TXN000639,MUS0038,2024-11-07 12:46:00,Perşembe,12,0,Giyim,Fiziksel Kart,484.65,380.46,27.4,New York,1,0.52,4,0,normal
TXN003160,MUS0699,2024-05-17 07:22:00,Cuma,7,0,Market,Fiziksel Kart,619.9,535.52,15.8,Roma,1,0.03,0,0,normal
TXN003076,MUS0139,2024-08-31 23:56:00,Cumartesi,23,1,Giyim,Fiziksel Kart,913.81,752.4,21.5,Eskişehir,0,0.69,6,0,normal
TXN003902,MUS0407,2024-01-13 21:14:00,Cumartesi,21,0,Market,Temassız,820.44,627.92,30.7,Mersin,0,0.48,6,0,normal
TXN004118,MUS0393,2024-05-09 15:34:00,Perşembe,15,0,Giyim,Fiziksel Kart,447.56,473.08,-5.4,Mersin,0,1.21,19,0,normal
TXN004449,MUS0235,2024-10-30 13:11:00,Çarşamba,13,0,ATM Nakit,Fiziksel Kart,94.77,126.4,-25.0,Bursa,0,0.27,0,0,normal
TXN000634,MUS0452,2024-11-08 07:03:00,Cuma,7,0,Giyim,ATM,461.45,542.01,-14.9,Kayseri,0,0.39,0,0,normal
TXN000717,MUS0516,2024-04-07 02:30:00,Pazar,2,1,Online Alışveriş,Fiziksel Kart,451.87,610.16,-25.9,Ankara,0,1.27,17,0,normal
TXN002913,MUS0429,2024-05-06 22:16:00,Pazartesi,22,0,ATM Nakit,ATM,644.15,342.81,87.9,Mersin,0,0.7,6,0,normal
TXN001214,MUS0574,2024-07-06 23:39:00,Cumartesi,23,1,Market,Online,380.85,361.83,5.3,Mersin,0,0.17,7,0,normal
TXN004206,MUS0729,2024-01-18 04:46:00,Perşembe,4,1,Market,Fiziksel Kart,1055.59,713.13,48.0,Mersin,0,0.09,10,0,normal
TXN000386,MUS0341,2024-11-21 05:08:00,Perşembe,5,1,Yakıt,Temassız,126.45,200.52,-36.9,Gaziantep,0,0.19,0,0,normal
TXN004301,MUS0009,2024-06-16 03:12:00,Pazar,3,1,Market,Online,160.39,163.57,-1.9,İzmir,0,0.1,2,0,normal
TXN002167,MUS0029,2024-06-15 13:30:00,Cumartesi,13,0,Restoran,Fiziksel Kart,762.8,605.64,25.9,Adana,0,1.76,22,0,normal
TXN004880,MUS0395,2024-07-26 08:44:00,Cuma,8,0,ATM Nakit,Online,424.3,480.86,-11.8,Eskişehir,0,2.79,30,0,normal
TXN000510,MUS0648,2024-09-15 15:41:00,Pazar,15,0,Elektronik,Fiziksel Kart,66.17,129.1,-48.7,İzmir,0,0.22,8,0,normal
TXN004894,MUS0499,2024-01-17 00:05:00,Çarşamba,0,1,Eğlence,Fiziksel Kart,504.7,563.96,-10.5,Kayseri,0,1.61,16,0,normal
TXN002885,MUS0668,2024-12-24 17:02:00,Salı,17,0,Market,Online,21.37,516.49,-95.9,İstanbul,0,4.49,79,1,kart_test
TXN000992,MUS0190,2024-06-11 13:39:00,Salı,13,0,ATM Nakit,Temassız,901.71,716.37,25.9,Gaziantep,0,1.0,7,0,normal
TXN003242,MUS0372,2024-10-07 15:59:00,Pazartesi,15,0,Ulaşım,Online,357.86,332.8,7.5,İzmir,0,1.33,10,0,normal
TXN003953,MUS0312,2024-12-04 16:02:00,Çarşamba,16,0,Uluslararası,Telefon,782.94,614.63,27.4,Ankara,0,0.23,0,0,normal
TXN000571,MUS0665,2024-01-16 17:33:00,Salı,17,0,Sağlık,Telefon,1005.29,773.06,30.0,Kayseri,0,0.13,4,0,normal
TXN002473,MUS0591,2024-07-03 11:09:00,Çarşamba,11,0,Eğlence,Online,373.1,687.49,-45.7,Mersin,0,0.36,11,0,normal
TXN004845,MUS0608,2024-05-27 21:27:00,Pazartesi,21,0,Eğlence,Fiziksel Kart,129.28,176.95,-26.9,Ankara,0,1.22,18,0,normal
TXN000590,MUS0530,2024-02-26 11:30:00,Pazartesi,11,0,Market,Online,231.66,333.99,-30.6,İstanbul,0,0.69,14,0,normal
TXN004648,MUS0644,2024-12-08 04:52:00,Pazar,4,1,Sağlık,Fiziksel Kart,314.61,275.12,14.4,İzmir,0,1.65,20,0,normal
TXN001247,MUS0527,2024-10-18 19:28:00,Cuma,19,0,Uluslararası,Temassız,589.27,727.85,-19.0,Ankara,0,1.09,13,0,normal
TXN001962,MUS0665,2024-02-09 22:32:00,Cuma,22,0,Eğlence,Fiziksel Kart,438.86,773.06,-43.2,Kayseri,0,0.97,9,0,normal
TXN001942,MUS0706,2024-01-07 20:56:00,Pazar,20,0,Döviz,Online,620.75,643.18,-3.5,Antalya,0,0.39,3,0,normal
TXN002391,MUS0020,2024-07-13 17:09:00,Cumartesi,17,0,Döviz,Fiziksel Kart,75.88,80.24,-5.4,Samsun,0,1.21,13,0,normal
TXN004687,MUS0725,2024-11-17 05:29:00,Pazar,5,1,Sağlık,Fiziksel Kart,1004.33,760.62,32.0,Adana,0,0.78,3,0,normal
TXN002755,MUS0550,2024-10-30 15:15:00,Çarşamba,15,0,Ulaşım,Fiziksel Kart,199.83,295.12,-32.3,İzmir,0,0.11,2,0,normal
TXN001702,MUS0326,2024-06-05 18:18:00,Çarşamba,18,0,Elektronik,Online,211.26,394.48,-46.4,Mersin,0,0.65,2,0,normal
TXN000562,MUS0658,2024-04-04 20:39:00,Perşembe,20,0,Uluslararası,Telefon,96.95,116.62,-16.9,Mersin,0,0.5,12,0,normal
TXN001857,MUS0246,2024-08-27 10:58:00,Salı,10,0,Ulaşım,Online,723.83,620.91,16.6,Antalya,0,0.59,11,0,normal
TXN002489,MUS0111,2024-09-05 01:16:00,Perşembe,1,1,Döviz,Fiziksel Kart,86.12,254.74,-66.2,Konya,0,1.37,22,0,normal
TXN000707,MUS0020,2024-09-30 18:58:00,Pazartesi,18,0,Elektronik,ATM,148.27,80.24,84.8,Samsun,0,0.31,3,0,normal
TXN004056,MUS0305,2024-01-02 11:49:00,Salı,11,0,Elektronik,Telefon,168.48,237.6,-29.1,Gaziantep,0,1.01,5,0,normal
TXN000120,MUS0782,2024-05-14 12:11:00,Salı,12,0,Elektronik,Temassız,651.29,660.65,-1.4,Antalya,0,0.72,16,0,normal
TXN004106,MUS0104,2024-07-28 19:44:00,Pazar,19,0,Restoran,Fiziksel Kart,289.87,283.63,2.2,Bursa,0,2.02,26,0,normal
TXN001815,MUS0648,2024-07-31 10:12:00,Çarşamba,10,0,Market,Temassız,235.07,129.1,82.1,İzmir,0,1.31,10,0,normal
TXN001205,MUS0655,2024-10-07 06:27:00,Pazartesi,6,0,Restoran,Fiziksel Kart,488.03,511.81,-4.6,Bursa,0,0.07,0,0,normal
TXN000438,MUS0636,2024-08-17 18:02:00,Cumartesi,18,0,Ulaşım,Fiziksel Kart,1470.67,788.67,86.5,Mersin,0,1.03,7,0,normal
TXN000720,MUS0726,2024-08-05 18:41:00,Pazartesi,18,0,Döviz,Online,302.11,248.02,21.8,Adana,0,0.97,11,0,normal
TXN004188,MUS0628,2024-04-11 13:16:00,Perşembe,13,0,Yakıt,Online,1014.93,656.98,54.5,İzmir,0,0.29,9,0,normal
TXN001717,MUS0045,2024-11-07 01:37:00,Perşembe,1,1,Online Alışveriş,ATM,198.57,294.03,-32.5,Eskişehir,0,2.04,19,0,normal
TXN002302,MUS0649,2024-10-20 20:10:00,Pazar,20,0,Ulaşım,Temassız,569.7,574.81,-0.9,İstanbul,0,1.22,13,0,normal
TXN003453,MUS0619,2024-12-21 20:17:00,Cumartesi,20,0,Uluslararası,Online,10941.38,626.62,1646.1,Antalya,0,3.1,70,1,yuksek_tutar
TXN000102,MUS0413,2024-06-12 16:36:00,Çarşamba,16,0,Eğlence,Temassız,530.05,548.75,-3.4,Konya,0,0.1,1,0,normal
TXN000088,MUS0420,2024-11-28 13:29:00,Perşembe,13,0,Restoran,Telefon,550.42,462.48,19.0,Antalya,0,0.42,7,0,normal
TXN001813,MUS0220,2024-01-20 08:42:00,Cumartesi,8,0,Market,Fiziksel Kart,273.04,260.5,4.8,Ankara,0,0.9,5,0,normal
TXN003995,MUS0794,2024-10-16 00:49:00,Çarşamba,0,1,Ulaşım,ATM,400.9,497.76,-19.5,Adana,0,0.27,6,0,normal
TXN000241,MUS0768,2024-04-18 13:18:00,Perşembe,13,0,Giyim,Fiziksel Kart,212.44,488.79,-56.5,İzmir,0,0.55,2,0,normal
TXN002937,MUS0345,2024-05-05 03:12:00,Pazar,23,1,Döviz,Online,3162.71,375.99,741.2,Gaziantep,0,3.3,79,1,gece_islemi
TXN000602,MUS0169,2024-07-26 10:34:00,Cuma,10,0,Yakıt,Online,1135.66,778.91,45.8,Adana,0,1.5,10,0,normal
TXN003956,MUS0711,2024-03-17 06:56:00,Pazar,6,0,Yakıt,Fiziksel Kart,692.6,622.21,11.3,Konya,0,1.63,17,0,normal
TXN003218,MUS0689,2024-01-31 00:40:00,Çarşamba,0,1,Sağlık,Temassız,414.35,469.79,-11.8,Mersin,0,0.7,9,0,normal
TXN003912,MUS0155,2024-01-26 23:08:00,Cuma,23,1,Sağlık,Fiziksel Kart,129.26,167.07,-22.6,Kayseri,0,0.54,4,0,normal
TXN004408,MUS0540,2024-05-24 15:51:00,Cuma,15,0,Sağlık,Fiziksel Kart,242.98,165.05,47.2,İzmir,0,0.56,10,0,normal
TXN003817,MUS0576,2024-03-17 09:47:00,Pazar,9,0,Giyim,Temassız,250.89,448.68,-44.1,Ankara,0,0.0,0,0,normal
TXN004365,MUS0264,2024-10-31 10:49:00,Perşembe,10,0,Restoran,Fiziksel Kart,376.56,543.61,-30.7,İstanbul,0,0.84,15,0,normal
TXN003806,MUS0330,2024-03-01 21:11:00,Cuma,21,0,Elektronik,ATM,710.89,687.67,3.4,Kayseri,0,1.86,26,0,normal
TXN004764,MUS0793,2024-05-03 00:34:00,Cuma,0,1,Uluslararası,Online,214.56,369.98,-42.0,İzmir,0,1.56,24,0,normal
TXN002752,MUS0148,2024-02-24 11:05:00,Cumartesi,11,0,ATM Nakit,Temassız,183.88,296.04,-37.9,Gaziantep,0,0.57,7,0,normal
TXN002158,MUS0612,2024-11-08 18:51:00,Cuma,18,0,Sağlık,Fiziksel Kart,270.25,738.97,-63.4,Roma,1,1.95,21,0,normal
TXN004721,MUS0474,2024-09-21 10:44:00,Cumartesi,10,0,Sağlık,Online,425.95,555.37,-23.3,Ankara,0,0.29,0,0,normal
TXN003900,MUS0017,2024-09-03 04:35:00,Salı,4,1,Ulaşım,Online,338.78,281.56,20.3,Ankara,0,1.04,19,0,normal
TXN003084,MUS0071,2024-12-12 20:52:00,Perşembe,20,0,Online Alışveriş,Online,547.76,531.82,3.0,Bursa,0,1.1,21,0,normal
TXN000755,MUS0765,2024-02-21 16:28:00,Çarşamba,16,0,Sağlık,ATM,790.52,612.34,29.1,Adana,0,0.81,17,0,normal
TXN004345,MUS0370,2024-03-12 04:58:00,Salı,4,1,Uluslararası,Online,323.36,254.3,27.2,Eskişehir,0,0.64,14,0,normal
TXN003968,MUS0181,2024-07-09 09:44:00,Salı,9,0,Döviz,Fiziksel Kart,103.34,87.04,18.7,Konya,0,0.83,11,0,normal
TXN002122,MUS0481,2024-06-01 07:15:00,Cumartesi,7,0,Elektronik,Online,1356.27,732.79,85.1,Gaziantep,0,0.91,8,0,normal
TXN004501,MUS0178,2024-03-30 16:32:00,Cumartesi,16,0,Yakıt,Fiziksel Kart,484.33,603.91,-19.8,Antalya,0,0.56,8,0,normal
TXN003063,MUS0767,2024-05-23 10:48:00,Perşembe,10,0,Elektronik,Telefon,722.74,457.0,58.1,Kayseri,0,0.09,0,0,normal
TXN002584,MUS0514,2024-02-15 12:38:00,Perşembe,12,0,Online Alışveriş,Online,940.73,705.35,33.4,İzmir,0,0.45,0,0,normal
TXN000595,MUS0357,2024-09-01 05:10:00,Pazar,5,1,Eğlence,Telefon,440.84,381.21,15.6,Gaziantep,0,0.69,3,0,normal
TXN003098,MUS0436,2024-10-26 00:03:00,Cumartesi,0,1,Ulaşım,Online,425.98,391.22,8.9,İstanbul,0,1.66,22,0,normal
TXN003247,MUS0452,2024-04-14 10:21:00,Pazar,10,0,Sağlık,Online,228.55,542.01,-57.8,Kayseri,0,2.52,30,0,normal
TXN004213,MUS0592,2024-01-17 05:15:00,Çarşamba,5,1,Online Alışveriş,Telefon,736.61,722.24,2.0,Ankara,0,1.25,19,0,normal
TXN002561,MUS0451,2024-09-30 14:19:00,Pazartesi,14,0,Eğlence,Fiziksel Kart,744.71,616.67,20.8,İstanbul,0,0.01,0,0,normal
TXN001085,MUS0699,2024-07-18 00:42:00,Perşembe,0,1,Elektronik,Fiziksel Kart,536.84,535.52,0.2,Konya,0,1.48,22,0,normal
TXN000170,MUS0791,2024-07-10 20:08:00,Çarşamba,20,0,Yakıt,Online,391.87,384.86,1.8,Bursa,0,0.21,2,0,normal
TXN002134,MUS0418,2024-03-17 20:42:00,Pazar,20,0,ATM Nakit,ATM,194.99,392.3,-50.3,Adana,0,0.9,9,0,normal
TXN002120,MUS0407,2024-09-26 10:37:00,Perşembe,10,0,Döviz,Fiziksel Kart,773.26,627.92,23.1,Eskişehir,0,0.5,8,0,normal
TXN002831,MUS0676,2024-02-24 21:16:00,Cumartesi,21,0,Market,Online,98.49,88.23,11.6,Bursa,0,0.61,10,0,normal
TXN003212,MUS0365,2024-05-30 01:11:00,Perşembe,1,1,Döviz,Online,740.94,707.18,4.8,Antalya,0,0.2,10,0,normal
TXN003429,MUS0168,2024-05-23 00:29:00,Perşembe,0,1,Online Alışveriş,Online,138.36,92.37,49.8,Konya,0,0.52,15,0,normal
TXN000587,MUS0270,2024-02-21 02:09:00,Çarşamba,2,1,ATM Nakit,Fiziksel Kart,666.51,595.88,11.9,Antalya,0,0.11,0,0,normal
TXN003529,MUS0749,2024-05-17 03:37:00,Cuma,3,1,Yakıt,Online,225.78,226.53,-0.3,Antalya,0,0.95,5,0,normal
TXN004688,MUS0686,2024-05-05 20:19:00,Pazar,20,0,Restoran,ATM,458.32,410.56,11.6,İstanbul,0,1.8,13,0,normal
TXN002087,MUS0798,2024-01-18 22:35:00,Perşembe,22,0,Online Alışveriş,Online,531.28,457.04,16.2,Adana,0,0.53,15,0,normal
TXN002001,MUS0072,2024-07-30 05:45:00,Salı,3,1,Online Alışveriş,Online,1284.25,112.37,1042.9,Ankara,0,4.39,82,1,gece_islemi
TXN002248,MUS0616,2024-12-23 06:04:00,Pazartesi,6,0,Giyim,Fiziksel Kart,361.92,490.4,-26.2,Adana,0,0.35,11,0,normal
TXN000914,MUS0608,2024-09-10 17:51:00,Salı,17,0,Market,Fiziksel Kart,145.95,176.95,-17.5,Ankara,0,0.41,0,0,normal
TXN000922,MUS0715,2024-10-27 00:28:00,Pazar,0,1,Elektronik,Telefon,981.98,725.26,35.4,İstanbul,0,0.58,10,0,normal
TXN003010,MUS0416,2024-01-26 13:53:00,Cuma,13,0,Döviz,Fiziksel Kart,178.07,513.6,-65.3,Bursa,0,0.3,0,0,normal
TXN003038,MUS0163,2024-07-02 06:32:00,Salı,6,0,Uluslararası,Online,269.14,264.6,1.7,İzmir,0,1.95,20,0,normal
TXN002075,MUS0768,2024-01-24 17:59:00,Çarşamba,17,0,Giyim,Fiziksel Kart,846.5,488.79,73.2,İzmir,0,1.48,9,0,normal
TXN000789,MUS0399,2024-11-16 12:45:00,Cumartesi,12,0,Restoran,Fiziksel Kart,421.09,308.66,36.4,İzmir,0,0.88,13,0,normal
TXN004997,MUS0542,2024-05-24 02:17:00,Cuma,2,1,Giyim,Online,313.73,289.76,8.3,Mersin,0,0.56,1,0,normal
TXN002914,MUS0555,2024-07-04 16:38:00,Perşembe,16,0,Elektronik,Telefon,287.08,189.79,51.3,Kayseri,0,1.28,17,0,normal
TXN004847,MUS0158,2024-01-30 16:35:00,Salı,16,0,Eğlence,Fiziksel Kart,243.18,255.9,-5.0,Konya,0,0.26,0,0,normal
TXN002746,MUS0454,2024-03-22 01:09:00,Cuma,1,1,Yakıt,Online,939.42,663.91,41.5,Eskişehir,0,1.49,22,0,normal
TXN000082,MUS0420,2024-05-08 15:37:00,Çarşamba,15,0,Döviz,Fiziksel Kart,417.64,462.48,-9.7,Antalya,0,0.68,3,0,normal
TXN002829,MUS0180,2024-02-14 09:44:00,Çarşamba,9,0,Uluslararası,Fiziksel Kart,14949.3,722.13,1970.2,Konya,0,6.93,97,1,yuksek_tutar
TXN001798,MUS0218,2024-09-15 05:07:00,Pazar,5,1,Elektronik,ATM,485.7,293.9,65.3,İstanbul,0,1.39,21,0,normal
TXN002740,MUS0495,2024-05-17 20:13:00,Cuma,20,0,Uluslararası,Fiziksel Kart,2883.98,117.48,2354.9,Adana,0,3.5,81,1,yuksek_tutar
TXN002024,MUS0547,2024-05-16 10:57:00,Perşembe,10,0,Giyim,Fiziksel Kart,1148.59,731.66,57.0,Moskova,1,1.81,19,0,normal
TXN001587,MUS0563,2024-10-16 15:31:00,Çarşamba,15,0,Döviz,Fiziksel Kart,226.49,115.4,96.3,Kayseri,0,0.62,13,0,normal
TXN003237,MUS0551,2024-05-19 18:42:00,Pazar,18,0,Uluslararası,Temassız,698.31,533.28,30.9,Gaziantep,0,0.76,7,0,normal
TXN004579,MUS0663,2024-11-21 05:03:00,Perşembe,5,1,Yakıt,Temassız,903.53,710.91,27.1,Kayseri,0,0.38,0,0,normal
TXN003152,MUS0583,2024-12-17 05:23:00,Salı,5,1,Eğlence,Telefon,917.51,682.61,34.4,Samsun,0,1.0,20,0,normal
TXN001446,MUS0153,2024-06-13 01:25:00,Perşembe,1,1,Eğlence,Temassız,250.26,229.88,8.9,Ankara,0,0.04,5,0,normal
TXN002794,MUS0658,2024-04-13 11:04:00,Cumartesi,11,0,ATM Nakit,Temassız,87.49,116.62,-25.0,Mersin,0,0.43,5,0,normal
TXN000001,MUS0422,2024-07-03 01:35:00,Çarşamba,1,1,Ulaşım,Online,433.31,429.73,0.8,Samsun,0,0.12,9,0,normal
TXN003210,MUS0430,2024-09-03 02:11:00,Salı,2,1,Restoran,Temassız,438.83,781.17,-43.8,Adana,0,1.05,7,0,normal
TXN002744,MUS0267,2024-01-04 00:33:00,Perşembe,0,1,ATM Nakit,Online,273.85,310.09,-11.7,Eskişehir,0,0.52,1,0,normal
TXN003663,MUS0799,2024-09-12 15:56:00,Perşembe,15,0,Elektronik,Fiziksel Kart,682.3,566.79,20.4,Bursa,0,0.41,0,0,normal
TXN000860,MUS0243,2024-03-01 08:44:00,Cuma,8,0,Online Alışveriş,Online,11.25,93.38,-88.0,Samsun,0,3.93,82,1,kart_test
TXN002940,MUS0261,2024-04-14 14:57:00,Pazar,14,0,Döviz,Online,517.85,631.16,-18.0,Mersin,0,0.62,3,0,normal
TXN001836,MUS0491,2024-10-05 21:41:00,Cumartesi,21,0,Döviz,Temassız,502.95,527.91,-4.7,Gaziantep,0,0.57,5,0,normal
TXN002104,MUS0417,2024-08-23 13:12:00,Cuma,13,0,Yakıt,Temassız,606.67,513.39,18.2,Gaziantep,0,0.56,6,0,normal
TXN003004,MUS0053,2024-08-29 21:00:00,Perşembe,21,0,Market,Online,165.7,361.55,-54.2,Adana,0,0.53,8,0,normal
TXN001943,MUS0778,2024-08-13 19:37:00,Salı,19,0,Uluslararası,Temassız,162.5,164.22,-1.0,Kayseri,0,1.96,23,0,normal
TXN003262,MUS0578,2024-10-29 12:33:00,Salı,12,0,Uluslararası,ATM,918.12,761.55,20.6,Ankara,0,0.43,10,0,normal
TXN003878,MUS0526,2024-04-10 12:23:00,Çarşamba,12,0,Online Alışveriş,Fiziksel Kart,597.42,723.08,-17.4,Bursa,0,0.7,16,0,normal
TXN002738,MUS0519,2024-01-17 10:42:00,Çarşamba,10,0,Sağlık,Temassız,847.45,499.23,69.8,Antalya,0,0.62,13,0,normal
TXN001985,MUS0678,2024-10-19 08:34:00,Cumartesi,8,0,Yakıt,Temassız,518.55,324.94,59.6,İzmir,0,1.08,6,0,normal
TXN000317,MUS0644,2024-07-13 01:20:00,Cumartesi,1,1,Eğlence,Fiziksel Kart,323.93,275.12,17.7,İzmir,0,0.07,0,0,normal
TXN000330,MUS0073,2024-10-14 05:53:00,Pazartesi,5,1,Restoran,Online,102.63,84.37,21.6,Antalya,0,0.33,10,0,normal
TXN002058,MUS0020,2024-08-08 09:23:00,Perşembe,9,0,Uluslararası,ATM,147.9,80.24,84.3,Samsun,0,1.55,17,0,normal
TXN002433,MUS0376,2024-08-27 19:56:00,Salı,19,0,Uluslararası,Online,766.67,605.25,26.7,Eskişehir,0,0.87,9,0,normal
TXN004666,MUS0356,2024-05-14 12:42:00,Salı,12,0,Online Alışveriş,Fiziksel Kart,817.28,650.47,25.6,Samsun,0,0.6,9,0,normal
TXN001691,MUS0039,2024-08-20 20:36:00,Salı,20,0,Restoran,Online,944.68,773.66,22.1,Mersin,0,0.03,1,0,normal
TXN002293,MUS0306,2024-03-21 05:59:00,Perşembe,5,1,Döviz,Fiziksel Kart,51.4,87.11,-41.0,Konya,0,0.2,4,0,normal
TXN000140,MUS0203,2024-08-30 13:48:00,Cuma,13,0,Market,Telefon,358.23,315.46,13.6,Eskişehir,0,0.0,4,0,normal
TXN001923,MUS0420,2024-08-31 22:39:00,Cumartesi,22,0,Elektronik,ATM,355.56,462.48,-23.1,Antalya,0,0.38,12,0,normal
TXN001327,MUS0274,2024-03-17 08:18:00,Pazar,8,0,Sağlık,Fiziksel Kart,134.52,133.76,0.6,İstanbul,0,0.7,13,0,normal
TXN003325,MUS0376,2024-06-25 13:14:00,Salı,13,0,Elektronik,Online,573.67,605.25,-5.2,Eskişehir,0,1.67,11,0,normal
TXN001828,MUS0548,2024-08-31 12:37:00,Cumartesi,12,0,Market,Temassız,161.54,98.96,63.2,Konya,0,0.38,2,0,normal
TXN002045,MUS0504,2024-05-23 07:56:00,Perşembe,7,0,Sağlık,Temassız,648.6,722.06,-10.2,İzmir,0,1.12,21,0,normal
TXN001593,MUS0357,2024-02-19 13:51:00,Pazartesi,13,0,Ulaşım,Online,227.42,381.21,-40.3,Gaziantep,0,0.77,11,0,normal
TXN004664,MUS0490,2024-09-29 19:03:00,Pazar,19,0,Giyim,Online,806.29,701.07,15.0,Bursa,0,0.37,10,0,normal
TXN004065,MUS0132,2024-02-12 17:55:00,Pazartesi,17,0,Uluslararası,Online,108.66,111.54,-2.6,Kayseri,0,0.42,4,0,normal
TXN002936,MUS0646,2024-08-21 10:08:00,Çarşamba,10,0,Uluslararası,Online,701.52,580.15,20.9,Ankara,0,0.51,1,0,normal
TXN004474,MUS0726,2024-04-26 15:27:00,Cuma,15,0,ATM Nakit,Online,5,248.02,-98.0,Adana,0,0.09,0,0,normal
TXN000946,MUS0582,2024-05-11 00:34:00,Cumartesi,0,1,ATM Nakit,Fiziksel Kart,1008.08,571.28,76.5,Bursa,0,1.05,14,0,normal
TXN000614,MUS0601,2024-08-15 18:20:00,Perşembe,18,0,Yakıt,Fiziksel Kart,213.81,263.52,-18.9,Konya,0,0.57,7,0,normal
TXN004890,MUS0583,2024-08-08 23:40:00,Perşembe,23,1,Uluslararası,Fiziksel Kart,559.84,682.61,-18.0,Samsun,0,0.74,16,0,normal
TXN003770,MUS0056,2024-12-19 08:57:00,Perşembe,8,0,Ulaşım,Fiziksel Kart,698.47,433.94,61.0,Adana,0,1.61,12,0,normal
TXN001435,MUS0359,2024-05-28 14:03:00,Salı,14,0,Elektronik,Fiziksel Kart,493.64,403.13,22.5,İstanbul,0,0.54,4,0,normal
TXN003596,MUS0244,2024-01-22 00:17:00,Pazartesi,0,1,Eğlence,Fiziksel Kart,296.09,507.65,-41.7,Eskişehir,0,0.61,7,0,normal
TXN000606,MUS0389,2024-12-21 18:26:00,Cumartesi,18,0,Elektronik,Temassız,267.89,345.63,-22.5,Paris,1,0.27,10,0,normal
TXN001283,MUS0513,2024-10-31 17:50:00,Perşembe,17,0,Elektronik,Online,7504.63,796.09,842.7,Dubai,1,1.71,71,1,yurtdisi_anomali
TXN003572,MUS0274,2024-08-14 17:01:00,Çarşamba,17,0,Uluslararası,Temassız,67.84,133.76,-49.3,İstanbul,0,1.9,21,0,normal
TXN004959,MUS0158,2024-03-21 13:32:00,Perşembe,13,0,Uluslararası,ATM,256.04,255.9,0.1,Konya,0,0.48,9,0,normal
TXN002105,MUS0582,2024-01-03 20:23:00,Çarşamba,20,0,Restoran,Online,736.38,571.28,28.9,Bursa,0,0.28,8,0,normal
TXN003897,MUS0014,2024-09-02 14:15:00,Pazartesi,14,0,Online Alışveriş,Online,942.4,625.05,50.8,Mersin,0,1.69,23,0,normal
TXN004377,MUS0215,2024-07-30 11:22:00,Salı,11,0,Uluslararası,Fiziksel Kart,329.94,353.92,-6.8,İstanbul,0,1.18,8,0,normal
TXN000754,MUS0770,2024-05-18 01:46:00,Cumartesi,1,1,Restoran,ATM,332.0,783.88,-57.6,İstanbul,0,0.26,0,0,normal
TXN004719,MUS0164,2024-07-17 19:01:00,Çarşamba,19,0,Market,Online,426.69,695.03,-38.6,Antalya,0,0.66,16,0,normal
TXN001697,MUS0064,2024-01-20 05:18:00,Cumartesi,5,1,Yakıt,Telefon,792.77,723.51,9.6,Kayseri,0,1.67,15,0,normal
TXN001370,MUS0140,2024-08-25 03:29:00,Pazar,3,1,Uluslararası,Fiziksel Kart,462.08,371.03,24.5,İzmir,0,0.31,0,0,normal
TXN000624,MUS0115,2024-03-16 17:15:00,Cumartesi,17,0,Ulaşım,Online,107.49,108.34,-0.8,Eskişehir,0,0.21,9,0,normal
TXN001935,MUS0585,2024-11-09 02:10:00,Cumartesi,2,1,Sağlık,Fiziksel Kart,2553.41,652.37,291.4,Adana,0,4.56,83,1,farkli_sehir
TXN001722,MUS0317,2024-10-25 06:39:00,Cuma,6,0,Sağlık,Fiziksel Kart,439.98,337.88,30.2,Konya,0,0.28,8,0,normal
TXN004932,MUS0674,2024-06-12 15:11:00,Çarşamba,15,0,Sağlık,Temassız,241.99,253.37,-4.5,Kayseri,0,0.43,4,0,normal
TXN002135,MUS0142,2024-11-08 12:41:00,Cuma,12,0,Uluslararası,Fiziksel Kart,299.15,211.47,41.5,İstanbul,0,1.2,22,0,normal
TXN000512,MUS0145,2024-01-01 16:32:00,Pazartesi,16,0,Eğlence,Telefon,386.41,644.98,-40.1,Bangkok,1,1.06,8,0,normal
TXN003803,MUS0001,2024-05-05 00:19:00,Pazar,0,1,Döviz,Fiziksel Kart,1230.65,761.76,61.6,Kayseri,0,1.7,21,0,normal
TXN001742,MUS0462,2024-09-21 12:50:00,Cumartesi,12,0,Online Alışveriş,Fiziksel Kart,94.31,514.51,-81.7,Eskişehir,0,1.43,16,0,normal
TXN000057,MUS0765,2024-11-17 05:14:00,Pazar,5,1,Yakıt,Fiziksel Kart,753.05,612.34,23.0,Adana,0,0.82,9,0,normal
TXN000697,MUS0568,2024-05-01 16:02:00,Çarşamba,16,0,Ulaşım,Fiziksel Kart,1408.18,462.57,204.4,Ankara,0,5.54,89,1,farkli_sehir
TXN003981,MUS0578,2024-12-28 22:55:00,Cumartesi,22,0,Giyim,Fiziksel Kart,1383.69,761.55,81.7,Ankara,0,1.88,23,0,normal
TXN000929,MUS0619,2024-08-25 21:20:00,Pazar,21,0,Uluslararası,Temassız,664.34,626.62,6.0,Antalya,0,1.22,18,0,normal
TXN002033,MUS0683,2024-01-18 02:51:00,Perşembe,2,1,Döviz,Fiziksel Kart,432.51,377.95,14.4,Gaziantep,0,0.96,7,0,normal
TXN003304,MUS0474,2024-01-15 04:24:00,Pazartesi,4,1,Elektronik,Temassız,752.39,555.37,35.5,Ankara,0,1.47,19,0,normal
TXN003050,MUS0277,2024-02-08 02:16:00,Perşembe,2,1,Uluslararası,ATM,315.04,396.84,-20.6,Eskişehir,0,0.85,9,0,normal
TXN003188,MUS0476,2024-01-21 02:27:00,Pazar,2,1,Market,Fiziksel Kart,5,85.95,-94.2,Samsun,0,0.56,5,0,normal
TXN003016,MUS0076,2024-03-05 17:39:00,Salı,17,0,Online Alışveriş,ATM,802.06,743.5,7.9,Samsun,0,0.49,2,0,normal
TXN004759,MUS0249,2024-02-04 13:52:00,Pazar,13,0,Market,Online,252.96,394.17,-35.8,Kayseri,0,1.31,16,0,normal
TXN004049,MUS0261,2024-01-23 17:49:00,Salı,17,0,Yakıt,Temassız,301.73,631.16,-52.2,Mersin,0,0.38,11,0,normal
TXN002346,MUS0543,2024-03-15 16:44:00,Cuma,16,0,Market,Fiziksel Kart,93.48,338.79,-72.4,Eskişehir,0,0.0,0,0,normal
TXN000259,MUS0245,2024-11-23 09:05:00,Cumartesi,9,0,Elektronik,Fiziksel Kart,6313.12,264.63,2285.6,Mersin,0,3.81,80,1,yuksek_tutar
TXN002218,MUS0709,2024-03-04 11:46:00,Pazartesi,11,0,Online Alışveriş,Online,914.06,514.0,77.8,Mersin,0,0.69,7,0,normal
TXN001886,MUS0553,2024-03-05 21:26:00,Salı,21,0,Elektronik,ATM,656.07,625.21,4.9,Samsun,0,2.27,19,0,normal
TXN002562,MUS0187,2024-01-30 07:54:00,Salı,7,0,Market,Online,1314.52,707.68,85.8,Antalya,0,0.45,14,0,normal
TXN002644,MUS0176,2024-06-19 23:40:00,Çarşamba,23,1,Online Alışveriş,Online,148.84,143.28,3.9,Mersin,0,0.89,16,0,normal
TXN000985,MUS0008,2024-06-24 13:40:00,Pazartesi,13,0,Eğlence,Fiziksel Kart,240.19,159.76,50.3,Bursa,0,0.36,2,0,normal
TXN003555,MUS0202,2024-07-31 15:26:00,Çarşamba,15,0,Giyim,Fiziksel Kart,218.87,255.15,-14.2,Ankara,0,0.91,19,0,normal
TXN003092,MUS0346,2024-10-02 20:14:00,Çarşamba,20,0,Online Alışveriş,Fiziksel Kart,173.14,215.25,-19.6,Gaziantep,0,0.23,0,0,normal
TXN004639,MUS0437,2024-10-06 21:09:00,Pazar,21,0,Giyim,Fiziksel Kart,314.23,605.89,-48.1,Ankara,0,0.91,17,0,normal
TXN001490,MUS0582,2024-09-22 09:24:00,Pazar,9,0,ATM Nakit,Temassız,515.2,571.28,-9.8,Bursa,0,0.44,11,0,normal
TXN004230,MUS0264,2024-01-03 06:21:00,Çarşamba,6,0,Elektronik,Fiziksel Kart,487.1,543.61,-10.4,İzmir,0,0.97,6,0,normal
TXN002602,MUS0295,2024-12-07 06:24:00,Cumartesi,6,0,Online Alışveriş,Temassız,121.77,144.96,-16.0,Adana,0,0.41,12,0,normal
TXN003515,MUS0033,2024-05-31 23:40:00,Cuma,23,1,Online Alışveriş,Fiziksel Kart,375.85,566.26,-33.6,Mersin,0,1.26,17,0,normal
TXN000949,MUS0455,2024-07-26 01:54:00,Cuma,1,1,Ulaşım,Online,193.75,219.82,-11.9,İstanbul,0,0.38,5,0,normal
TXN004743,MUS0685,2024-07-06 07:28:00,Cumartesi,7,0,Giyim,Fiziksel Kart,293.15,292.85,0.1,İstanbul,0,2.16,18,0,normal
TXN000494,MUS0651,2024-04-25 22:57:00,Perşembe,22,0,Yakıt,Online,75.54,104.34,-27.6,Bursa,0,0.98,5,0,normal
TXN002257,MUS0652,2024-11-17 01:46:00,Pazar,1,1,Giyim,Fiziksel Kart,835.76,255.88,226.6,İzmir,0,5.79,93,1,farkli_sehir
TXN001538,MUS0116,2024-01-10 10:53:00,Çarşamba,10,0,Restoran,Fiziksel Kart,221.04,296.06,-25.3,Ankara,0,0.36,2,0,normal
TXN003954,MUS0584,2024-06-24 19:49:00,Pazartesi,19,0,ATM Nakit,Online,461.07,360.6,27.9,Eskişehir,0,0.74,16,0,normal
TXN004863,MUS0691,2024-08-04 20:58:00,Pazar,20,0,Market,Fiziksel Kart,631.76,797.68,-20.8,Ankara,0,0.8,5,0,normal
TXN000103,MUS0787,2024-02-18 19:10:00,Pazar,19,0,Elektronik,Fiziksel Kart,13708.01,551.76,2384.4,Mersin,0,6.09,91,1,yuksek_tutar
TXN002082,MUS0770,2024-08-21 06:24:00,Çarşamba,6,0,Yakıt,Fiziksel Kart,933.88,783.88,19.1,İstanbul,0,0.67,10,0,normal
TXN004256,MUS0288,2024-11-09 00:09:00,Cumartesi,0,1,Restoran,Fiziksel Kart,589.94,533.4,10.6,Berlin,1,0.43,11,0,normal
TXN000117,MUS0079,2024-09-18 08:08:00,Çarşamba,8,0,Elektronik,Fiziksel Kart,2510.35,783.25,220.5,İstanbul,0,5.43,89,1,farkli_sehir
TXN000430,MUS0076,2024-06-18 12:32:00,Salı,12,0,Eğlence,Fiziksel Kart,931.2,743.5,25.2,Eskişehir,0,2.55,23,0,normal
TXN004981,MUS0647,2024-01-17 13:23:00,Çarşamba,13,0,Restoran,Fiziksel Kart,122.68,296.97,-58.7,İzmir,0,0.83,17,0,normal
TXN003586,MUS0357,2024-04-06 15:55:00,Cumartesi,15,0,Elektronik,ATM,348.91,381.21,-8.5,Gaziantep,0,0.73,7,0,normal
TXN003958,MUS0662,2024-11-10 07:46:00,Pazar,7,0,Online Alışveriş,Online,596.79,348.13,71.4,Samsun,0,0.43,1,0,normal
TXN000554,MUS0019,2024-12-29 07:24:00,Pazar,7,0,Elektronik,Fiziksel Kart,441.36,277.67,59.0,Eskişehir,0,1.41,13,0,normal
TXN000804,MUS0406,2024-06-18 00:11:00,Salı,0,1,Restoran,Fiziksel Kart,1089.15,755.25,44.2,Roma,1,1.0,18,0,normal
TXN000744,MUS0516,2024-10-09 01:46:00,Çarşamba,1,1,Uluslararası,Fiziksel Kart,552.98,610.16,-9.4,Ankara,0,1.51,16,0,normal
TXN000948,MUS0042,2024-09-12 16:54:00,Perşembe,16,0,Market,Temassız,159.52,531.1,-70.0,Ankara,0,0.89,8,0,normal
TXN002576,MUS0235,2024-09-04 22:14:00,Çarşamba,22,0,Eğlence,Temassız,148.41,126.4,17.4,Bursa,0,0.11,2,0,normal
TXN002604,MUS0695,2024-05-27 01:34:00,Pazartesi,1,1,ATM Nakit,Online,287.12,467.16,-38.5,Eskişehir,0,0.1,2,0,normal
TXN004731,MUS0182,2024-06-18 21:35:00,Salı,21,0,Elektronik,Temassız,832.63,430.34,93.5,Mersin,0,1.07,12,0,normal
TXN001653,MUS0326,2024-06-27 16:10:00,Perşembe,16,0,Uluslararası,Online,477.49,394.48,21.0,Mersin,0,1.23,17,0,normal
TXN001885,MUS0601,2024-11-03 01:04:00,Pazar,1,1,Eğlence,Online,284.83,263.52,8.1,Konya,0,0.09,5,0,normal
TXN004144,MUS0493,2024-01-18 05:20:00,Perşembe,5,1,Market,Online,288.24,187.36,53.8,Bursa,0,0.8,11,0,normal
TXN001882,MUS0761,2024-02-23 00:21:00,Cuma,0,1,Uluslararası,Online,739.94,609.5,21.4,Ankara,0,0.54,12,0,normal
TXN001585,MUS0164,2024-11-27 17:32:00,Çarşamba,17,0,Uluslararası,Temassız,766.14,695.03,10.2,Eskişehir,0,0.56,6,0,normal
TXN004041,MUS0666,2024-01-02 20:07:00,Salı,20,0,Restoran,Online,589.58,520.88,13.2,Gaziantep,0,0.46,0,0,normal
TXN001991,MUS0143,2024-12-12 13:42:00,Perşembe,1,1,Döviz,Online,2830.78,305.22,827.5,İzmir,0,4.87,84,1,gece_islemi
TXN001595,MUS0178,2024-08-09 16:32:00,Cuma,16,0,ATM Nakit,Fiziksel Kart,847.92,603.91,40.4,Antalya,0,2.1,23,0,normal
TXN001739,MUS0511,2024-03-17 19:29:00,Pazar,19,0,Döviz,Fiziksel Kart,420.3,387.72,8.4,Samsun,0,0.4,4,0,normal
TXN002125,MUS0218,2024-05-27 15:59:00,Pazartesi,15,0,Döviz,Fiziksel Kart,317.71,293.9,8.1,İstanbul,0,0.87,9,0,normal
TXN001618,MUS0223,2024-12-28 11:55:00,Cumartesi,11,0,Giyim,Temassız,462.51,317.03,45.9,Eskişehir,0,0.0,9,0,normal
TXN000613,MUS0419,2024-04-16 02:23:00,Salı,2,1,Eğlence,Online,143.93,160.17,-10.1,Antalya,0,0.05,0,0,normal
TXN001817,MUS0316,2024-07-14 00:17:00,Pazar,0,1,Sağlık,Fiziksel Kart,1638.49,461.03,255.4,Konya,0,4.2,76,1,farkli_sehir
TXN004696,MUS0057,2024-04-01 13:17:00,Pazartesi,13,0,ATM Nakit,Online,215.12,343.94,-37.5,Kayseri,0,0.17,3,0,normal
TXN000377,MUS0099,2024-05-15 09:13:00,Çarşamba,9,0,ATM Nakit,Fiziksel Kart,98.93,166.34,-40.5,Konya,0,0.89,4,0,normal
TXN003184,MUS0367,2024-04-07 06:11:00,Pazar,23,1,Döviz,ATM,5242.02,738.16,610.1,Bursa,0,1.35,64,1,gece_islemi
TXN004798,MUS0224,2024-05-29 07:00:00,Çarşamba,7,0,Elektronik,Fiziksel Kart,533.98,619.08,-13.7,Eskişehir,0,1.36,18,0,normal
TXN003456,MUS0793,2024-12-25 06:35:00,Çarşamba,6,0,Döviz,Telefon,433.09,369.98,17.1,İzmir,0,0.5,10,0,normal
TXN004310,MUS0767,2024-08-01 16:09:00,Perşembe,16,0,Market,Online,209.18,457.0,-54.2,Kayseri,0,0.62,4,0,normal
TXN001522,MUS0114,2024-05-15 11:32:00,Çarşamba,11,0,Elektronik,Online,257.07,196.08,31.1,Samsun,0,0.67,4,0,normal
TXN003549,MUS0341,2024-11-02 12:08:00,Cumartesi,12,0,Ulaşım,Online,133.75,200.52,-33.3,İzmir,0,0.31,6,0,normal
TXN001730,MUS0667,2024-03-06 01:02:00,Çarşamba,1,1,Elektronik,Temassız,677.77,707.84,-4.2,Eskişehir,0,0.44,14,0,normal
TXN003157,MUS0522,2024-10-12 08:07:00,Cumartesi,8,0,Eğlence,Online,1051.58,734.17,43.2,İstanbul,0,0.93,13,0,normal
TXN002507,MUS0216,2024-08-14 10:33:00,Çarşamba,10,0,Döviz,Online,206.73,173.04,19.5,Antalya,0,0.14,8,0,normal
TXN000504,MUS0341,2024-04-20 15:10:00,Cumartesi,15,0,Online Alışveriş,Temassız,325.39,200.52,62.3,Gaziantep,0,0.56,10,0,normal
TXN004516,MUS0200,2024-10-25 22:33:00,Cuma,22,0,Market,Online,106.43,183.86,-42.1,Adana,0,1.41,18,0,normal
TXN001573,MUS0654,2024-09-24 09:08:00,Salı,9,0,Sağlık,ATM,1006.13,741.62,35.7,Ankara,0,1.77,25,0,normal
TXN004261,MUS0080,2024-12-29 10:09:00,Pazar,10,0,Online Alışveriş,Telefon,117.25,160.47,-26.9,Adana,0,1.09,11,0,normal
TXN001432,MUS0528,2024-05-01 19:21:00,Çarşamba,19,0,Restoran,Online,802.77,722.05,11.2,Eskişehir,0,0.05,5,0,normal
TXN001735,MUS0137,2024-08-31 12:55:00,Cumartesi,12,0,Yakıt,Online,248.63,250.34,-0.7,Kayseri,0,0.49,0,0,normal
TXN000135,MUS0620,2024-09-23 21:05:00,Pazartesi,21,0,Giyim,Temassız,399.17,786.13,-49.2,Mersin,0,1.42,15,0,normal
TXN003362,MUS0048,2024-08-08 23:30:00,Perşembe,23,1,Uluslararası,Online,490.2,484.46,1.2,Eskişehir,0,0.21,0,0,normal
TXN003792,MUS0392,2024-03-06 02:59:00,Çarşamba,2,1,ATM Nakit,Temassız,119.33,219.59,-45.7,Kayseri,0,1.65,14,0,normal
TXN002860,MUS0702,2024-01-17 20:36:00,Çarşamba,20,0,Yakıt,Fiziksel Kart,275.18,357.42,-23.0,Konya,0,0.94,6,0,normal
TXN003037,MUS0236,2024-04-27 02:48:00,Cumartesi,3,1,Online Alışveriş,Online,2835.13,431.82,556.6,Antalya,0,4.21,81,1,gece_islemi
TXN000772,MUS0635,2024-11-20 00:39:00,Çarşamba,0,1,Sağlık,Temassız,838.53,667.75,25.6,İzmir,0,0.42,0,0,normal
TXN004831,MUS0512,2024-05-16 15:57:00,Perşembe,15,0,Online Alışveriş,Online,13.73,550.18,-97.5,Konya,0,5.62,86,1,kart_test
TXN004052,MUS0441,2024-06-25 17:05:00,Salı,17,0,Elektronik,Fiziksel Kart,230.27,358.35,-35.7,İzmir,0,0.19,7,0,normal
TXN000106,MUS0617,2024-01-22 09:11:00,Pazartesi,9,0,Online Alışveriş,Online,203.69,660.0,-69.1,Antalya,0,0.77,12,0,normal
TXN004318,MUS0623,2024-02-15 12:37:00,Perşembe,12,0,Eğlence,ATM,605.0,625.6,-3.3,Konya,0,0.19,3,0,normal
TXN002756,MUS0558,2024-01-15 00:07:00,Pazartesi,0,1,Eğlence,Fiziksel Kart,776.93,396.55,95.9,Adana,0,0.87,7,0,normal
TXN004270,MUS0479,2024-05-14 10:31:00,Salı,10,0,Uluslararası,Fiziksel Kart,273.23,294.1,-7.1,Samsun,0,0.29,5,0,normal
TXN004135,MUS0241,2024-10-18 10:30:00,Cuma,10,0,Restoran,Fiziksel Kart,895.8,663.83,34.9,Adana,0,0.28,4,0,normal
TXN000989,MUS0721,2024-01-21 23:11:00,Pazar,23,1,Uluslararası,Online,66.58,621.68,-89.3,Konya,0,0.38,7,0,normal
TXN004810,MUS0036,2024-02-25 21:10:00,Pazar,21,0,Ulaşım,Fiziksel Kart,370.21,267.11,38.6,Ankara,0,1.41,15,0,normal
TXN004531,MUS0038,2024-10-10 20:33:00,Perşembe,20,0,Uluslararası,Fiziksel Kart,669.82,380.46,76.1,Adana,0,0.54,4,0,normal
TXN004448,MUS0060,2024-11-05 16:38:00,Salı,16,0,Sağlık,Online,144.9,169.76,-14.6,Konya,0,0.97,9,0,normal
TXN004790,MUS0153,2024-03-11 03:30:00,Pazartesi,3,1,Yakıt,ATM,315.92,229.88,37.4,Ankara,0,1.34,8,0,normal
TXN002780,MUS0359,2024-09-28 17:52:00,Cumartesi,17,0,Eğlence,Fiziksel Kart,292.83,403.13,-27.4,İstanbul,0,0.78,10,0,normal
TXN001484,MUS0428,2024-02-18 03:01:00,Pazar,3,1,Yakıt,Temassız,471.36,411.13,14.6,Bursa,0,0.09,7,0,normal
TXN000977,MUS0706,2024-10-01 12:07:00,Salı,12,0,Elektronik,Online,399.47,643.18,-37.9,Antalya,0,1.36,10,0,normal
TXN002833,MUS0369,2024-05-05 18:28:00,Pazar,18,0,Ulaşım,Online,579.83,676.2,-14.3,Konya,0,0.27,4,0,normal
TXN002186,MUS0086,2024-01-29 01:05:00,Pazartesi,1,1,Market,Fiziksel Kart,1110.44,560.34,98.2,Ankara,0,0.69,7,0,normal
TXN003585,MUS0536,2024-06-21 09:55:00,Cuma,9,0,ATM Nakit,Telefon,213.1,511.75,-58.4,Bursa,0,1.25,21,0,normal
TXN000152,MUS0730,2024-11-28 00:25:00,Perşembe,0,1,Uluslararası,Fiziksel Kart,1686.73,528.56,219.1,Mersin,0,4.43,80,1,farkli_sehir
TXN000305,MUS0369,2024-12-24 03:00:00,Salı,3,1,Sağlık,ATM,928.92,676.2,37.4,Konya,0,0.22,0,0,normal
TXN000600,MUS0404,2024-03-08 19:42:00,Cuma,19,0,Restoran,ATM,1102.68,765.8,44.0,Konya,0,0.98,16,0,normal
TXN003807,MUS0256,2024-01-31 10:18:00,Çarşamba,10,0,ATM Nakit,Temassız,75.96,296.1,-74.3,İstanbul,0,0.64,4,0,normal
TXN002021,MUS0426,2024-09-11 20:16:00,Çarşamba,20,0,Yakıt,Temassız,974.37,601.58,62.0,Ankara,0,1.28,7,0,normal
TXN002379,MUS0738,2024-02-01 01:00:00,Perşembe,1,1,Eğlence,Fiziksel Kart,270.6,458.21,-40.9,Samsun,0,0.39,0,0,normal
TXN002851,MUS0455,2024-12-21 04:28:00,Cumartesi,1,1,Döviz,ATM,1152.45,219.82,424.3,İstanbul,0,5.76,90,1,gece_islemi
TXN004170,MUS0421,2024-09-07 02:55:00,Cumartesi,2,1,Ulaşım,Temassız,870.47,473.48,83.8,Gaziantep,0,0.61,13,0,normal
TXN001515,MUS0656,2024-06-09 19:21:00,Pazar,19,0,Elektronik,Fiziksel Kart,983.8,683.02,44.0,Gaziantep,0,0.25,11,0,normal
TXN004136,MUS0478,2024-09-14 02:55:00,Cumartesi,2,1,Sağlık,Temassız,399.62,243.32,64.2,Mersin,0,0.49,0,0,normal
TXN001665,MUS0003,2024-05-16 14:52:00,Perşembe,14,0,Elektronik,Fiziksel Kart,3489.72,150.34,2221.2,Ankara,0,6.69,95,1,yuksek_tutar
TXN000434,MUS0727,2024-06-07 01:17:00,Cuma,1,1,Döviz,Fiziksel Kart,337.64,295.6,14.2,Konya,0,1.32,14,0,normal
TXN002854,MUS0009,2024-09-26 17:43:00,Perşembe,17,0,Online Alışveriş,Fiziksel Kart,166.44,163.57,1.8,İzmir,0,0.09,8,0,normal
TXN002305,MUS0176,2024-03-10 16:40:00,Pazar,16,0,Online Alışveriş,Fiziksel Kart,48.95,143.28,-65.8,Eskişehir,0,1.2,15,0,normal
TXN001153,MUS0640,2024-12-20 13:55:00,Cuma,13,0,Giyim,Fiziksel Kart,458.9,427.9,7.2,Kayseri,0,0.3,0,0,normal
TXN002674,MUS0112,2024-07-01 03:34:00,Pazartesi,3,1,Döviz,Fiziksel Kart,437.29,484.27,-9.7,Bursa,0,0.53,13,0,normal
TXN003747,MUS0689,2024-09-16 00:50:00,Pazartesi,0,1,Restoran,ATM,946.52,469.79,101.5,Mersin,0,0.88,9,0,normal
TXN003421,MUS0245,2024-05-10 00:55:00,Cuma,0,1,Döviz,ATM,254.7,264.63,-3.8,Bursa,0,0.96,9,0,normal
TXN004427,MUS0592,2024-12-10 12:13:00,Salı,12,0,Elektronik,ATM,717.2,722.24,-0.7,Ankara,0,0.09,0,0,normal
TXN004378,MUS0240,2024-09-12 23:35:00,Perşembe,23,1,Döviz,Telefon,894.74,741.98,20.6,Samsun,0,0.28,0,0,normal
TXN004620,MUS0146,2024-03-26 10:00:00,Salı,10,0,Market,Online,343.63,279.19,23.1,Ankara,0,2.03,19,0,normal
TXN001809,MUS0149,2024-02-15 21:10:00,Perşembe,21,0,Giyim,Online,967.58,659.44,46.7,Eskişehir,0,0.35,11,0,normal
TXN002170,MUS0266,2024-02-15 08:10:00,Perşembe,8,0,Elektronik,ATM,308.47,240.19,28.4,Adana,0,0.3,13,0,normal
TXN004244,MUS0286,2024-10-21 11:21:00,Pazartesi,11,0,Ulaşım,Online,286.66,351.09,-18.4,Ankara,0,0.29,8,0,normal
TXN003172,MUS0562,2024-04-10 15:22:00,Çarşamba,15,0,Döviz,Online,294.14,262.27,12.2,Adana,0,0.03,6,0,normal
TXN003335,MUS0463,2024-09-28 17:17:00,Cumartesi,17,0,Döviz,Online,148.22,195.33,-24.1,İstanbul,0,0.51,15,0,normal
TXN003779,MUS0008,2024-05-11 11:11:00,Cumartesi,11,0,Ulaşım,Temassız,158.34,159.76,-0.9,Bursa,0,1.24,15,0,normal
TXN001899,MUS0435,2024-11-20 09:09:00,Çarşamba,9,0,Elektronik,Online,353.93,330.25,7.2,Adana,0,0.34,8,0,normal
TXN004186,MUS0142,2024-04-22 12:38:00,Pazartesi,12,0,Market,ATM,188.66,211.47,-10.8,İstanbul,0,1.38,12,0,normal
TXN004444,MUS0009,2024-07-08 23:47:00,Pazartesi,23,1,ATM Nakit,Online,281.19,163.57,71.9,Eskişehir,0,0.35,5,0,normal
TXN000842,MUS0691,2024-08-04 21:47:00,Pazar,21,0,Eğlence,Telefon,1077.19,797.68,35.0,Tokyo,1,0.43,7,0,normal
TXN003181,MUS0683,2024-03-21 18:16:00,Perşembe,18,0,Sağlık,Fiziksel Kart,349.79,377.95,-7.5,Gaziantep,0,0.61,4,0,normal
TXN003432,MUS0229,2024-05-12 08:42:00,Pazar,8,0,Sağlık,ATM,646.74,743.48,-13.0,Samsun,0,0.76,4,0,normal
TXN000626,MUS0514,2024-07-14 22:32:00,Pazar,22,0,Online Alışveriş,Temassız,731.31,705.35,3.7,İzmir,0,0.94,18,0,normal
TXN002669,MUS0759,2024-05-31 23:49:00,Cuma,23,1,Giyim,Online,1182.07,701.41,68.5,Konya,0,0.53,0,0,normal
TXN000042,MUS0101,2024-09-13 16:10:00,Cuma,16,0,Market,Online,1124.83,664.75,69.2,İzmir,0,1.13,7,0,normal
TXN002461,MUS0716,2024-10-23 12:30:00,Çarşamba,12,0,Eğlence,Fiziksel Kart,979.97,676.28,44.9,Bursa,0,1.22,10,0,normal
TXN000996,MUS0313,2024-07-22 18:56:00,Pazartesi,18,0,Eğlence,Temassız,579.03,653.55,-11.4,Bursa,0,1.01,16,0,normal
TXN001651,MUS0649,2024-09-19 20:42:00,Perşembe,20,0,ATM Nakit,ATM,719.34,574.81,25.1,Londra,1,1.55,12,0,normal
TXN003824,MUS0547,2024-05-24 20:24:00,Cuma,20,0,Uluslararası,Online,713.08,731.66,-2.5,Ankara,0,1.22,14,0,normal
TXN001778,MUS0463,2024-02-18 21:09:00,Pazar,21,0,Restoran,Temassız,119.13,195.33,-39.0,İstanbul,0,0.98,17,0,normal
TXN001989,MUS0241,2024-05-09 09:06:00,Perşembe,9,0,Sağlık,Fiziksel Kart,905.92,663.83,36.5,Samsun,0,0.41,1,0,normal
TXN002280,MUS0700,2024-08-25 16:24:00,Pazar,16,0,Sağlık,ATM,214.57,556.42,-61.4,Mersin,0,1.12,14,0,normal
TXN004262,MUS0754,2024-05-28 23:59:00,Salı,23,1,Restoran,Temassız,321.13,670.0,-52.1,Kayseri,0,0.02,0,0,normal
TXN001404,MUS0471,2024-06-16 01:06:00,Pazar,1,1,Restoran,Fiziksel Kart,464.93,364.61,27.5,İzmir,0,0.85,14,0,normal
TXN002259,MUS0687,2024-05-19 13:11:00,Pazar,13,0,Sağlık,Fiziksel Kart,255.53,358.54,-28.7,Ankara,0,0.71,13,0,normal
TXN001166,MUS0557,2024-03-31 21:50:00,Pazar,21,0,Eğlence,Online,47.4,137.78,-65.6,Samsun,0,0.12,4,0,normal
TXN002969,MUS0280,2024-10-31 02:18:00,Perşembe,2,1,Eğlence,Online,227.25,121.2,87.5,Ankara,0,0.39,2,0,normal
TXN004385,MUS0053,2024-09-29 21:02:00,Pazar,21,0,Market,Telefon,318.5,361.55,-11.9,Adana,0,1.42,11,0,normal
TXN003167,MUS0101,2024-08-25 11:44:00,Pazar,11,0,ATM Nakit,Fiziksel Kart,407.13,664.75,-38.8,İzmir,0,0.15,10,0,normal
TXN002891,MUS0430,2024-11-10 20:52:00,Pazar,20,0,ATM Nakit,Fiziksel Kart,747.44,781.17,-4.3,Adana,0,0.32,3,0,normal
TXN002256,MUS0603,2024-07-06 02:21:00,Cumartesi,3,1,Döviz,Online,2620.81,265.9,885.6,İzmir,0,2.85,71,1,gece_islemi
TXN004671,MUS0177,2024-11-23 02:02:00,Cumartesi,2,1,Döviz,Online,503.86,680.45,-26.0,Adana,0,0.02,10,0,normal
TXN001533,MUS0054,2024-02-16 12:48:00,Cuma,12,0,Market,ATM,139.68,115.25,21.2,Ankara,0,1.08,9,0,normal
TXN000113,MUS0341,2024-12-28 08:25:00,Cumartesi,8,0,Uluslararası,Online,2376.34,200.52,1085.1,Gaziantep,0,3.45,79,1,yuksek_tutar
TXN004254,MUS0261,2024-07-29 06:09:00,Pazartesi,6,0,ATM Nakit,Fiziksel Kart,855.49,631.16,35.5,Mersin,0,0.04,4,0,normal
TXN002458,MUS0429,2024-05-22 01:40:00,Çarşamba,1,1,Giyim,Temassız,489.09,342.81,42.7,Mersin,0,0.13,1,0,normal
TXN003903,MUS0534,2024-11-10 23:09:00,Pazar,23,1,Eğlence,Online,770.71,709.81,8.6,İzmir,0,0.29,2,0,normal
TXN003427,MUS0031,2024-04-06 17:16:00,Cumartesi,17,0,Giyim,Temassız,130.89,135.8,-3.6,Konya,0,0.03,9,0,normal
TXN002903,MUS0534,2024-06-22 08:41:00,Cumartesi,8,0,Yakıt,Fiziksel Kart,721.5,709.81,1.6,İzmir,0,0.23,12,0,normal
TXN002385,MUS0037,2024-02-03 08:00:00,Cumartesi,8,0,Market,Temassız,704.14,524.23,34.3,Mersin,0,0.17,10,0,normal
TXN002698,MUS0236,2024-06-09 09:37:00,Pazar,9,0,Eğlence,Temassız,516.63,431.82,19.6,Antalya,0,0.84,9,0,normal
TXN002757,MUS0344,2024-10-20 03:01:00,Pazar,3,1,ATM Nakit,Fiziksel Kart,154.32,243.21,-36.5,Mersin,0,0.62,6,0,normal
TXN004112,MUS0530,2024-10-28 14:59:00,Pazartesi,14,0,Restoran,Temassız,78.4,333.99,-76.5,İstanbul,0,0.43,0,0,normal
TXN003930,MUS0436,2024-11-12 16:03:00,Salı,16,0,Uluslararası,Online,457.65,391.22,17.0,İstanbul,0,0.24,1,0,normal
TXN001342,MUS0265,2024-09-22 02:56:00,Pazar,2,1,Ulaşım,Online,281.63,260.92,7.9,Ankara,0,0.06,2,0,normal
TXN002288,MUS0484,2024-03-08 03:56:00,Cuma,3,1,Elektronik,Fiziksel Kart,840.07,565.24,48.6,Kayseri,0,1.08,15,0,normal
TXN000043,MUS0558,2024-01-29 15:17:00,Pazartesi,15,0,ATM Nakit,Temassız,504.63,396.55,27.3,Adana,0,0.27,1,0,normal
TXN001956,MUS0213,2024-06-19 07:11:00,Çarşamba,7,0,Eğlence,Fiziksel Kart,325.66,477.78,-31.8,İstanbul,0,0.38,13,0,normal
TXN001901,MUS0517,2024-08-13 17:43:00,Salı,17,0,Döviz,Fiziksel Kart,165.66,183.98,-10.0,Eskişehir,0,1.17,9,0,normal
TXN004963,MUS0648,2024-09-03 07:56:00,Salı,7,0,Market,Fiziksel Kart,170.26,129.1,31.9,İzmir,0,0.82,16,0,normal
TXN000965,MUS0203,2024-03-23 04:50:00,Cumartesi,4,1,Döviz,Fiziksel Kart,161.28,315.46,-48.9,Adana,0,1.63,17,0,normal
TXN004677,MUS0068,2024-03-23 09:56:00,Cumartesi,9,0,Restoran,ATM,205.46,250.55,-18.0,Mersin,0,1.1,12,0,normal
TXN003788,MUS0070,2024-02-13 07:57:00,Salı,7,0,Giyim,Fiziksel Kart,216.38,251.82,-14.1,Gaziantep,0,0.75,8,0,normal
TXN003989,MUS0697,2024-06-27 23:52:00,Perşembe,23,1,Online Alışveriş,Online,550.58,589.03,-6.5,Kayseri,0,1.1,18,0,normal
TXN000492,MUS0207,2024-03-24 04:09:00,Pazar,4,1,Ulaşım,Fiziksel Kart,63.69,82.97,-23.2,Bursa,0,0.5,0,0,normal
TXN004323,MUS0464,2024-03-10 03:50:00,Pazar,3,1,Online Alışveriş,Online,414.21,484.15,-14.4,Konya,0,0.14,2,0,normal
TXN000919,MUS0310,2024-10-06 21:00:00,Pazar,21,0,Market,Temassız,1046.58,620.56,68.7,Eskişehir,0,0.18,10,0,normal
TXN000593,MUS0628,2024-05-07 05:29:00,Salı,5,1,Ulaşım,ATM,464.15,656.98,-29.4,İzmir,0,0.03,1,0,normal
TXN002802,MUS0247,2024-12-18 10:38:00,Çarşamba,10,0,Eğlence,Telefon,747.08,676.72,10.4,Gaziantep,0,1.7,19,0,normal
TXN001203,MUS0210,2024-01-31 15:23:00,Çarşamba,15,0,Yakıt,Fiziksel Kart,440.18,343.19,28.3,Bursa,0,0.8,17,0,normal
TXN000524,MUS0693,2024-10-18 02:45:00,Cuma,2,1,Market,Temassız,393.33,470.26,-16.4,Bursa,0,1.47,24,0,normal
TXN003742,MUS0041,2024-06-27 16:00:00,Perşembe,16,0,Giyim,ATM,284.87,549.04,-48.1,Samsun,0,0.45,12,0,normal
TXN001455,MUS0576,2024-03-28 10:06:00,Perşembe,10,0,Market,Temassız,578.97,448.68,29.0,Ankara,0,0.24,0,0,normal
TXN000666,MUS0569,2024-10-05 22:11:00,Cumartesi,22,0,Eğlence,Online,162.43,159.84,1.6,İzmir,0,2.03,25,0,normal
TXN000716,MUS0178,2024-11-22 04:10:00,Cuma,4,1,Elektronik,Telefon,836.11,603.91,38.4,Antalya,0,0.54,1,0,normal
TXN000414,MUS0302,2024-12-28 06:14:00,Cumartesi,6,0,Yakıt,Fiziksel Kart,524.6,481.75,8.9,Adana,0,0.3,2,0,normal
TXN002626,MUS0136,2024-09-16 15:12:00,Pazartesi,15,0,ATM Nakit,Fiziksel Kart,153.54,497.54,-69.1,Roma,1,0.21,8,0,normal
TXN002267,MUS0239,2024-01-04 14:07:00,Perşembe,14,0,Sağlık,Fiziksel Kart,129.63,165.67,-21.8,Bursa,0,0.71,5,0,normal
TXN002040,MUS0214,2024-12-24 03:37:00,Salı,3,1,Giyim,Online,977.16,620.37,57.5,Mersin,0,0.31,10,0,normal
TXN000976,MUS0622,2024-12-26 02:14:00,Perşembe,2,1,Market,Fiziksel Kart,252.31,300.48,-16.0,İstanbul,0,0.67,11,0,normal
TXN000021,MUS0425,2024-09-17 14:56:00,Salı,14,0,Giyim,Fiziksel Kart,882.88,601.63,46.7,Samsun,0,1.42,10,0,normal
TXN000177,MUS0593,2024-04-29 15:28:00,Pazartesi,15,0,Market,Temassız,111.49,221.51,-49.7,Samsun,0,0.94,12,0,normal
TXN002699,MUS0157,2024-02-02 08:53:00,Cuma,8,0,Yakıt,Fiziksel Kart,243.05,390.75,-37.8,İstanbul,0,0.56,9,0,normal
TXN001063,MUS0053,2024-04-11 07:44:00,Perşembe,7,0,Eğlence,Temassız,94.57,361.55,-73.8,Konya,0,0.6,1,0,normal
TXN001340,MUS0104,2024-05-25 12:26:00,Cumartesi,12,0,Sağlık,Online,176.05,283.63,-37.9,Bursa,0,0.58,8,0,normal
TXN002210,MUS0279,2024-12-08 00:09:00,Pazar,0,1,Giyim,Online,328.93,360.12,-8.7,Ankara,0,0.58,5,0,normal
TXN003492,MUS0125,2024-03-07 11:28:00,Perşembe,11,0,Market,Temassız,231.59,183.8,26.0,İstanbul,0,0.29,9,0,normal
TXN000730,MUS0777,2024-11-22 12:47:00,Cuma,12,0,Döviz,Online,432.14,308.55,40.1,Samsun,0,1.0,5,0,normal
TXN003676,MUS0587,2024-07-28 07:13:00,Pazar,7,0,Giyim,Fiziksel Kart,554.78,617.7,-10.2,Konya,0,2.08,25,0,normal
TXN001472,MUS0538,2024-11-02 21:48:00,Cumartesi,21,0,Restoran,Telefon,260.84,195.13,33.7,Gaziantep,0,0.86,12,0,normal
TXN002834,MUS0597,2024-08-11 20:39:00,Pazar,20,0,Giyim,Fiziksel Kart,657.23,642.84,2.2,İzmir,0,1.18,7,0,normal
TXN003488,MUS0254,2024-07-17 11:19:00,Çarşamba,11,0,Ulaşım,Telefon,345.17,716.95,-51.9,Samsun,0,1.27,21,0,normal
TXN004793,MUS0165,2024-04-15 10:10:00,Pazartesi,10,0,Yakıt,Online,336.95,204.55,64.7,Samsun,0,0.3,13,0,normal
TXN001729,MUS0622,2024-12-10 04:23:00,Salı,4,1,Restoran,Temassız,277.67,300.48,-7.6,İstanbul,0,0.19,2,0,normal
TXN003487,MUS0592,2024-11-28 16:46:00,Perşembe,16,0,Market,Fiziksel Kart,920.7,722.24,27.5,Ankara,0,0.24,0,0,normal
TXN000501,MUS0116,2024-01-01 00:11:00,Pazartesi,0,1,Uluslararası,Fiziksel Kart,195.6,296.06,-33.9,İzmir,0,1.99,18,0,normal
TXN004384,MUS0123,2024-01-21 14:02:00,Pazar,14,0,Restoran,Fiziksel Kart,217.64,407.08,-46.5,Adana,0,1.13,7,0,normal
TXN000536,MUS0330,2024-02-19 18:24:00,Pazartesi,18,0,ATM Nakit,Fiziksel Kart,5,687.67,-99.3,Kayseri,0,1.12,7,0,normal
TXN001054,MUS0506,2024-06-30 12:35:00,Pazar,12,0,Restoran,Fiziksel Kart,625.54,763.08,-18.0,Adana,0,0.4,12,0,normal
TXN000002,MUS0115,2024-06-29 00:45:00,Cumartesi,0,1,Market,Fiziksel Kart,129.34,108.34,19.4,Eskişehir,0,1.73,17,0,normal
TXN003226,MUS0439,2024-05-16 23:05:00,Perşembe,23,1,Yakıt,ATM,713.95,603.4,18.3,Adana,0,0.84,8,0,normal
TXN002704,MUS0433,2024-02-02 15:54:00,Cuma,15,0,Giyim,ATM,310.26,557.43,-44.3,Adana,0,1.2,13,0,normal
TXN002658,MUS0601,2024-05-12 03:53:00,Pazar,3,1,ATM Nakit,Fiziksel Kart,234.16,263.52,-11.1,Konya,0,1.03,20,0,normal
TXN001949,MUS0728,2024-06-18 19:16:00,Salı,19,0,Restoran,Online,710.49,765.8,-7.2,Adana,0,0.18,6,0,normal
TXN004534,MUS0167,2024-05-20 17:35:00,Pazartesi,17,0,Giyim,Fiziksel Kart,163.98,200.91,-18.4,Samsun,0,0.49,0,0,normal
TXN004234,MUS0443,2024-09-16 04:21:00,Pazartesi,4,1,Sağlık,Temassız,202.23,225.78,-10.4,İstanbul,0,0.59,12,0,normal
TXN004935,MUS0230,2024-07-02 16:04:00,Salı,16,0,Sağlık,Online,197.43,283.23,-30.3,Gaziantep,0,1.4,21,0,normal
TXN002542,MUS0473,2024-10-02 20:02:00,Çarşamba,20,0,Döviz,ATM,583.59,616.59,-5.4,Konya,0,2.66,30,0,normal
TXN000731,MUS0515,2024-02-02 12:16:00,Cuma,12,0,Ulaşım,Fiziksel Kart,624.0,683.68,-8.7,Bursa,0,0.16,8,0,normal
TXN003345,MUS0164,2024-02-04 19:53:00,Pazar,19,0,Restoran,Fiziksel Kart,408.84,695.03,-41.2,Antalya,0,0.83,8,0,normal
TXN002213,MUS0519,2024-06-12 07:56:00,Çarşamba,7,0,Eğlence,Fiziksel Kart,1456.17,499.23,191.7,İzmir,0,6.94,95,1,farkli_sehir
TXN000735,MUS0758,2024-05-26 05:35:00,Pazar,5,1,Döviz,Temassız,344.74,263.85,30.7,Samsun,0,0.7,11,0,normal
TXN001874,MUS0622,2024-12-21 19:10:00,Cumartesi,19,0,Yakıt,Online,242.05,300.48,-19.4,İstanbul,0,1.52,18,0,normal
TXN001737,MUS0437,2024-12-09 15:05:00,Pazartesi,15,0,Online Alışveriş,Online,716.43,605.89,18.2,Ankara,0,0.93,17,0,normal
TXN004072,MUS0165,2024-03-19 23:27:00,Salı,23,1,Giyim,Online,299.94,204.55,46.6,Samsun,0,1.38,15,0,normal
TXN003216,MUS0145,2024-01-09 01:53:00,Salı,1,1,Elektronik,Fiziksel Kart,363.57,644.98,-43.6,Antalya,0,0.76,8,0,normal
TXN002448,MUS0603,2024-05-31 07:52:00,Cuma,7,0,Eğlence,Fiziksel Kart,317.19,265.9,19.3,İzmir,0,1.56,11,0,normal
TXN001808,MUS0780,2024-12-15 15:53:00,Pazar,15,0,Market,Online,474.54,568.25,-16.5,Samsun,0,1.12,15,0,normal
TXN001246,MUS0637,2024-12-21 12:05:00,Cumartesi,12,0,Sağlık,Online,976.17,756.37,29.1,Bursa,0,0.43,0,0,normal
TXN004276,MUS0678,2024-05-29 23:41:00,Çarşamba,23,1,ATM Nakit,Telefon,422.44,324.94,30.0,İstanbul,0,1.57,25,0,normal
TXN003665,MUS0700,2024-10-07 08:10:00,Pazartesi,8,0,Döviz,Fiziksel Kart,543.98,556.42,-2.2,Bursa,0,0.35,12,0,normal
TXN000115,MUS0585,2024-08-28 20:34:00,Çarşamba,20,0,Online Alışveriş,Online,350.91,652.37,-46.2,Mersin,0,0.57,6,0,normal
TXN003279,MUS0103,2024-01-02 15:19:00,Salı,15,0,Döviz,Fiziksel Kart,329.47,210.47,56.5,Konya,0,0.13,0,0,normal
TXN002150,MUS0554,2024-04-10 10:20:00,Çarşamba,10,0,Yakıt,Online,105.75,164.23,-35.6,Antalya,0,3.0,30,0,normal
TXN004103,MUS0309,2024-08-19 00:06:00,Pazartesi,0,1,Döviz,Online,737.39,666.02,10.7,Samsun,0,0.23,1,0,normal
TXN004960,MUS0564,2024-03-21 06:44:00,Perşembe,6,0,Uluslararası,Online,311.7,235.77,32.2,Konya,0,1.22,18,0,normal
TXN001917,MUS0212,2024-01-20 11:40:00,Cumartesi,11,0,Restoran,Online,421.81,557.72,-24.4,Antalya,0,1.43,15,0,normal
TXN004252,MUS0483,2024-02-09 23:07:00,Cuma,23,1,Giyim,Online,556.53,771.64,-27.9,Kayseri,0,0.28,11,0,normal
TXN002227,MUS0777,2024-04-11 17:40:00,Perşembe,17,0,Ulaşım,Telefon,392.16,308.55,27.1,Kayseri,0,0.33,11,0,normal
TXN002428,MUS0474,2024-06-26 19:45:00,Çarşamba,19,0,Elektronik,Fiziksel Kart,669.1,555.37,20.5,Moskova,1,0.45,10,0,normal
TXN001909,MUS0328,2024-06-12 12:41:00,Çarşamba,12,0,Market,Fiziksel Kart,454.04,562.24,-19.2,İstanbul,0,0.39,0,0,normal
TXN003074,MUS0263,2024-12-16 10:59:00,Pazartesi,10,0,Online Alışveriş,Online,87.7,86.47,1.4,Kayseri,0,0.59,14,0,normal
TXN003246,MUS0516,2024-11-05 08:58:00,Salı,8,0,Uluslararası,Online,604.8,610.16,-0.9,Ankara,0,0.42,10,0,normal
TXN000357,MUS0731,2024-07-01 03:07:00,Pazartesi,3,1,Ulaşım,ATM,157.22,183.62,-14.4,İstanbul,0,0.61,1,0,normal
TXN004134,MUS0635,2024-12-18 02:33:00,Çarşamba,2,1,ATM Nakit,Temassız,922.55,667.75,38.2,İzmir,0,2.43,25,0,normal
TXN002597,MUS0039,2024-05-07 21:22:00,Salı,21,0,Online Alışveriş,Temassız,309.66,773.66,-60.0,Mersin,0,0.23,5,0,normal
TXN003120,MUS0101,2024-12-11 23:25:00,Çarşamba,23,1,Market,Fiziksel Kart,1313.72,664.75,97.6,İzmir,0,0.17,11,0,normal
TXN002877,MUS0242,2024-06-30 23:52:00,Pazar,23,1,Restoran,ATM,140.41,120.25,16.8,Antalya,0,0.94,12,0,normal
TXN001332,MUS0797,2024-10-22 14:06:00,Salı,14,0,Eğlence,ATM,81.5,134.36,-39.3,Ankara,0,0.07,8,0,normal
TXN003595,MUS0739,2024-09-27 23:54:00,Cuma,23,1,Online Alışveriş,Fiziksel Kart,377.2,262.94,43.5,Eskişehir,0,0.32,1,0,normal
TXN002344,MUS0631,2024-04-16 16:28:00,Salı,16,0,Eğlence,Fiziksel Kart,925.36,791.56,16.9,Adana,0,0.96,10,0,normal
TXN000610,MUS0472,2024-09-28 02:41:00,Cumartesi,2,1,Giyim,Fiziksel Kart,1239.08,750.11,65.2,Mersin,0,0.66,6,0,normal
TXN003483,MUS0533,2024-12-10 18:38:00,Salı,18,0,Giyim,ATM,510.31,450.68,13.2,Mersin,0,0.56,15,0,normal
TXN001521,MUS0286,2024-05-19 06:29:00,Pazar,6,0,Ulaşım,Fiziksel Kart,297.22,351.09,-15.3,Ankara,0,0.15,2,0,normal
TXN000693,MUS0625,2024-06-17 18:06:00,Pazartesi,18,0,Eğlence,Fiziksel Kart,312.21,494.54,-36.9,İzmir,0,0.26,9,0,normal
TXN002320,MUS0340,2024-11-03 12:02:00,Pazar,12,0,Sağlık,Online,118.58,414.2,-71.4,İstanbul,0,0.7,3,0,normal
TXN004786,MUS0233,2024-05-05 16:32:00,Pazar,16,0,Uluslararası,ATM,971.21,767.72,26.5,İzmir,0,0.43,10,0,normal
TXN000658,MUS0497,2024-06-13 03:47:00,Perşembe,3,1,Eğlence,Telefon,172.35,124.6,38.3,İstanbul,0,0.47,4,0,normal
TXN003501,MUS0623,2024-12-17 00:04:00,Salı,0,1,Giyim,Online,1179.87,625.6,88.6,İzmir,0,0.35,3,0,normal
TXN003439,MUS0204,2024-01-19 10:10:00,Cuma,10,0,Online Alışveriş,Online,734.2,614.39,19.5,İstanbul,0,0.27,12,0,normal
TXN002613,MUS0514,2024-03-04 07:06:00,Pazartesi,7,0,Sağlık,Fiziksel Kart,441.61,705.35,-37.4,Samsun,0,0.94,14,0,normal
TXN002594,MUS0429,2024-06-02 04:23:00,Pazar,4,1,Döviz,Online,350.55,342.81,2.3,Mersin,0,1.09,10,0,normal
TXN004235,MUS0270,2024-10-15 18:39:00,Salı,18,0,Restoran,Online,594.64,595.88,-0.2,Antalya,0,0.22,5,0,normal
TXN000629,MUS0460,2024-04-23 05:06:00,Salı,5,1,ATM Nakit,Fiziksel Kart,522.5,620.02,-15.7,Konya,0,1.18,8,0,normal
TXN000579,MUS0630,2024-03-23 12:31:00,Cumartesi,12,0,Döviz,Fiziksel Kart,75.64,102.51,-26.2,Adana,0,0.23,8,0,normal
TXN004158,MUS0609,2024-08-03 17:25:00,Cumartesi,17,0,Sağlık,Online,488.32,484.82,0.7,Bursa,0,1.8,17,0,normal
TXN001347,MUS0389,2024-02-19 00:21:00,Pazartesi,0,1,Restoran,Online,332.99,345.63,-3.7,Bursa,0,0.43,8,0,normal
TXN000778,MUS0253,2024-09-30 07:08:00,Pazartesi,7,0,Eğlence,Fiziksel Kart,652.55,771.17,-15.4,Mersin,0,0.13,10,0,normal
TXN001262,MUS0200,2024-12-10 17:03:00,Salı,17,0,Döviz,Online,208.61,183.86,13.5,Adana,0,0.49,2,0,normal
TXN003631,MUS0074,2024-11-09 10:52:00,Cumartesi,10,0,Yakıt,ATM,70.02,96.74,-27.6,Adana,0,0.65,11,0,normal
TXN001507,MUS0512,2024-03-07 11:06:00,Perşembe,11,0,Elektronik,Temassız,246.79,550.18,-55.1,Konya,0,1.44,15,0,normal
TXN002038,MUS0672,2024-11-17 21:24:00,Pazar,21,0,Elektronik,Fiziksel Kart,676.09,701.4,-3.6,Mersin,0,1.39,16,0,normal
TXN003789,MUS0579,2024-07-19 23:55:00,Cuma,23,1,Restoran,Temassız,722.39,782.63,-7.7,Konya,0,0.7,17,0,normal
TXN002839,MUS0736,2024-03-09 19:42:00,Cumartesi,19,0,Elektronik,Temassız,207.72,145.95,42.3,Konya,0,0.28,7,0,normal
TXN001796,MUS0486,2024-12-03 22:57:00,Salı,22,0,Yakıt,Fiziksel Kart,201.03,308.26,-34.8,Kayseri,0,0.18,1,0,normal
TXN002188,MUS0124,2024-04-29 19:59:00,Pazartesi,19,0,Ulaşım,Online,906.29,751.07,20.7,Kayseri,0,0.62,3,0,normal
TXN004521,MUS0711,2024-03-06 19:36:00,Çarşamba,19,0,Ulaşım,Online,685.17,622.21,10.1,Konya,0,0.73,13,0,normal
TXN003838,MUS0254,2024-11-28 01:51:00,Perşembe,1,1,Elektronik,Temassız,897.21,716.95,25.1,Samsun,0,0.3,0,0,normal
TXN001016,MUS0724,2024-05-02 06:52:00,Perşembe,6,0,ATM Nakit,Fiziksel Kart,125.52,512.29,-75.5,Samsun,0,0.29,5,0,normal
TXN000461,MUS0485,2024-09-02 14:35:00,Pazartesi,14,0,Restoran,Temassız,177.12,108.19,63.7,Mersin,0,1.58,20,0,normal
TXN001824,MUS0753,2024-02-26 11:23:00,Pazartesi,11,0,Market,Telefon,252.98,372.16,-32.0,Adana,0,0.44,8,0,normal
TXN002642,MUS0247,2024-01-30 02:29:00,Salı,2,1,Market,Fiziksel Kart,350.08,676.72,-48.3,Eskişehir,0,0.35,6,0,normal
TXN002376,MUS0566,2024-01-17 02:17:00,Çarşamba,2,1,Uluslararası,Temassız,164.07,193.06,-15.0,Samsun,0,1.47,12,0,normal
TXN004202,MUS0445,2024-05-01 21:48:00,Çarşamba,21,0,Restoran,Online,617.61,496.76,24.3,Paris,1,2.16,22,0,normal
TXN003022,MUS0562,2024-12-05 20:36:00,Perşembe,20,0,Döviz,Fiziksel Kart,45.96,262.27,-82.5,Adana,0,0.24,2,0,normal
TXN001425,MUS0167,2024-05-26 07:17:00,Pazar,7,0,Yakıt,Online,256.15,200.91,27.5,Ankara,0,1.71,14,0,normal
TXN003204,MUS0687,2024-11-02 06:57:00,Cumartesi,6,0,Döviz,Fiziksel Kart,261.11,358.54,-27.2,Ankara,0,0.24,4,0,normal
TXN004905,MUS0302,2024-06-25 23:35:00,Salı,23,1,Elektronik,Telefon,711.02,481.75,47.6,Adana,0,0.1,3,0,normal
TXN003675,MUS0524,2024-05-22 00:15:00,Çarşamba,0,1,Restoran,Fiziksel Kart,944.09,746.07,26.5,Antalya,0,1.83,26,0,normal
TXN000582,MUS0034,2024-01-21 14:10:00,Pazar,14,0,Elektronik,Telefon,291.72,244.31,19.4,Adana,0,0.22,0,0,normal
TXN004753,MUS0091,2024-09-20 17:40:00,Cuma,17,0,Giyim,ATM,385.6,204.48,88.6,Tokyo,1,0.04,4,0,normal
TXN000981,MUS0749,2024-05-24 17:20:00,Cuma,17,0,Giyim,Online,227.42,226.53,0.4,Antalya,0,0.68,8,0,normal
TXN001868,MUS0258,2024-06-04 21:47:00,Salı,21,0,Döviz,Online,549.62,560.55,-1.9,Antalya,0,0.39,4,0,normal
TXN004857,MUS0700,2024-12-23 03:57:00,Pazartesi,3,1,Elektronik,ATM,292.39,556.42,-47.5,Mersin,0,0.07,10,0,normal
TXN004551,MUS0633,2024-10-06 02:32:00,Pazar,2,1,Online Alışveriş,Fiziksel Kart,136.77,95.56,43.1,Samsun,0,0.43,4,0,normal
TXN002974,MUS0221,2024-02-06 00:03:00,Salı,0,1,Yakıt,ATM,346.06,214.37,61.4,Samsun,0,0.81,17,0,normal
TXN004619,MUS0768,2024-05-25 19:52:00,Cumartesi,19,0,Sağlık,Online,453.89,488.79,-7.1,İzmir,0,0.48,6,0,normal
TXN000403,MUS0204,2024-07-14 16:35:00,Pazar,16,0,Eğlence,Fiziksel Kart,610.87,614.39,-0.6,İstanbul,0,0.59,14,0,normal
TXN000130,MUS0203,2024-10-24 03:24:00,Perşembe,3,1,Sağlık,Online,491.64,315.46,55.8,İzmir,0,0.83,11,0,normal
TXN001970,MUS0371,2024-11-21 13:05:00,Perşembe,13,0,Sağlık,ATM,177.83,276.61,-35.7,Antalya,0,0.04,9,0,normal
TXN004992,MUS0288,2024-03-31 20:06:00,Pazar,20,0,Yakıt,Telefon,6.62,533.4,-98.8,Gaziantep,0,0.14,9,0,normal
TXN003095,MUS0052,2024-11-03 02:38:00,Pazar,2,1,Market,Online,23.9,581.67,-95.9,Samsun,0,5.08,85,1,kart_test
TXN000112,MUS0070,2024-01-03 04:07:00,Çarşamba,4,1,Online Alışveriş,Online,393.28,251.82,56.2,Gaziantep,0,0.85,11,0,normal
TXN000633,MUS0442,2024-11-28 05:14:00,Perşembe,5,1,ATM Nakit,Online,92.68,101.1,-8.3,Konya,0,0.88,14,0,normal
TXN003978,MUS0793,2024-12-24 11:46:00,Salı,11,0,ATM Nakit,Temassız,251.11,369.98,-32.1,İzmir,0,0.11,2,0,normal
TXN003348,MUS0669,2024-12-28 02:53:00,Cumartesi,2,1,Döviz,Temassız,311.42,505.13,-38.3,Konya,0,0.48,10,0,normal
TXN003910,MUS0641,2024-12-29 15:27:00,Pazar,15,0,Online Alışveriş,Online,757.82,716.72,5.7,Antalya,0,0.35,4,0,normal
TXN001535,MUS0349,2024-08-10 16:50:00,Cumartesi,16,0,Uluslararası,Fiziksel Kart,120.87,112.11,7.8,Samsun,0,1.04,5,0,normal
TXN001531,MUS0262,2024-10-30 02:14:00,Çarşamba,2,1,Sağlık,Online,530.46,495.31,7.1,Konya,0,0.15,6,0,normal
TXN002328,MUS0370,2024-05-26 10:18:00,Pazar,10,0,Eğlence,Online,189.49,254.3,-25.5,Eskişehir,0,0.57,2,0,normal
TXN002181,MUS0066,2024-10-20 13:02:00,Pazar,13,0,Yakıt,Online,1151.32,666.91,72.6,Kayseri,0,0.9,10,0,normal
TXN000966,MUS0507,2024-05-21 05:07:00,Salı,5,1,Online Alışveriş,Online,342.13,359.44,-4.8,Mersin,0,0.11,10,0,normal
TXN002743,MUS0271,2024-10-07 21:03:00,Pazartesi,21,0,Market,Online,723.37,631.48,14.6,Antalya,0,1.73,14,0,normal
TXN003323,MUS0225,2024-03-14 10:52:00,Perşembe,10,0,ATM Nakit,Fiziksel Kart,837.81,757.52,10.6,Ankara,0,0.14,0,0,normal
TXN004560,MUS0106,2024-04-13 14:21:00,Cumartesi,14,0,Elektronik,ATM,448.39,725.34,-38.2,İzmir,0,1.37,18,0,normal
TXN003386,MUS0126,2024-07-03 01:16:00,Çarşamba,1,1,Online Alışveriş,Fiziksel Kart,700.26,587.16,19.3,Mersin,0,0.47,3,0,normal
TXN004490,MUS0044,2024-05-08 15:39:00,Çarşamba,15,0,Uluslararası,Fiziksel Kart,240.92,167.48,43.9,Eskişehir,0,0.56,14,0,normal
TXN000706,MUS0111,2024-11-20 11:39:00,Çarşamba,11,0,Döviz,Online,5881.42,254.74,2208.8,Konya,0,5.96,94,1,yuksek_tutar
TXN003772,MUS0041,2024-12-28 08:50:00,Cumartesi,8,0,ATM Nakit,ATM,670.89,549.04,22.2,Samsun,0,0.29,0,0,normal
TXN001581,MUS0598,2024-04-19 22:13:00,Cuma,22,0,Eğlence,ATM,595.12,381.23,56.1,İzmir,0,0.42,3,0,normal
TXN000458,MUS0154,2024-02-21 11:42:00,Çarşamba,11,0,Uluslararası,Online,177.94,182.54,-2.5,Konya,0,0.93,6,0,normal
TXN000651,MUS0041,2024-07-28 21:24:00,Pazar,21,0,Ulaşım,Telefon,663.4,549.04,20.8,Samsun,0,1.16,7,0,normal
TXN000143,MUS0013,2024-04-08 18:45:00,Pazartesi,18,0,Döviz,Fiziksel Kart,387.08,408.66,-5.3,Samsun,0,0.7,4,0,normal
TXN001416,MUS0459,2024-08-29 10:19:00,Perşembe,10,0,Elektronik,Temassız,352.7,280.46,25.8,İzmir,0,0.0,0,0,normal
TXN001995,MUS0753,2024-05-22 19:36:00,Çarşamba,19,0,Sağlık,ATM,302.33,372.16,-18.8,Adana,0,0.21,0,0,normal
TXN001316,MUS0736,2024-03-10 01:12:00,Pazar,1,1,Ulaşım,Fiziksel Kart,12.72,145.95,-91.3,Konya,0,1.09,16,0,normal
TXN003041,MUS0615,2024-05-22 08:38:00,Çarşamba,8,0,Uluslararası,Temassız,791.49,752.55,5.2,Bursa,0,0.32,0,0,normal
TXN001194,MUS0495,2024-06-13 22:36:00,Perşembe,22,0,Ulaşım,Fiziksel Kart,102.78,117.48,-12.5,Adana,0,0.09,3,0,normal
TXN004706,MUS0403,2024-03-10 04:03:00,Pazar,4,1,Market,Temassız,908.28,706.28,28.6,Adana,0,0.95,6,0,normal
TXN000612,MUS0093,2024-07-07 05:14:00,Pazar,5,1,Giyim,Fiziksel Kart,276.25,267.81,3.2,Samsun,0,0.45,5,0,normal
TXN003195,MUS0036,2024-11-14 16:43:00,Perşembe,16,0,Döviz,Fiziksel Kart,4923.52,267.11,1743.3,Ankara,0,2.63,74,1,yuksek_tutar
TXN002633,MUS0143,2024-03-13 05:04:00,Çarşamba,5,1,Giyim,Fiziksel Kart,857.84,305.22,181.1,Mersin,0,1.21,64,1,farkli_sehir
TXN003250,MUS0627,2024-08-13 22:07:00,Salı,22,0,Ulaşım,Online,723.57,639.45,13.2,Konya,0,0.38,7,0,normal
TXN001984,MUS0319,2024-02-15 18:04:00,Perşembe,18,0,Online Alışveriş,Temassız,481.95,404.81,19.1,Antalya,0,1.44,24,0,normal
TXN000404,MUS0413,2024-12-22 21:34:00,Pazar,21,0,Market,Fiziksel Kart,398.91,548.75,-27.3,Konya,0,0.98,12,0,normal
TXN002660,MUS0666,2024-08-22 01:20:00,Perşembe,1,1,ATM Nakit,Online,367.11,520.88,-29.5,İstanbul,0,1.13,15,0,normal
TXN001474,MUS0251,2024-06-14 07:48:00,Cuma,7,0,Online Alışveriş,Fiziksel Kart,170.4,244.71,-30.4,Kayseri,0,1.3,12,0,normal
TXN001504,MUS0714,2024-06-23 07:49:00,Pazar,7,0,Online Alışveriş,ATM,417.21,317.42,31.4,Konya,0,1.24,11,0,normal
TXN000014,MUS0785,2024-12-17 08:52:00,Salı,8,0,Uluslararası,Fiziksel Kart,533.84,484.73,10.1,Ankara,0,0.69,7,0,normal
TXN004940,MUS0360,2024-11-27 02:16:00,Çarşamba,2,1,Online Alışveriş,Online,212.28,227.32,-6.6,Konya,0,0.45,11,0,normal
TXN004663,MUS0123,2024-03-15 22:57:00,Cuma,22,0,Eğlence,Fiziksel Kart,297.88,407.08,-26.8,Adana,0,0.11,0,0,normal
TXN002773,MUS0072,2024-07-09 09:37:00,Salı,9,0,Elektronik,Fiziksel Kart,177.57,112.37,58.0,Ankara,0,1.47,14,0,normal
TXN000962,MUS0194,2024-09-30 02:44:00,Pazartesi,2,1,Eğlence,ATM,192.24,185.12,3.8,İzmir,0,0.03,1,0,normal
TXN001277,MUS0365,2024-05-25 21:20:00,Cumartesi,21,0,ATM Nakit,ATM,813.46,707.18,15.0,Antalya,0,0.27,2,0,normal
TXN002239,MUS0127,2024-12-01 21:01:00,Pazar,21,0,Giyim,Fiziksel Kart,854.96,564.51,51.5,Antalya,0,0.84,18,0,normal
TXN001787,MUS0601,2024-01-07 13:31:00,Pazar,13,0,Elektronik,Temassız,322.51,263.52,22.4,Konya,0,0.47,10,0,normal
TXN003890,MUS0538,2024-01-07 11:47:00,Pazar,11,0,ATM Nakit,ATM,184.76,195.13,-5.3,Gaziantep,0,0.77,17,0,normal
TXN004951,MUS0624,2024-01-27 02:45:00,Cumartesi,2,1,Sağlık,Fiziksel Kart,265.37,473.95,-44.0,Bursa,0,0.69,7,0,normal
TXN001185,MUS0003,2024-01-05 15:18:00,Cuma,15,0,Online Alışveriş,Online,13.16,150.34,-91.2,Ankara,0,5.4,87,1,kart_test
TXN004116,MUS0264,2024-09-23 22:18:00,Pazartesi,22,0,Döviz,Fiziksel Kart,767.67,543.61,41.2,İstanbul,0,0.51,1,0,normal
TXN001565,MUS0594,2024-07-04 08:32:00,Perşembe,8,0,Elektronik,ATM,189.83,110.94,71.1,Eskişehir,0,0.52,8,0,normal
TXN004389,MUS0781,2024-11-04 22:46:00,Pazartesi,22,0,Sağlık,Temassız,803.18,684.21,17.4,Gaziantep,0,0.39,13,0,normal
TXN004552,MUS0364,2024-10-13 04:39:00,Pazar,4,1,Giyim,Fiziksel Kart,111.2,247.84,-55.1,Konya,0,0.96,18,0,normal
TXN000315,MUS0575,2024-02-29 15:55:00,Perşembe,15,0,Eğlence,ATM,318.41,332.77,-4.3,İstanbul,0,1.3,13,0,normal
TXN000481,MUS0753,2024-07-22 20:12:00,Pazartesi,20,0,Online Alışveriş,Online,508.44,372.16,36.6,Adana,0,0.38,0,0,normal
TXN004303,MUS0613,2024-12-02 17:20:00,Pazartesi,17,0,Restoran,Online,164.45,156.66,5.0,Mersin,0,0.47,9,0,normal
TXN002452,MUS0555,2024-07-14 02:43:00,Pazar,2,1,Eğlence,Fiziksel Kart,264.72,189.79,39.5,Kayseri,0,1.54,10,0,normal
TXN001963,MUS0630,2024-09-22 04:20:00,Pazar,4,1,Yakıt,Fiziksel Kart,70.88,102.51,-30.9,Ankara,0,0.24,0,0,normal
TXN004091,MUS0635,2024-02-18 18:07:00,Pazar,18,0,Market,Online,1099.28,667.75,64.6,İzmir,0,1.45,23,0,normal
TXN004866,MUS0504,2024-08-27 14:19:00,Salı,14,0,Online Alışveriş,Online,291.7,722.06,-59.6,İzmir,0,0.74,8,0,normal
TXN001674,MUS0432,2024-01-13 04:05:00,Cumartesi,4,1,Yakıt,Fiziksel Kart,414.33,514.4,-19.5,Konya,0,0.69,1,0,normal
TXN001442,MUS0601,2024-12-08 07:00:00,Pazar,7,0,Ulaşım,ATM,276.48,263.52,4.9,Konya,0,0.35,11,0,normal
TXN002779,MUS0266,2024-08-25 09:30:00,Pazar,9,0,Restoran,Online,204.5,240.19,-14.9,Adana,0,0.52,1,0,normal
TXN001888,MUS0789,2024-02-28 08:46:00,Çarşamba,8,0,Giyim,Fiziksel Kart,360.61,389.19,-7.3,Ankara,0,0.12,4,0,normal
TXN000244,MUS0514,2024-01-11 17:00:00,Perşembe,17,0,Uluslararası,Temassız,229.22,705.35,-67.5,Dubai,1,0.5,15,0,normal
TXN004715,MUS0702,2024-05-30 16:07:00,Perşembe,16,0,ATM Nakit,Fiziksel Kart,308.65,357.42,-13.6,Konya,0,0.34,13,0,normal
TXN004658,MUS0088,2024-01-02 12:15:00,Salı,12,0,Eğlence,Fiziksel Kart,271.65,179.41,51.4,Samsun,0,1.71,18,0,normal
TXN001365,MUS0397,2024-10-21 06:57:00,Pazartesi,6,0,Sağlık,Temassız,1123.84,639.06,75.9,Ankara,0,0.58,1,0,normal
TXN003404,MUS0329,2024-03-14 18:06:00,Perşembe,18,0,Giyim,ATM,661.64,481.54,37.4,İzmir,0,1.22,12,0,normal
TXN001657,MUS0072,2024-09-30 17:39:00,Pazartesi,17,0,Yakıt,Fiziksel Kart,161.52,112.37,43.7,Ankara,0,0.75,17,0,normal
TXN002992,MUS0505,2024-07-21 20:16:00,Pazar,20,0,Eğlence,Online,282.15,251.52,12.2,Adana,0,0.23,10,0,normal
TXN002451,MUS0606,2024-09-09 13:24:00,Pazartesi,13,0,Market,Fiziksel Kart,244.31,297.79,-18.0,Dubai,1,1.3,16,0,normal
TXN000400,MUS0391,2024-12-09 12:39:00,Pazartesi,12,0,Ulaşım,Online,1034.96,543.98,90.3,Antalya,0,0.22,8,0,normal
TXN002355,MUS0714,2024-10-25 03:04:00,Cuma,3,1,Elektronik,Fiziksel Kart,5880.3,317.42,1752.5,Bangkok,1,3.29,71,1,yurtdisi_anomali
TXN001248,MUS0008,2024-10-18 16:12:00,Cuma,16,0,Market,Fiziksel Kart,154.74,159.76,-3.1,Bursa,0,0.76,9,0,normal
TXN004000,MUS0674,2024-03-24 18:49:00,Pazar,18,0,Sağlık,Fiziksel Kart,184.01,253.37,-27.4,Kayseri,0,0.2,10,0,normal
TXN000688,MUS0011,2024-08-15 16:43:00,Perşembe,16,0,Giyim,Temassız,237.05,665.11,-64.4,Mersin,0,0.18,10,0,normal
TXN001652,MUS0156,2024-03-09 10:40:00,Cumartesi,10,0,Sağlık,Online,194.19,158.07,22.9,Bursa,0,0.95,13,0,normal
TXN002113,MUS0649,2024-01-29 21:52:00,Pazartesi,21,0,Restoran,Fiziksel Kart,295.49,574.81,-48.6,İstanbul,0,0.01,0,0,normal
TXN004344,MUS0635,2024-01-21 16:23:00,Pazar,16,0,Sağlık,Telefon,1050.55,667.75,57.3,İzmir,0,0.15,0,0,normal
TXN002845,MUS0601,2024-04-20 03:08:00,Cumartesi,3,1,Sağlık,Online,366.87,263.52,39.2,Konya,0,0.48,13,0,normal
TXN004799,MUS0437,2024-05-19 07:19:00,Pazar,7,0,ATM Nakit,Online,1110.0,605.89,83.2,Ankara,0,0.66,9,0,normal
TXN001827,MUS0746,2024-02-08 17:39:00,Perşembe,17,0,Sağlık,Telefon,282.28,305.96,-7.7,Samsun,0,0.7,2,0,normal
TXN003176,MUS0615,2024-06-03 23:26:00,Pazartesi,23,1,Elektronik,ATM,729.18,752.55,-3.1,İstanbul,0,1.11,12,0,normal
TXN003750,MUS0074,2024-11-15 22:43:00,Cuma,22,0,Elektronik,Fiziksel Kart,48.24,96.74,-50.1,Adana,0,0.64,3,0,normal
TXN000275,MUS0501,2024-08-20 08:55:00,Salı,8,0,Eğlence,Online,72.26,118.61,-39.1,Eskişehir,0,0.42,14,0,normal
TXN003541,MUS0638,2024-05-17 21:33:00,Cuma,21,0,Uluslararası,Fiziksel Kart,486.55,445.24,9.3,Mersin,0,1.61,25,0,normal
TXN002944,MUS0299,2024-04-08 15:25:00,Pazartesi,15,0,ATM Nakit,ATM,370.23,398.01,-7.0,Eskişehir,0,0.72,7,0,normal
TXN003284,MUS0014,2024-08-01 16:49:00,Perşembe,16,0,Ulaşım,Online,292.12,625.05,-53.3,Mersin,0,0.82,12,0,normal
TXN003709,MUS0312,2024-04-11 10:02:00,Perşembe,10,0,Restoran,Online,483.63,614.63,-21.3,Ankara,0,1.05,14,0,normal
TXN000867,MUS0123,2024-05-03 05:06:00,Cuma,5,1,Market,Online,548.23,407.08,34.7,Adana,0,0.85,6,0,normal
TXN004147,MUS0398,2024-09-28 06:58:00,Cumartesi,6,0,Uluslararası,Online,836.57,725.19,15.4,Konya,0,1.56,14,0,normal
TXN000212,MUS0044,2024-05-16 12:33:00,Perşembe,12,0,Uluslararası,Fiziksel Kart,29.37,167.48,-82.5,Eskişehir,0,0.78,3,0,normal
TXN003033,MUS0443,2024-10-16 16:08:00,Çarşamba,16,0,Sağlık,Temassız,204.86,225.78,-9.3,İstanbul,0,2.65,30,0,normal
TXN002436,MUS0346,2024-01-07 21:55:00,Pazar,21,0,Market,Fiziksel Kart,197.09,215.25,-8.4,Gaziantep,0,1.18,16,0,normal
TXN001947,MUS0265,2024-12-06 13:32:00,Cuma,13,0,Giyim,Temassız,101.98,260.92,-60.9,Ankara,0,0.23,4,0,normal
TXN004247,MUS0572,2024-12-06 07:58:00,Cuma,7,0,Eğlence,Temassız,431.34,422.44,2.1,Antalya,0,0.99,11,0,normal
TXN000025,MUS0772,2024-01-18 14:31:00,Perşembe,14,0,Restoran,Online,82.57,100.59,-17.9,Samsun,0,0.53,0,0,normal
TXN001741,MUS0785,2024-12-17 10:01:00,Salı,10,0,Market,Fiziksel Kart,705.75,484.73,45.6,Ankara,0,1.17,13,0,normal
TXN003491,MUS0169,2024-11-16 14:31:00,Cumartesi,14,0,Restoran,Fiziksel Kart,286.53,778.91,-63.2,Ankara,0,0.49,7,0,normal
TXN000752,MUS0289,2024-06-30 16:02:00,Pazar,16,0,ATM Nakit,ATM,210.62,510.16,-58.7,Eskişehir,0,0.1,2,0,normal
TXN000015,MUS0297,2024-12-25 15:51:00,Çarşamba,15,0,Yakıt,Fiziksel Kart,122.81,251.88,-51.2,Mersin,0,1.5,11,0,normal
TXN004899,MUS0188,2024-05-28 04:48:00,Salı,4,1,Sağlık,Telefon,338.97,527.17,-35.7,Ankara,0,0.1,0,0,normal
TXN002706,MUS0364,2024-10-12 07:50:00,Cumartesi,7,0,Restoran,ATM,220.58,247.84,-11.0,Konya,0,0.04,4,0,normal
TXN003933,MUS0433,2024-03-23 05:33:00,Cumartesi,5,1,Giyim,Online,643.86,557.43,15.5,Adana,0,0.45,0,0,normal
TXN003072,MUS0288,2024-08-09 09:17:00,Cuma,9,0,Elektronik,Fiziksel Kart,505.11,533.4,-5.3,Eskişehir,0,0.48,14,0,normal
TXN004486,MUS0063,2024-07-17 05:54:00,Çarşamba,5,1,Yakıt,Temassız,70.79,106.88,-33.8,Samsun,0,0.01,0,0,normal
TXN004212,MUS0428,2024-11-15 03:14:00,Cuma,3,1,Yakıt,Online,414.11,411.13,0.7,Bursa,0,1.81,23,0,normal
TXN000384,MUS0180,2024-04-24 00:50:00,Çarşamba,0,1,ATM Nakit,Temassız,511.26,722.13,-29.2,Konya,0,0.27,4,0,normal
TXN003231,MUS0785,2024-03-04 15:48:00,Pazartesi,15,0,Uluslararası,Online,4831.6,484.73,896.8,Berlin,1,3.45,72,1,yurtdisi_anomali
TXN003318,MUS0622,2024-02-04 04:05:00,Pazar,4,1,Market,Fiziksel Kart,380.47,300.48,26.6,İstanbul,0,0.76,15,0,normal
TXN004561,MUS0168,2024-08-03 15:29:00,Cumartesi,15,0,Elektronik,Fiziksel Kart,83.97,92.37,-9.1,Konya,0,0.75,17,0,normal
TXN002791,MUS0531,2024-07-04 04:37:00,Perşembe,4,1,Sağlık,Fiziksel Kart,182.1,398.37,-54.3,Ankara,0,0.07,0,0,normal
TXN003707,MUS0638,2024-07-22 23:31:00,Pazartesi,23,1,Eğlence,Temassız,278.66,445.24,-37.4,Mersin,0,0.22,0,0,normal
TXN003441,MUS0665,2024-10-28 11:57:00,Pazartesi,11,0,Yakıt,ATM,234.84,773.06,-69.6,Kayseri,0,0.02,4,0,normal
TXN001301,MUS0471,2024-07-10 08:03:00,Çarşamba,8,0,Sağlık,Fiziksel Kart,372.81,364.61,2.2,İzmir,0,0.04,0,0,normal
TXN003726,MUS0349,2024-10-31 11:26:00,Perşembe,11,0,Market,Online,47.07,112.11,-58.0,Samsun,0,0.92,5,0,normal
TXN002694,MUS0278,2024-06-29 16:43:00,Cumartesi,16,0,Yakıt,ATM,639.7,567.32,12.8,Samsun,0,1.13,15,0,normal
TXN000780,MUS0297,2024-04-13 18:40:00,Cumartesi,18,0,Uluslararası,Fiziksel Kart,2271.85,251.88,802.0,Londra,1,4.42,79,1,yurtdisi_anomali
TXN000503,MUS0521,2024-08-31 13:59:00,Cumartesi,13,0,ATM Nakit,Temassız,376.55,370.34,1.7,Eskişehir,0,0.06,6,0,normal
TXN003067,MUS0678,2024-02-29 18:01:00,Perşembe,18,0,ATM Nakit,Temassız,239.38,324.94,-26.3,İzmir,0,1.27,8,0,normal
TXN001312,MUS0358,2024-09-05 07:55:00,Perşembe,7,0,Uluslararası,Fiziksel Kart,462.12,389.52,18.6,Bursa,0,1.13,8,0,normal
TXN000773,MUS0197,2024-03-27 19:22:00,Çarşamba,19,0,Ulaşım,Fiziksel Kart,164.35,710.27,-76.9,Samsun,0,0.74,7,0,normal
TXN000412,MUS0572,2024-01-09 09:27:00,Salı,9,0,Eğlence,ATM,519.73,422.44,23.0,Antalya,0,0.76,3,0,normal
TXN000416,MUS0667,2024-09-16 11:12:00,Pazartesi,11,0,Sağlık,Online,718.82,707.84,1.6,Eskişehir,0,0.16,0,0,normal
TXN001450,MUS0704,2024-11-20 03:09:00,Çarşamba,3,1,Restoran,Fiziksel Kart,121.85,196.09,-37.9,Mersin,0,0.39,2,0,normal
TXN004828,MUS0394,2024-01-29 06:49:00,Pazartesi,6,0,Eğlence,Fiziksel Kart,967.75,593.96,62.9,Kayseri,0,0.2,4,0,normal
TXN001197,MUS0394,2024-01-11 04:38:00,Perşembe,4,1,Market,Online,7.06,593.96,-98.8,Kayseri,0,6.16,94,1,kart_test
TXN002479,MUS0561,2024-04-07 19:03:00,Pazar,19,0,Restoran,Fiziksel Kart,49.85,741.01,-93.3,Gaziantep,0,0.45,5,0,normal
TXN003286,MUS0731,2024-07-16 21:06:00,Salı,21,0,Yakıt,Fiziksel Kart,142.86,183.62,-22.2,İstanbul,0,0.21,10,0,normal
TXN002790,MUS0169,2024-10-02 19:55:00,Çarşamba,19,0,Uluslararası,Fiziksel Kart,1278.35,778.91,64.1,Ankara,0,1.15,17,0,normal
TXN002551,MUS0084,2024-10-23 00:09:00,Çarşamba,0,1,Yakıt,Telefon,753.33,788.05,-4.4,Eskişehir,0,0.69,8,0,normal
TXN002031,MUS0121,2024-02-29 21:59:00,Perşembe,21,0,ATM Nakit,Temassız,519.02,665.6,-22.0,Eskişehir,0,0.06,7,0,normal
TXN003410,MUS0770,2024-12-21 10:40:00,Cumartesi,10,0,ATM Nakit,Fiziksel Kart,601.22,783.88,-23.3,İstanbul,0,1.31,13,0,normal
TXN001822,MUS0622,2024-03-10 20:47:00,Pazar,20,0,Ulaşım,Fiziksel Kart,188.35,300.48,-37.3,İstanbul,0,1.73,27,0,normal
TXN004386,MUS0460,2024-12-13 17:20:00,Cuma,17,0,Online Alışveriş,Fiziksel Kart,610.41,620.02,-1.5,Konya,0,0.5,11,0,normal
TXN003797,MUS0429,2024-03-19 00:31:00,Salı,0,1,ATM Nakit,Online,174.18,342.81,-49.2,Mersin,0,0.92,6,0,normal
TXN003561,MUS0155,2024-10-22 03:00:00,Salı,3,1,Sağlık,ATM,201.81,167.07,20.8,Kayseri,0,0.86,12,0,normal
TXN000065,MUS0617,2024-09-09 14:42:00,Pazartesi,14,0,Uluslararası,Online,381.09,660.0,-42.3,Antalya,0,0.02,10,0,normal
TXN002970,MUS0580,2024-04-25 08:45:00,Perşembe,3,1,Online Alışveriş,ATM,975.0,209.85,364.6,İstanbul,0,3.05,76,1,gece_islemi
TXN003281,MUS0062,2024-03-12 05:14:00,Salı,5,1,Eğlence,Online,53.43,88.35,-39.5,İstanbul,0,0.42,13,0,normal
TXN002270,MUS0230,2024-02-13 02:49:00,Salı,2,1,Online Alışveriş,Fiziksel Kart,315.24,283.23,11.3,Gaziantep,0,0.68,5,0,normal
TXN003610,MUS0081,2024-09-23 13:10:00,Pazartesi,13,0,Eğlence,Online,507.18,495.61,2.3,Gaziantep,0,0.81,18,0,normal
TXN004888,MUS0459,2024-08-29 12:07:00,Perşembe,12,0,Market,Telefon,390.44,280.46,39.2,İzmir,0,1.78,23,0,normal
TXN002266,MUS0055,2024-01-29 11:03:00,Pazartesi,11,0,Restoran,ATM,1118.82,741.95,50.8,Paris,1,0.75,9,0,normal
TXN002449,MUS0108,2024-01-06 14:28:00,Cumartesi,14,0,Giyim,Fiziksel Kart,114.09,390.37,-70.8,Kayseri,0,0.04,1,0,normal
TXN000210,MUS0116,2024-02-03 03:35:00,Cumartesi,3,1,Market,Temassız,174.24,296.06,-41.1,Kayseri,0,1.75,23,0,normal
TXN000122,MUS0264,2024-06-30 05:43:00,Pazar,5,1,Eğlence,Online,681.84,543.61,25.4,İstanbul,0,0.99,9,0,normal
TXN003629,MUS0236,2024-11-01 05:05:00,Cuma,5,1,Eğlence,ATM,273.22,431.82,-36.7,Antalya,0,2.31,28,0,normal
TXN000564,MUS0393,2024-10-03 10:00:00,Perşembe,10,0,Eğlence,Fiziksel Kart,568.84,473.08,20.2,Mersin,0,0.78,13,0,normal
TXN000608,MUS0759,2024-06-03 13:03:00,Pazartesi,13,0,Ulaşım,Telefon,208.01,701.41,-70.3,Konya,0,1.34,8,0,normal
TXN001176,MUS0690,2024-03-10 17:23:00,Pazar,17,0,Eğlence,Fiziksel Kart,462.14,599.34,-22.9,Mersin,0,0.81,5,0,normal
TXN003895,MUS0010,2024-03-19 11:08:00,Salı,11,0,Yakıt,ATM,572.27,777.65,-26.4,Antalya,0,0.82,15,0,normal
TXN004920,MUS0525,2024-10-18 14:01:00,Cuma,14,0,Online Alışveriş,Online,3.22,661.63,-99.5,Konya,0,7.39,93,1,kart_test
TXN004859,MUS0693,2024-12-28 20:39:00,Cumartesi,20,0,ATM Nakit,Online,297.27,470.26,-36.8,Bursa,0,1.26,7,0,normal
TXN002804,MUS0311,2024-02-27 20:30:00,Salı,20,0,Yakıt,Temassız,678.87,797.77,-14.9,Gaziantep,0,0.64,9,0,normal
TXN002426,MUS0216,2024-07-10 07:36:00,Çarşamba,7,0,Eğlence,ATM,239.3,173.04,38.3,İzmir,0,1.67,15,0,normal
TXN000806,MUS0614,2024-11-09 05:47:00,Cumartesi,5,1,Online Alışveriş,Online,344.34,225.75,52.5,Adana,0,0.82,3,0,normal
TXN001274,MUS0082,2024-01-05 07:45:00,Cuma,7,0,Yakıt,Temassız,339.64,257.31,32.0,Adana,0,0.04,3,0,normal
TXN004119,MUS0503,2024-01-09 05:53:00,Salı,5,1,Market,Online,570.89,449.73,26.9,Mersin,0,1.27,21,0,normal
TXN002041,MUS0309,2024-05-08 17:24:00,Çarşamba,17,0,Restoran,Temassız,1019.39,666.02,53.1,Samsun,0,0.68,1,0,normal
TXN003774,MUS0066,2024-03-15 12:29:00,Cuma,12,0,Elektronik,Online,479.67,666.91,-28.1,Antalya,0,0.78,2,0,normal
TXN000131,MUS0294,2024-07-11 14:09:00,Perşembe,14,0,Online Alışveriş,Fiziksel Kart,205.4,276.81,-25.8,Adana,0,1.33,10,0,normal
TXN000812,MUS0221,2024-02-07 19:45:00,Çarşamba,19,0,Giyim,Online,132.3,214.37,-38.3,Samsun,0,1.33,23,0,normal
TXN003743,MUS0585,2024-12-05 19:11:00,Perşembe,19,0,Market,Fiziksel Kart,1038.11,652.37,59.1,Mersin,0,0.87,3,0,normal
TXN002398,MUS0173,2024-07-09 05:01:00,Salı,5,1,Eğlence,Fiziksel Kart,749.18,425.63,76.0,Eskişehir,0,1.57,22,0,normal
TXN001121,MUS0206,2024-11-24 11:19:00,Pazar,11,0,Yakıt,ATM,133.63,108.31,23.4,Eskişehir,0,1.01,8,0,normal
TXN000452,MUS0687,2024-06-14 00:12:00,Cuma,0,1,Online Alışveriş,Online,173.87,358.54,-51.5,Ankara,0,0.66,9,0,normal
TXN000267,MUS0554,2024-02-16 05:58:00,Cuma,5,1,Döviz,Fiziksel Kart,101.63,164.23,-38.1,Antalya,0,0.08,0,0,normal
TXN000714,MUS0034,2024-02-07 15:58:00,Çarşamba,15,0,Restoran,ATM,332.1,244.31,35.9,Bangkok,1,0.59,4,0,normal
TXN004357,MUS0770,2024-09-15 07:21:00,Pazar,7,0,Eğlence,Temassız,565.91,783.88,-27.8,İstanbul,0,0.51,14,0,normal
TXN003275,MUS0335,2024-07-13 14:12:00,Cumartesi,14,0,Sağlık,Fiziksel Kart,584.89,489.35,19.5,Kayseri,0,0.05,7,0,normal
TXN003089,MUS0245,2024-03-03 02:14:00,Pazar,2,1,Uluslararası,Fiziksel Kart,3586.68,264.63,1255.4,Mersin,0,4.77,88,1,yuksek_tutar
TXN003556,MUS0062,2024-07-10 23:31:00,Çarşamba,23,1,Elektronik,Temassız,41.17,88.35,-53.4,İstanbul,0,0.06,6,0,normal
TXN002119,MUS0399,2024-06-24 13:45:00,Pazartesi,13,0,Market,Temassız,395.13,308.66,28.0,İzmir,0,0.59,4,0,normal
TXN004691,MUS0073,2024-06-24 11:31:00,Pazartesi,11,0,Elektronik,Temassız,91.36,84.37,8.3,Antalya,0,0.37,5,0,normal
TXN003358,MUS0366,2024-08-01 12:27:00,Perşembe,12,0,Market,Online,287.74,153.39,87.6,Eskişehir,0,1.33,20,0,normal
TXN000163,MUS0170,2024-09-30 20:25:00,Pazartesi,20,0,Online Alışveriş,Fiziksel Kart,166.64,169.07,-1.4,İzmir,0,0.88,9,0,normal
TXN002836,MUS0565,2024-12-26 12:28:00,Perşembe,12,0,Ulaşım,Fiziksel Kart,111.66,92.17,21.1,Kayseri,0,1.31,22,0,normal
TXN004338,MUS0163,2024-05-17 08:39:00,Cuma,8,0,Yakıt,Temassız,437.97,264.6,65.5,İzmir,0,1.01,6,0,normal
TXN004222,MUS0720,2024-07-30 05:15:00,Salı,5,1,Online Alışveriş,Fiziksel Kart,808.23,607.8,33.0,Gaziantep,0,0.47,10,0,normal
TXN001978,MUS0792,2024-07-31 07:15:00,Çarşamba,7,0,Ulaşım,Temassız,571.9,666.57,-14.2,Gaziantep,0,0.98,14,0,normal
TXN004287,MUS0719,2024-12-20 07:04:00,Cuma,7,0,ATM Nakit,Online,400.73,525.72,-23.8,Konya,0,0.01,6,0,normal
TXN004292,MUS0177,2024-10-09 18:17:00,Çarşamba,18,0,Eğlence,Fiziksel Kart,443.34,680.45,-34.8,Adana,0,0.34,13,0,normal
TXN002450,MUS0128,2024-03-29 02:53:00,Cuma,2,1,Elektronik,Temassız,234.3,230.87,1.5,İstanbul,0,2.22,17,0,normal
TXN001355,MUS0752,2024-07-07 07:19:00,Pazar,7,0,Ulaşım,Temassız,46.52,372.99,-87.5,Mersin,0,1.32,11,0,normal
TXN002220,MUS0711,2024-06-08 05:39:00,Cumartesi,5,1,Ulaşım,Fiziksel Kart,835.83,622.21,34.3,Konya,0,0.6,16,0,normal
TXN004359,MUS0239,2024-06-12 20:44:00,Çarşamba,20,0,Eğlence,ATM,143.22,165.67,-13.6,Bursa,0,0.39,0,0,normal
TXN000825,MUS0097,2024-09-18 01:54:00,Çarşamba,1,1,Ulaşım,Fiziksel Kart,317.69,593.94,-46.5,Adana,0,1.08,15,0,normal
TXN004594,MUS0140,2024-10-17 10:58:00,Perşembe,10,0,Ulaşım,Temassız,161.84,371.03,-56.4,İzmir,0,1.16,15,0,normal
TXN004538,MUS0408,2024-09-21 12:08:00,Cumartesi,12,0,ATM Nakit,Fiziksel Kart,858.05,786.15,9.1,İstanbul,0,0.59,14,0,normal
TXN004712,MUS0043,2024-05-29 23:12:00,Çarşamba,2,1,Döviz,ATM,5291.36,522.25,913.2,İstanbul,0,4.96,89,1,gece_islemi
TXN000278,MUS0454,2024-03-16 21:53:00,Cumartesi,21,0,Giyim,Fiziksel Kart,1452.45,663.91,118.8,Samsun,0,6.88,98,1,farkli_sehir
TXN003800,MUS0562,2024-08-03 10:41:00,Cumartesi,10,0,ATM Nakit,Online,5,262.27,-98.1,Adana,0,0.46,0,0,normal
TXN004149,MUS0628,2024-03-20 06:52:00,Çarşamba,6,0,Döviz,Online,692.79,656.98,5.5,İzmir,0,0.61,13,0,normal
TXN001001,MUS0624,2024-10-10 08:28:00,Perşembe,8,0,Giyim,Temassız,475.3,473.95,0.3,Tokyo,1,0.64,9,0,normal
TXN000852,MUS0612,2024-05-28 21:48:00,Salı,21,0,ATM Nakit,Online,345.24,738.97,-53.3,Bursa,0,0.25,10,0,normal
TXN004143,MUS0014,2024-05-22 16:17:00,Çarşamba,16,0,ATM Nakit,Fiziksel Kart,780.31,625.05,24.8,Mersin,0,0.13,5,0,normal
TXN004699,MUS0684,2024-11-07 20:35:00,Perşembe,20,0,Elektronik,Fiziksel Kart,376.1,291.78,28.9,Adana,0,0.82,16,0,normal
TXN002805,MUS0554,2024-10-26 08:43:00,Cumartesi,8,0,Eğlence,Online,88.87,164.23,-45.9,Antalya,0,0.88,8,0,normal
TXN004245,MUS0101,2024-01-11 00:38:00,Perşembe,0,1,Elektronik,Online,526.83,664.75,-20.7,İzmir,0,0.28,2,0,normal
TXN003722,MUS0589,2024-03-18 22:25:00,Pazartesi,22,0,Market,Fiziksel Kart,177.86,194.3,-8.5,Konya,0,0.54,13,0,normal
TXN002238,MUS0130,2024-07-30 11:47:00,Salı,11,0,Uluslararası,Temassız,534.38,493.83,8.2,Ankara,0,0.1,0,0,normal
TXN001000,MUS0557,2024-02-20 08:13:00,Salı,8,0,Uluslararası,Fiziksel Kart,113.91,137.78,-17.3,Samsun,0,0.44,6,0,normal
TXN003822,MUS0697,2024-06-23 15:20:00,Pazar,15,0,Eğlence,Online,515.11,589.03,-12.5,İstanbul,0,0.07,3,0,normal
TXN001642,MUS0756,2024-12-29 06:28:00,Pazar,6,0,Döviz,Temassız,99.3,149.1,-33.4,Eskişehir,0,0.32,11,0,normal
TXN003425,MUS0735,2024-06-07 09:23:00,Cuma,9,0,Döviz,Fiziksel Kart,456.54,346.16,31.9,Ankara,0,1.74,17,0,normal
TXN000835,MUS0278,2024-11-02 21:55:00,Cumartesi,21,0,Eğlence,Online,308.19,567.32,-45.7,Samsun,0,1.09,6,0,normal
TXN002916,MUS0323,2024-10-08 13:42:00,Salı,13,0,Ulaşım,Fiziksel Kart,218.92,592.84,-63.1,Samsun,0,0.13,5,0,normal
TXN002592,MUS0131,2024-08-09 20:53:00,Cuma,20,0,Eğlence,Temassız,469.65,730.35,-35.7,Konya,0,0.86,5,0,normal
TXN003049,MUS0677,2024-05-05 19:58:00,Pazar,19,0,Uluslararası,Fiziksel Kart,752.86,704.79,6.8,Konya,0,1.66,12,0,normal
TXN001488,MUS0126,2024-11-19 08:27:00,Salı,8,0,Giyim,Telefon,754.56,587.16,28.5,Mersin,0,1.11,20,0,normal
TXN002733,MUS0423,2024-12-12 05:19:00,Perşembe,5,1,Elektronik,Fiziksel Kart,725.83,649.73,11.7,Ankara,0,1.04,15,0,normal
TXN002372,MUS0602,2024-01-06 20:55:00,Cumartesi,20,0,Ulaşım,ATM,567.72,428.12,32.6,Gaziantep,0,0.87,18,0,normal
TXN003988,MUS0495,2024-11-29 00:55:00,Cuma,0,1,Market,Fiziksel Kart,80.63,117.48,-31.4,Adana,0,0.19,8,0,normal
TXN001632,MUS0721,2024-08-29 12:10:00,Perşembe,12,0,Online Alışveriş,Temassız,817.05,621.68,31.4,Konya,0,1.91,19,0,normal
TXN000076,MUS0205,2024-11-02 23:03:00,Cumartesi,23,1,Döviz,Fiziksel Kart,1175.6,607.61,93.5,Mersin,0,0.75,10,0,normal
TXN003003,MUS0469,2024-09-23 05:03:00,Pazartesi,5,1,Sağlık,Fiziksel Kart,142.95,171.34,-16.6,Mersin,0,1.59,24,0,normal
TXN001592,MUS0347,2024-07-28 16:43:00,Pazar,16,0,Eğlence,ATM,530.6,350.9,51.2,Eskişehir,0,0.06,5,0,normal
TXN003996,MUS0731,2024-05-20 00:57:00,Pazartesi,0,1,Döviz,Online,192.49,183.62,4.8,İstanbul,0,0.21,1,0,normal
TXN003985,MUS0555,2024-12-06 13:25:00,Cuma,13,0,Elektronik,Fiziksel Kart,205.73,189.79,8.4,Kayseri,0,0.04,6,0,normal
TXN000041,MUS0408,2024-08-11 05:31:00,Pazar,5,1,Yakıt,Online,741.83,786.15,-5.6,İstanbul,0,0.35,9,0,normal
TXN002154,MUS0259,2024-04-15 13:47:00,Pazartesi,13,0,Uluslararası,Online,437.67,464.23,-5.7,Mersin,0,0.99,10,0,normal
TXN001047,MUS0220,2024-07-20 10:02:00,Cumartesi,10,0,Yakıt,ATM,409.88,260.5,57.3,Ankara,0,1.68,11,0,normal
TXN004623,MUS0398,2024-12-14 14:01:00,Cumartesi,14,0,Restoran,Fiziksel Kart,339.72,725.19,-53.2,Konya,0,0.02,10,0,normal
TXN001188,MUS0695,2024-04-04 10:57:00,Perşembe,10,0,Ulaşım,Online,510.58,467.16,9.3,Eskişehir,0,0.2,0,0,normal
TXN000963,MUS0614,2024-04-02 19:35:00,Salı,19,0,Giyim,Fiziksel Kart,119.9,225.75,-46.9,Adana,0,0.27,0,0,normal
TXN000360,MUS0556,2024-06-06 23:34:00,Perşembe,23,1,Döviz,Online,6044.68,560.6,978.3,Tokyo,1,3.15,77,1,yurtdisi_anomali
TXN003593,MUS0029,2024-07-20 20:15:00,Cumartesi,20,0,Restoran,Fiziksel Kart,239.79,605.64,-60.4,Adana,0,0.48,0,0,normal
TXN004462,MUS0678,2024-05-04 07:31:00,Cumartesi,7,0,Elektronik,Temassız,401.19,324.94,23.5,İzmir,0,0.01,6,0,normal
TXN001620,MUS0647,2024-06-07 23:04:00,Cuma,23,1,Ulaşım,Temassız,313.91,296.97,5.7,İzmir,0,0.92,7,0,normal
TXN002800,MUS0274,2024-04-08 15:43:00,Pazartesi,15,0,Market,Temassız,126.44,133.76,-5.5,İstanbul,0,1.7,20,0,normal
TXN004126,MUS0553,2024-01-18 22:42:00,Perşembe,22,0,Döviz,Fiziksel Kart,771.07,625.21,23.3,Samsun,0,1.56,22,0,normal
TXN003705,MUS0799,2024-06-12 10:40:00,Çarşamba,10,0,Uluslararası,Temassız,1112.28,566.79,96.2,Adana,0,0.92,8,0,normal
TXN003222,MUS0576,2024-05-05 10:59:00,Pazar,10,0,Giyim,Fiziksel Kart,400.98,448.68,-10.6,Ankara,0,0.49,2,0,normal
TXN004524,MUS0693,2024-04-13 18:17:00,Cumartesi,18,0,ATM Nakit,Online,598.26,470.26,27.2,Adana,0,0.71,3,0,normal
TXN003872,MUS0564,2024-09-23 16:23:00,Pazartesi,16,0,Sağlık,Fiziksel Kart,299.31,235.77,26.9,İzmir,0,0.47,13,0,normal
TXN003582,MUS0577,2024-09-28 22:18:00,Cumartesi,22,0,Yakıt,Online,215.2,181.02,18.9,Ankara,0,0.76,15,0,normal
TXN002013,MUS0138,2024-04-18 19:10:00,Perşembe,19,0,Giyim,Online,427.53,253.85,68.4,Samsun,0,1.28,18,0,normal
TXN004774,MUS0353,2024-10-26 22:32:00,Cumartesi,22,0,Uluslararası,Online,250.2,304.24,-17.8,Gaziantep,0,0.12,9,0,normal
TXN001616,MUS0682,2024-09-18 17:57:00,Çarşamba,17,0,Giyim,Fiziksel Kart,309.3,550.38,-43.8,Ankara,0,0.6,12,0,normal
TXN004606,MUS0800,2024-08-23 07:16:00,Cuma,7,0,ATM Nakit,Fiziksel Kart,704.45,736.55,-4.4,Adana,0,1.0,15,0,normal
TXN003009,MUS0388,2024-10-06 19:36:00,Pazar,19,0,Online Alışveriş,Online,962.33,693.28,38.8,Gaziantep,0,2.74,27,0,normal
TXN004177,MUS0356,2024-04-11 21:40:00,Perşembe,21,0,ATM Nakit,Temassız,807.84,650.47,24.2,Samsun,0,2.22,19,0,normal
TXN002659,MUS0504,2024-10-13 16:01:00,Pazar,16,0,Döviz,ATM,795.51,722.06,10.2,İzmir,0,0.18,8,0,normal
TXN000870,MUS0047,2024-07-09 07:11:00,Salı,7,0,Market,Fiziksel Kart,853.56,500.97,70.4,Samsun,0,1.61,13,0,normal
TXN002235,MUS0567,2024-06-29 07:05:00,Cumartesi,7,0,Yakıt,Online,302.11,380.87,-20.7,Samsun,0,1.53,21,0,normal
TXN004471,MUS0721,2024-05-11 20:36:00,Cumartesi,20,0,Elektronik,Fiziksel Kart,270.62,621.68,-56.5,Konya,0,1.14,19,0,normal
TXN002808,MUS0219,2024-09-13 13:28:00,Cuma,13,0,Uluslararası,Temassız,112.11,157.34,-28.7,Gaziantep,0,0.27,11,0,normal
TXN002056,MUS0517,2024-12-20 02:55:00,Cuma,2,1,Market,ATM,109.99,183.98,-40.2,Eskişehir,0,0.32,12,0,normal
TXN004390,MUS0686,2024-10-16 22:22:00,Çarşamba,22,0,Eğlence,Fiziksel Kart,225.45,410.56,-45.1,Kayseri,0,2.92,30,0,normal
TXN004102,MUS0668,2024-03-10 01:30:00,Pazar,1,1,Restoran,Telefon,523.44,516.49,1.3,İstanbul,0,0.82,5,0,normal
TXN001325,MUS0189,2024-05-19 20:28:00,Pazar,20,0,Sağlık,Online,477.42,372.31,28.2,Adana,0,0.44,0,0,normal
TXN000411,MUS0148,2024-03-11 09:13:00,Pazartesi,9,0,Market,ATM,115.8,296.04,-60.9,Gaziantep,0,0.56,6,0,normal
TXN000405,MUS0383,2024-09-10 19:28:00,Salı,19,0,Online Alışveriş,Temassız,684.87,658.6,4.0,Bursa,0,0.17,0,0,normal
TXN001765,MUS0785,2024-03-01 09:02:00,Cuma,9,0,Sağlık,Fiziksel Kart,938.96,484.73,93.7,Ankara,0,1.57,21,0,normal
TXN001887,MUS0484,2024-04-08 23:09:00,Pazartesi,23,1,Uluslararası,Fiziksel Kart,2938.5,565.24,419.9,Moskova,1,3.95,82,1,yurtdisi_anomali
TXN002546,MUS0351,2024-09-23 01:30:00,Pazartesi,1,1,Market,Fiziksel Kart,283.78,431.24,-34.2,Eskişehir,0,1.34,22,0,normal
TXN003991,MUS0082,2024-01-22 20:43:00,Pazartesi,20,0,Ulaşım,Fiziksel Kart,171.36,257.31,-33.4,Adana,0,0.04,1,0,normal
TXN000683,MUS0737,2024-05-20 04:42:00,Pazartesi,4,1,Market,Online,274.13,515.52,-46.8,Eskişehir,0,0.11,0,0,normal
TXN002312,MUS0236,2024-01-13 07:52:00,Cumartesi,7,0,Eğlence,Temassız,582.31,431.82,34.9,Antalya,0,0.31,0,0,normal
TXN003577,MUS0068,2024-07-21 17:31:00,Pazar,17,0,Uluslararası,Temassız,237.83,250.55,-5.1,Ankara,0,0.51,14,0,normal
TXN001219,MUS0185,2024-04-04 13:04:00,Perşembe,13,0,Ulaşım,Fiziksel Kart,169.15,120.39,40.5,Mersin,0,0.04,0,0,normal
TXN002465,MUS0470,2024-02-20 13:01:00,Salı,13,0,Market,Fiziksel Kart,89.63,135.84,-34.0,Samsun,0,0.17,2,0,normal
TXN001261,MUS0451,2024-01-30 05:59:00,Salı,5,1,Elektronik,Online,600.96,616.67,-2.5,İstanbul,0,2.12,26,0,normal
TXN004461,MUS0713,2024-07-25 10:53:00,Perşembe,10,0,Yakıt,Online,261.3,213.75,22.2,Samsun,0,0.01,0,0,normal
TXN003315,MUS0750,2024-10-05 23:53:00,Cumartesi,23,1,Döviz,Telefon,844.45,603.67,39.9,Eskişehir,0,1.06,17,0,normal
TXN004083,MUS0073,2024-06-22 20:31:00,Cumartesi,20,0,Eğlence,Fiziksel Kart,103.97,84.37,23.2,Antalya,0,0.1,0,0,normal
TXN002761,MUS0100,2024-10-16 11:36:00,Çarşamba,11,0,Elektronik,Temassız,71.12,213.86,-66.7,İstanbul,0,1.21,10,0,normal
TXN000079,MUS0497,2024-09-03 17:06:00,Salı,17,0,Sağlık,Fiziksel Kart,121.46,124.6,-2.5,İstanbul,0,0.92,19,0,normal
TXN004834,MUS0664,2024-01-07 06:15:00,Pazar,6,0,Uluslararası,Fiziksel Kart,757.27,581.08,30.3,Amsterdam,1,0.94,10,0,normal
TXN004621,MUS0672,2024-03-20 20:56:00,Çarşamba,20,0,Elektronik,Online,632.06,701.4,-9.9,Mersin,0,0.89,15,0,normal
TXN000715,MUS0154,2024-07-31 18:53:00,Çarşamba,18,0,Giyim,Temassız,165.32,182.54,-9.4,Ankara,0,0.37,3,0,normal
TXN004371,MUS0710,2024-03-17 20:38:00,Pazar,20,0,Giyim,Online,368.47,365.23,0.9,Adana,0,0.35,5,0,normal
TXN002824,MUS0606,2024-01-03 05:44:00,Çarşamba,5,1,Restoran,Online,287.18,297.79,-3.6,Kayseri,0,1.35,14,0,normal
TXN003460,MUS0023,2024-06-18 02:03:00,Salı,2,1,Uluslararası,ATM,661.73,443.77,49.1,Mersin,0,0.49,0,0,normal
TXN000394,MUS0462,2024-03-05 15:27:00,Salı,15,0,Döviz,ATM,229.43,514.51,-55.4,Eskişehir,0,0.52,7,0,normal
TXN004807,MUS0410,2024-10-03 00:35:00,Perşembe,0,1,Giyim,Fiziksel Kart,142.69,128.02,11.5,Konya,0,0.08,8,0,normal
TXN001546,MUS0782,2024-09-04 02:14:00,Çarşamba,2,1,Yakıt,Fiziksel Kart,464.9,660.65,-29.6,Antalya,0,0.89,15,0,normal
TXN002332,MUS0680,2024-02-21 22:25:00,Çarşamba,22,0,ATM Nakit,Online,461.04,438.47,5.1,Bursa,0,1.44,11,0,normal
TXN002603,MUS0776,2024-09-12 14:39:00,Perşembe,14,0,Sağlık,Temassız,682.66,570.38,19.7,İzmir,0,0.95,19,0,normal
TXN003006,MUS0496,2024-04-15 07:49:00,Pazartesi,7,0,Ulaşım,Temassız,522.53,387.8,34.7,Ankara,0,0.81,7,0,normal
TXN004829,MUS0492,2024-12-17 14:11:00,Salı,14,0,Giyim,Fiziksel Kart,430.42,258.21,66.7,İstanbul,0,0.57,11,0,normal
TXN002435,MUS0083,2024-06-15 01:45:00,Cumartesi,1,1,Ulaşım,Temassız,556.66,468.0,18.9,Antalya,0,0.43,2,0,normal
TXN004668,MUS0704,2024-02-18 06:37:00,Pazar,6,0,ATM Nakit,Fiziksel Kart,299.27,196.09,52.6,Mersin,0,0.88,5,0,normal
TXN003058,MUS0689,2024-07-30 17:22:00,Salı,17,0,Döviz,Online,529.6,469.79,12.7,Mersin,0,0.15,11,0,normal
TXN002552,MUS0399,2024-03-21 00:25:00,Perşembe,0,1,Ulaşım,Fiziksel Kart,256.22,308.66,-17.0,İzmir,0,0.41,9,0,normal
TXN004942,MUS0143,2024-12-18 23:11:00,Çarşamba,23,1,Ulaşım,Fiziksel Kart,205.38,305.22,-32.7,İzmir,0,0.87,9,0,normal
TXN004237,MUS0659,2024-04-16 11:48:00,Salı,11,0,Giyim,Fiziksel Kart,445.96,391.32,14.0,İstanbul,0,1.77,22,0,normal
TXN004269,MUS0048,2024-12-18 01:01:00,Çarşamba,1,1,Sağlık,Fiziksel Kart,549.12,484.46,13.3,Eskişehir,0,0.82,16,0,normal
TXN002208,MUS0537,2024-05-19 12:57:00,Pazar,12,0,Sağlık,Fiziksel Kart,514.2,664.98,-22.7,Bursa,0,0.68,5,0,normal
TXN001125,MUS0485,2024-02-25 09:04:00,Pazar,9,0,Sağlık,Fiziksel Kart,99.07,108.19,-8.4,Mersin,0,0.9,14,0,normal
TXN002847,MUS0276,2024-05-28 03:19:00,Salı,3,1,Giyim,Temassız,507.12,452.08,12.2,Adana,0,0.94,16,0,normal
TXN000703,MUS0227,2024-01-03 05:35:00,Çarşamba,5,1,Market,Fiziksel Kart,321.53,226.81,41.8,Mersin,0,0.09,9,0,normal
TXN002681,MUS0141,2024-06-23 23:17:00,Pazar,0,1,Döviz,ATM,2338.89,528.43,342.6,Gaziantep,0,7.34,100,1,gece_islemi
TXN003741,MUS0413,2024-05-01 22:19:00,Çarşamba,22,0,Market,Online,245.93,548.75,-55.2,Konya,0,0.72,7,0,normal
TXN000566,MUS0626,2024-10-08 01:22:00,Salı,1,1,Döviz,Online,239.86,684.1,-64.9,Antalya,0,1.2,8,0,normal
TXN003784,MUS0074,2024-09-30 21:41:00,Pazartesi,21,0,Online Alışveriş,Online,64.01,96.74,-33.8,Adana,0,0.11,0,0,normal
TXN000269,MUS0371,2024-10-16 09:13:00,Çarşamba,9,0,Online Alışveriş,Temassız,347.11,276.61,25.5,Antalya,0,0.63,16,0,normal
TXN002437,MUS0193,2024-08-19 13:25:00,Pazartesi,13,0,Giyim,Fiziksel Kart,299.42,422.78,-29.2,Konya,0,0.88,16,0,normal
TXN004864,MUS0407,2024-03-29 03:16:00,Cuma,3,1,Elektronik,Temassız,537.49,627.92,-14.4,Mersin,0,0.56,3,0,normal
TXN002575,MUS0135,2024-07-04 00:02:00,Perşembe,0,1,Uluslararası,Temassız,679.14,610.35,11.3,Bursa,0,0.35,1,0,normal
TXN000104,MUS0248,2024-07-20 23:14:00,Cumartesi,23,1,Sağlık,Fiziksel Kart,1274.14,326.91,289.8,Konya,0,3.86,77,1,farkli_sehir
TXN004028,MUS0350,2024-11-09 03:30:00,Cumartesi,3,1,Döviz,Telefon,179.6,611.5,-70.6,Bursa,0,0.79,12,0,normal
TXN002799,MUS0708,2024-11-29 17:47:00,Cuma,17,0,Yakıt,Online,161.13,171.18,-5.9,Ankara,0,0.79,10,0,normal
TXN004362,MUS0506,2024-07-10 20:13:00,Çarşamba,20,0,Ulaşım,Fiziksel Kart,746.39,763.08,-2.2,Adana,0,0.65,1,0,normal
TXN004342,MUS0337,2024-10-06 08:00:00,Pazar,8,0,Sağlık,Temassız,268.65,265.52,1.2,Bursa,0,1.16,10,0,normal
TXN003967,MUS0038,2024-06-30 19:35:00,Pazar,19,0,Uluslararası,Fiziksel Kart,7250.0,380.46,1805.6,Adana,0,5.31,81,1,yuksek_tutar
TXN000197,MUS0175,2024-06-15 09:38:00,Cumartesi,9,0,Restoran,Fiziksel Kart,1195.33,673.27,77.5,Mersin,0,1.5,23,0,normal
TXN001264,MUS0762,2024-09-24 06:17:00,Salı,6,0,Uluslararası,Fiziksel Kart,5968.75,666.74,795.2,Moskova,1,5.18,82,1,yurtdisi_anomali
TXN001751,MUS0450,2024-03-30 17:19:00,Cumartesi,17,0,Online Alışveriş,Fiziksel Kart,295.39,648.42,-54.4,Mersin,0,0.53,2,0,normal
TXN003075,MUS0673,2024-09-30 12:57:00,Pazartesi,12,0,Restoran,Temassız,453.41,254.7,78.0,Antalya,0,0.8,17,0,normal
TXN001285,MUS0358,2024-05-02 12:46:00,Perşembe,12,0,Online Alışveriş,Fiziksel Kart,302.29,389.52,-22.4,Bursa,0,0.08,0,0,normal
TXN000530,MUS0225,2024-01-04 11:19:00,Perşembe,11,0,Döviz,Fiziksel Kart,756.45,757.52,-0.1,Ankara,0,1.51,22,0,normal
TXN000390,MUS0535,2024-02-05 05:32:00,Pazartesi,5,1,Sağlık,Fiziksel Kart,73.61,696.24,-89.4,Gaziantep,0,0.31,9,0,normal
TXN002988,MUS0262,2024-05-16 23:31:00,Perşembe,23,1,Döviz,Online,678.89,495.31,37.1,Konya,0,1.01,16,0,normal
TXN002207,MUS0111,2024-08-04 17:19:00,Pazar,17,0,Giyim,Online,182.12,254.74,-28.5,Konya,0,0.18,0,0,normal
TXN001794,MUS0511,2024-08-16 06:40:00,Cuma,6,0,Döviz,Fiziksel Kart,342.81,387.72,-11.6,Samsun,0,0.21,0,0,normal
TXN003469,MUS0009,2024-10-25 21:47:00,Cuma,21,0,Uluslararası,Fiziksel Kart,247.82,163.57,51.5,Paris,1,0.95,17,0,normal
TXN000460,MUS0717,2024-08-25 01:23:00,Pazar,1,1,Yakıt,Fiziksel Kart,483.43,520.91,-7.2,Samsun,0,0.08,0,0,normal
TXN002909,MUS0785,2024-01-07 16:16:00,Pazar,16,0,Restoran,Online,567.89,484.73,17.2,Ankara,0,1.11,10,0,normal
TXN002386,MUS0540,2024-12-17 23:46:00,Salı,23,1,Restoran,Online,274.63,165.05,66.4,Berlin,1,0.6,15,0,normal
TXN000329,MUS0458,2024-10-26 18:57:00,Cumartesi,18,0,Yakıt,Temassız,164.38,312.9,-47.5,Mersin,0,0.58,5,0,normal
TXN003173,MUS0706,2024-09-28 14:34:00,Cumartesi,14,0,Online Alışveriş,Fiziksel Kart,742.54,643.18,15.4,Antalya,0,1.12,9,0,normal
TXN000704,MUS0156,2024-05-20 14:24:00,Pazartesi,14,0,Döviz,Online,119.3,158.07,-24.5,Bursa,0,0.27,3,0,normal
TXN003424,MUS0496,2024-02-16 19:41:00,Cuma,19,0,Uluslararası,Fiziksel Kart,299.94,387.8,-22.7,Ankara,0,0.72,16,0,normal
TXN000931,MUS0332,2024-04-19 23:26:00,Cuma,23,1,Eğlence,Online,942.43,791.81,19.0,Adana,0,1.23,19,0,normal
TXN003723,MUS0300,2024-01-22 14:51:00,Pazartesi,14,0,Ulaşım,Online,696.58,723.01,-3.7,Eskişehir,0,1.64,21,0,normal
TXN004495,MUS0142,2024-02-05 03:11:00,Pazartesi,3,1,Döviz,Temassız,150.69,211.47,-28.7,İstanbul,0,0.35,8,0,normal
TXN003046,MUS0611,2024-03-31 02:53:00,Pazar,2,1,Sağlık,Temassız,904.44,647.46,39.7,İzmir,0,0.05,4,0,normal
TXN003147,MUS0566,2024-04-16 20:19:00,Salı,20,0,Sağlık,Fiziksel Kart,159.55,193.06,-17.4,Samsun,0,1.51,19,0,normal
TXN004853,MUS0194,2024-03-13 01:47:00,Çarşamba,1,1,Online Alışveriş,Temassız,292.42,185.12,58.0,İzmir,0,0.74,11,0,normal
TXN002555,MUS0173,2024-05-07 07:48:00,Salı,7,0,Uluslararası,Temassız,367.36,425.63,-13.7,Eskişehir,0,0.36,8,0,normal
TXN003397,MUS0707,2024-07-11 14:01:00,Perşembe,14,0,Elektronik,Online,184.88,483.74,-61.8,Konya,0,0.02,0,0,normal
TXN002178,MUS0326,2024-07-27 22:12:00,Cumartesi,22,0,Elektronik,Fiziksel Kart,506.45,394.48,28.4,Mersin,0,0.84,17,0,normal
TXN004936,MUS0232,2024-02-13 16:36:00,Salı,16,0,Market,Online,389.87,277.81,40.3,Bangkok,1,1.17,12,0,normal
TXN004582,MUS0218,2024-04-08 19:25:00,Pazartesi,19,0,Market,Fiziksel Kart,517.52,293.9,76.1,Amsterdam,1,1.3,13,0,normal
TXN001941,MUS0430,2024-02-03 16:39:00,Cumartesi,16,0,Giyim,Temassız,561.71,781.17,-28.1,Adana,0,0.08,0,0,normal
TXN000294,MUS0757,2024-07-28 11:55:00,Pazar,11,0,Online Alışveriş,Fiziksel Kart,448.73,529.57,-15.3,Gaziantep,0,2.21,24,0,normal
TXN001927,MUS0384,2024-11-01 18:27:00,Cuma,18,0,Uluslararası,Online,5712.0,750.56,661.0,Amsterdam,1,5.03,90,1,yurtdisi_anomali
TXN004681,MUS0467,2024-05-16 20:23:00,Perşembe,20,0,Eğlence,Fiziksel Kart,153.69,654.42,-76.5,Mersin,0,0.3,0,0,normal
TXN000796,MUS0598,2024-06-18 00:23:00,Salı,0,1,Ulaşım,ATM,390.41,381.23,2.4,İzmir,0,0.02,0,0,normal
TXN004369,MUS0770,2024-06-20 20:44:00,Perşembe,20,0,Ulaşım,Online,1128.27,783.88,43.9,İstanbul,0,1.0,16,0,normal
TXN002713,MUS0296,2024-01-15 23:32:00,Pazartesi,23,1,ATM Nakit,Online,205.2,139.45,47.1,Antalya,0,1.65,16,0,normal
TXN000265,MUS0562,2024-09-20 06:06:00,Cuma,6,0,Market,Fiziksel Kart,220.22,262.27,-16.0,Adana,0,0.93,5,0,normal
TXN001924,MUS0192,2024-03-23 18:02:00,Cumartesi,18,0,Döviz,Fiziksel Kart,731.63,638.78,14.5,Antalya,0,0.43,9,0,normal
TXN000918,MUS0280,2024-11-14 20:32:00,Perşembe,20,0,Ulaşım,ATM,193.04,121.2,59.3,Ankara,0,1.67,16,0,normal
TXN001341,MUS0469,2024-01-22 00:11:00,Pazartesi,0,1,ATM Nakit,Fiziksel Kart,34.42,171.34,-79.9,Mersin,0,0.68,13,0,normal
TXN001366,MUS0480,2024-07-25 03:36:00,Perşembe,3,1,Elektronik,Online,529.15,757.58,-30.2,Konya,0,0.34,7,0,normal
TXN004526,MUS0158,2024-06-25 13:50:00,Salı,13,0,ATM Nakit,Temassız,261.78,255.9,2.3,Konya,0,0.45,13,0,normal
TXN001333,MUS0551,2024-07-04 08:28:00,Perşembe,8,0,Yakıt,Temassız,401.94,533.28,-24.6,New York,1,1.84,20,0,normal
TXN000742,MUS0361,2024-07-08 12:16:00,Pazartesi,12,0,Online Alışveriş,Temassız,877.86,770.95,13.9,Mersin,0,2.26,20,0,normal
TXN002361,MUS0550,2024-07-17 01:56:00,Çarşamba,1,1,Ulaşım,Online,499.82,295.12,69.4,İzmir,0,0.6,9,0,normal
TXN003833,MUS0348,2024-12-25 04:50:00,Çarşamba,4,1,Elektronik,Online,258.89,299.12,-13.4,Adana,0,0.45,4,0,normal
TXN000009,MUS0027,2024-01-18 12:33:00,Perşembe,12,0,Uluslararası,Online,83.13,182.45,-54.4,İzmir,0,0.83,14,0,normal
TXN003898,MUS0570,2024-09-14 01:47:00,Cumartesi,1,1,Döviz,Fiziksel Kart,283.59,270.38,4.9,Ankara,0,1.04,17,0,normal
TXN003778,MUS0207,2024-08-10 05:33:00,Cumartesi,5,1,Ulaşım,Fiziksel Kart,96.14,82.97,15.9,Ankara,0,1.17,13,0,normal
TXN002352,MUS0634,2024-11-22 03:09:00,Cuma,3,1,Restoran,Fiziksel Kart,595.85,725.38,-17.9,Samsun,0,0.29,0,0,normal
TXN000299,MUS0278,2024-12-02 01:44:00,Pazartesi,1,1,Market,Online,817.57,567.32,44.1,Samsun,0,0.43,0,0,normal
TXN003271,MUS0512,2024-06-02 03:04:00,Pazar,3,1,Ulaşım,Fiziksel Kart,581.6,550.18,5.7,Dubai,1,0.82,14,0,normal
TXN000771,MUS0757,2024-03-22 09:48:00,Cuma,9,0,Elektronik,Fiziksel Kart,372.88,529.57,-29.6,Gaziantep,0,0.62,2,0,normal
TXN001377,MUS0347,2024-05-18 19:30:00,Cumartesi,19,0,Elektronik,Online,114.42,350.9,-67.4,Eskişehir,0,0.79,17,0,normal
TXN002553,MUS0301,2024-02-19 23:53:00,Pazartesi,23,1,Uluslararası,Fiziksel Kart,8416.29,372.69,2158.3,İstanbul,0,3.26,73,1,yuksek_tutar
TXN001835,MUS0341,2024-11-04 14:00:00,Pazartesi,14,0,Giyim,Online,144.87,200.52,-27.8,Samsun,0,0.96,9,0,normal
TXN002715,MUS0105,2024-07-24 17:06:00,Çarşamba,17,0,Yakıt,ATM,542.69,544.6,-0.4,Gaziantep,0,0.28,8,0,normal
TXN004584,MUS0611,2024-11-15 10:32:00,Cuma,10,0,Eğlence,Online,1073.19,647.46,65.8,İzmir,0,0.55,9,0,normal
TXN003170,MUS0745,2024-09-28 03:25:00,Cumartesi,3,1,Yakıt,Online,575.55,380.66,51.2,Konya,0,0.45,12,0,normal
TXN004695,MUS0061,2024-07-07 00:24:00,Pazar,0,1,Online Alışveriş,Online,85.87,293.99,-70.8,Antalya,0,0.04,8,0,normal
TXN000398,MUS0622,2024-01-16 20:45:00,Salı,20,0,Restoran,Online,312.79,300.48,4.1,İstanbul,0,0.96,11,0,normal
TXN004110,MUS0473,2024-04-03 08:06:00,Çarşamba,8,0,Eğlence,Online,570.34,616.59,-7.5,Konya,0,0.92,5,0,normal
TXN003368,MUS0773,2024-07-07 23:29:00,Pazar,23,1,Uluslararası,Fiziksel Kart,360.96,425.78,-15.2,Eskişehir,0,0.81,8,0,normal
TXN000291,MUS0448,2024-09-05 18:52:00,Perşembe,18,0,Uluslararası,Online,578.37,442.99,30.6,Antalya,0,0.35,3,0,normal
TXN004846,MUS0353,2024-12-05 21:57:00,Perşembe,21,0,Eğlence,Online,366.0,304.24,20.3,Gaziantep,0,0.58,11,0,normal
TXN004933,MUS0216,2024-07-29 07:55:00,Pazartesi,7,0,Ulaşım,Fiziksel Kart,260.65,173.04,50.6,İzmir,0,0.45,13,0,normal
TXN001994,MUS0756,2024-09-07 21:42:00,Cumartesi,21,0,Ulaşım,Temassız,159.73,149.1,7.1,Eskişehir,0,1.14,16,0,normal
TXN001218,MUS0610,2024-06-30 02:42:00,Pazar,0,1,Döviz,Online,8937.41,776.12,1051.6,Antalya,0,7.3,97,1,gece_islemi
TXN000876,MUS0748,2024-10-17 21:45:00,Perşembe,21,0,Online Alışveriş,Fiziksel Kart,710.38,791.81,-10.3,Ankara,0,0.14,9,0,normal
TXN002246,MUS0126,2024-06-05 15:17:00,Çarşamba,15,0,Uluslararası,Telefon,150.26,587.16,-74.4,Mersin,0,0.64,14,0,normal
TXN000540,MUS0702,2024-03-06 12:35:00,Çarşamba,12,0,Restoran,Online,332.61,357.42,-6.9,Konya,0,0.53,14,0,normal
TXN003519,MUS0055,2024-10-06 08:19:00,Pazar,8,0,Sağlık,Online,609.67,741.95,-17.8,Kayseri,0,0.73,10,0,normal
TXN003162,MUS0299,2024-03-20 17:34:00,Çarşamba,17,0,Restoran,Fiziksel Kart,275.39,398.01,-30.8,Konya,0,0.07,10,0,normal
TXN002617,MUS0701,2024-03-11 21:41:00,Pazartesi,21,0,Giyim,ATM,544.98,373.45,45.9,Samsun,0,0.97,16,0,normal
TXN004510,MUS0480,2024-01-22 05:47:00,Pazartesi,5,1,Eğlence,ATM,755.25,757.58,-0.3,Bursa,0,1.06,14,0,normal
TXN000078,MUS0070,2024-11-24 02:36:00,Pazar,2,1,Giyim,Fiziksel Kart,211.01,251.82,-16.2,Gaziantep,0,0.33,5,0,normal
TXN004482,MUS0540,2024-05-28 02:05:00,Salı,2,1,Elektronik,ATM,197.99,165.05,20.0,İzmir,0,1.81,25,0,normal
TXN003114,MUS0332,2024-01-11 04:57:00,Perşembe,4,1,ATM Nakit,Fiziksel Kart,917.65,791.81,15.9,Adana,0,0.75,16,0,normal
TXN002022,MUS0617,2024-09-30 22:52:00,Pazartesi,22,0,Market,Fiziksel Kart,718.71,660.0,8.9,Antalya,0,0.81,6,0,normal
TXN000441,MUS0362,2024-11-05 04:59:00,Salı,4,1,Online Alışveriş,Fiziksel Kart,417.92,392.31,6.5,Samsun,0,0.74,13,0,normal
TXN002351,MUS0417,2024-05-05 21:47:00,Pazar,21,0,Market,Online,159.49,513.39,-68.9,Gaziantep,0,0.36,1,0,normal
TXN001457,MUS0231,2024-06-07 00:26:00,Cuma,0,1,Ulaşım,Fiziksel Kart,82.37,94.28,-12.6,Mersin,0,0.76,12,0,normal
TXN004096,MUS0568,2024-12-13 19:43:00,Cuma,19,0,Sağlık,Online,427.09,462.57,-7.7,İzmir,0,0.19,10,0,normal
TXN001993,MUS0562,2024-03-03 13:42:00,Pazar,13,0,Ulaşım,Fiziksel Kart,111.24,262.27,-57.6,Adana,0,1.17,15,0,normal
TXN002342,MUS0483,2024-07-06 13:17:00,Cumartesi,4,1,Online Alışveriş,ATM,3498.69,771.64,353.4,Kayseri,0,6.79,96,1,gece_islemi
TXN003366,MUS0476,2024-07-24 13:43:00,Çarşamba,13,0,Sağlık,Online,103.35,85.95,20.2,Samsun,0,1.69,19,0,normal
TXN004214,MUS0525,2024-12-11 07:41:00,Çarşamba,7,0,Market,Telefon,678.25,661.63,2.5,Konya,0,1.39,10,0,normal
TXN004439,MUS0690,2024-03-23 17:11:00,Cumartesi,17,0,Uluslararası,Fiziksel Kart,408.31,599.34,-31.9,Mersin,0,0.01,0,0,normal
TXN001011,MUS0052,2024-04-10 13:38:00,Çarşamba,13,0,Sağlık,Online,689.06,581.67,18.5,Samsun,0,0.99,4,0,normal
TXN000123,MUS0457,2024-06-08 19:12:00,Cumartesi,19,0,Eğlence,Online,141.22,488.61,-71.1,Kayseri,0,0.43,2,0,normal
TXN003711,MUS0022,2024-02-08 19:38:00,Perşembe,19,0,Elektronik,ATM,550.84,740.38,-25.6,Adana,0,0.89,17,0,normal
TXN001226,MUS0289,2024-05-21 08:03:00,Salı,8,0,Restoran,Online,345.41,510.16,-32.3,Eskişehir,0,1.01,12,0,normal
TXN000032,MUS0564,2024-03-01 16:56:00,Cuma,16,0,Elektronik,Temassız,217.75,235.77,-7.6,Eskişehir,0,0.43,1,0,normal
TXN003768,MUS0526,2024-09-28 03:56:00,Cumartesi,3,1,Market,Telefon,820.57,723.08,13.5,Bursa,0,0.98,5,0,normal
TXN002048,MUS0748,2024-07-27 08:52:00,Cumartesi,8,0,Elektronik,Online,746.58,791.81,-5.7,Ankara,0,1.6,25,0,normal
TXN004330,MUS0720,2024-09-27 20:48:00,Cuma,20,0,Döviz,ATM,729.99,607.8,20.1,Londra,1,0.15,0,0,normal
TXN002793,MUS0649,2024-09-21 04:03:00,Cumartesi,4,1,Giyim,Fiziksel Kart,534.6,574.81,-7.0,Eskişehir,0,0.82,15,0,normal
TXN003343,MUS0165,2024-05-09 09:55:00,Perşembe,9,0,Sağlık,Online,86.92,204.55,-57.5,Samsun,0,0.54,14,0,normal
TXN001385,MUS0620,2024-03-22 03:33:00,Cuma,3,1,Uluslararası,Temassız,1080.4,786.13,37.4,Mersin,0,1.05,7,0,normal
TXN000896,MUS0465,2024-07-04 16:01:00,Perşembe,16,0,ATM Nakit,Online,399.39,389.9,2.4,Antalya,0,0.53,3,0,normal
TXN003387,MUS0292,2024-08-20 14:22:00,Salı,14,0,Online Alışveriş,Fiziksel Kart,829.69,560.34,48.1,İstanbul,0,0.32,9,0,normal
TXN001849,MUS0164,2024-02-21 05:09:00,Çarşamba,5,1,Elektronik,Online,745.51,695.03,7.3,Antalya,0,0.46,6,0,normal
TXN003458,MUS0018,2024-03-13 19:56:00,Çarşamba,19,0,Restoran,Fiziksel Kart,117.42,339.95,-65.5,Kayseri,0,1.09,10,0,normal
TXN003400,MUS0195,2024-04-28 05:15:00,Pazar,5,1,Sağlık,Telefon,274.1,290.67,-5.7,Ankara,0,1.22,9,0,normal
TXN000891,MUS0408,2024-12-06 15:14:00,Cuma,15,0,Online Alışveriş,Fiziksel Kart,1216.09,786.15,54.7,İstanbul,0,0.84,11,0,normal
TXN001803,MUS0499,2024-04-30 13:56:00,Salı,13,0,Giyim,Telefon,226.48,563.96,-59.8,Kayseri,0,1.04,10,0,normal
TXN000247,MUS0657,2024-02-17 00:39:00,Cumartesi,0,1,Eğlence,Fiziksel Kart,369.2,264.64,39.5,Bursa,0,0.21,0,0,normal
TXN001948,MUS0447,2024-02-01 10:46:00,Perşembe,10,0,Uluslararası,Temassız,402.54,437.31,-8.0,Samsun,0,0.46,11,0,normal
TXN002928,MUS0296,2024-05-20 07:52:00,Pazartesi,7,0,Döviz,Fiziksel Kart,183.02,139.45,31.2,Antalya,0,0.62,5,0,normal
TXN000604,MUS0597,2024-06-13 03:48:00,Perşembe,3,1,Market,Online,991.86,642.84,54.3,İzmir,0,1.29,10,0,normal
TXN004382,MUS0740,2024-11-14 15:18:00,Perşembe,15,0,Uluslararası,Temassız,158.96,125.71,26.4,Moskova,1,1.09,8,0,normal
TXN001401,MUS0524,2024-01-26 15:07:00,Cuma,15,0,Ulaşım,Temassız,657.66,746.07,-11.9,Antalya,0,1.27,10,0,normal
TXN002867,MUS0404,2024-10-24 17:23:00,Perşembe,17,0,Market,Temassız,1128.01,765.8,47.3,Konya,0,0.24,3,0,normal
TXN000068,MUS0341,2024-09-30 09:42:00,Pazartesi,9,0,Eğlence,Online,139.49,200.52,-30.4,Gaziantep,0,0.09,3,0,normal
TXN001281,MUS0408,2024-06-20 01:36:00,Perşembe,1,1,Sağlık,Online,330.97,786.15,-57.9,İstanbul,0,0.46,5,0,normal
TXN000797,MUS0139,2024-06-18 11:04:00,Salı,11,0,Sağlık,Temassız,882.81,752.4,17.3,Eskişehir,0,2.82,30,0,normal
TXN000721,MUS0353,2024-02-24 10:18:00,Cumartesi,10,0,Döviz,Online,221.45,304.24,-27.2,Gaziantep,0,2.67,30,0,normal
TXN002069,MUS0095,2024-07-01 10:21:00,Pazartesi,10,0,Online Alışveriş,ATM,240.89,406.48,-40.7,Ankara,0,1.3,10,0,normal
TXN001999,MUS0417,2024-11-27 01:08:00,Çarşamba,1,1,Döviz,Fiziksel Kart,576.57,513.39,12.3,Gaziantep,0,0.3,13,0,normal
TXN003732,MUS0023,2024-09-28 14:30:00,Cumartesi,14,0,Restoran,Online,398.48,443.77,-10.2,İzmir,0,1.18,6,0,normal
TXN000467,MUS0588,2024-10-13 08:39:00,Pazar,8,0,Sağlık,Online,767.7,601.34,27.7,Konya,0,0.42,12,0,normal
TXN002900,MUS0028,2024-01-26 23:35:00,Cuma,23,1,Eğlence,Temassız,336.63,251.81,33.7,İstanbul,0,0.61,16,0,normal
TXN003814,MUS0362,2024-03-07 02:02:00,Perşembe,2,1,Sağlık,Fiziksel Kart,470.52,392.31,19.9,Samsun,0,0.28,5,0,normal
TXN002593,MUS0560,2024-08-29 11:45:00,Perşembe,11,0,ATM Nakit,Online,200.35,163.62,22.4,Konya,0,0.78,5,0,normal
TXN000263,MUS0137,2024-03-20 11:05:00,Çarşamba,11,0,Ulaşım,Online,268.92,250.34,7.4,Kayseri,0,0.61,5,0,normal
TXN004488,MUS0545,2024-09-14 18:14:00,Cumartesi,18,0,Restoran,Online,568.21,680.39,-16.5,Ankara,0,0.25,0,0,normal
TXN004481,MUS0030,2024-02-18 08:06:00,Pazar,8,0,Yakıt,Online,130.22,188.41,-30.9,Bursa,0,0.96,13,0,normal
TXN004943,MUS0776,2024-04-13 08:30:00,Cumartesi,8,0,Market,Online,638.08,570.38,11.9,Londra,1,0.49,5,0,normal
TXN002389,MUS0372,2024-12-16 21:13:00,Pazartesi,21,0,Yakıt,Telefon,362.17,332.8,8.8,İzmir,0,0.44,12,0,normal
TXN001631,MUS0214,2024-05-27 19:27:00,Pazartesi,19,0,Eğlence,Fiziksel Kart,414.19,620.37,-33.2,Mersin,0,0.39,11,0,normal
TXN000260,MUS0365,2024-04-05 02:24:00,Cuma,2,1,Online Alışveriş,Temassız,553.71,707.18,-21.7,Antalya,0,0.18,5,0,normal
TXN000498,MUS0532,2024-05-26 19:14:00,Pazar,19,0,Giyim,Online,47.08,105.82,-55.5,Ankara,0,0.06,2,0,normal
TXN000785,MUS0604,2024-07-29 14:10:00,Pazartesi,14,0,Eğlence,Online,626.47,625.23,0.2,Konya,0,0.04,5,0,normal
TXN002543,MUS0378,2024-03-31 05:17:00,Pazar,5,1,Elektronik,Online,67.97,147.68,-54.0,İstanbul,0,2.2,18,0,normal
TXN000156,MUS0172,2024-07-16 21:21:00,Salı,21,0,Giyim,Fiziksel Kart,223.98,304.99,-26.6,Ankara,0,1.81,26,0,normal
TXN003020,MUS0459,2024-03-03 16:25:00,Pazar,16,0,ATM Nakit,ATM,473.44,280.46,68.8,İzmir,0,0.09,1,0,normal
TXN001641,MUS0328,2024-01-10 20:15:00,Çarşamba,20,0,Uluslararası,ATM,317.75,562.24,-43.5,İstanbul,0,0.0,1,0,normal
TXN003065,MUS0499,2024-03-18 16:37:00,Pazartesi,16,0,ATM Nakit,Fiziksel Kart,571.27,563.96,1.3,Kayseri,0,0.94,6,0,normal
TXN002522,MUS0290,2024-06-10 11:23:00,Pazartesi,11,0,Uluslararası,Online,763.62,477.03,60.1,Konya,0,0.46,7,0,normal
TXN000764,MUS0649,2024-07-05 12:26:00,Cuma,12,0,Ulaşım,Online,102.19,574.81,-82.2,İstanbul,0,0.05,6,0,normal
TXN000246,MUS0395,2024-09-30 05:30:00,Pazartesi,5,1,Giyim,Fiziksel Kart,410.37,480.86,-14.7,Eskişehir,0,0.59,15,0,normal
TXN003454,MUS0661,2024-01-07 23:20:00,Pazar,23,1,Uluslararası,Temassız,1016.29,649.1,56.6,Eskişehir,0,0.14,0,0,normal
TXN003224,MUS0212,2024-03-15 23:25:00,Cuma,23,1,ATM Nakit,Online,604.51,557.72,8.4,Antalya,0,0.71,7,0,normal
TXN000209,MUS0798,2024-10-01 19:48:00,Salı,19,0,Elektronik,Fiziksel Kart,600.73,457.04,31.4,Adana,0,1.13,16,0,normal
TXN000605,MUS0683,2024-03-02 17:25:00,Cumartesi,17,0,Döviz,Temassız,347.4,377.95,-8.1,Gaziantep,0,1.28,22,0,normal
TXN003121,MUS0800,2024-08-12 07:29:00,Pazartesi,7,0,Yakıt,Temassız,154.85,736.55,-79.0,Amsterdam,1,0.53,13,0,normal
TXN003639,MUS0389,2024-12-15 05:23:00,Pazar,5,1,Giyim,Online,240.99,345.63,-30.3,Bursa,0,0.05,3,0,normal
TXN003244,MUS0339,2024-11-26 00:52:00,Salı,0,1,Döviz,Fiziksel Kart,69.65,137.42,-49.3,Antalya,0,0.86,9,0,normal
TXN003480,MUS0784,2024-09-19 07:35:00,Perşembe,7,0,Giyim,Online,395.47,382.17,3.5,Mersin,0,0.77,14,0,normal
TXN003221,MUS0425,2024-05-08 15:49:00,Çarşamba,15,0,Yakıt,Online,286.93,601.63,-52.3,Samsun,0,0.55,7,0,normal
TXN002200,MUS0662,2024-01-27 03:53:00,Cumartesi,3,1,Online Alışveriş,Fiziksel Kart,249.6,348.13,-28.3,Eskişehir,0,1.9,20,0,normal
TXN003976,MUS0769,2024-06-18 10:23:00,Salı,10,0,ATM Nakit,Online,19.39,314.58,-93.8,Gaziantep,0,0.22,5,0,normal
TXN000887,MUS0211,2024-10-11 16:43:00,Cuma,16,0,Döviz,Fiziksel Kart,488.19,430.8,13.3,Samsun,0,1.0,5,0,normal
TXN000093,MUS0241,2024-05-24 12:17:00,Cuma,12,0,Yakıt,Fiziksel Kart,222.82,663.83,-66.4,Adana,0,0.5,14,0,normal
TXN002263,MUS0502,2024-02-23 11:08:00,Cuma,11,0,Sağlık,Temassız,424.07,354.95,19.5,Mersin,0,1.25,13,0,normal
TXN000192,MUS0738,2024-10-01 04:17:00,Salı,4,1,Döviz,Fiziksel Kart,500.5,458.21,9.2,Gaziantep,0,0.14,11,0,normal
TXN004076,MUS0044,2024-04-10 04:36:00,Çarşamba,4,1,Eğlence,Fiziksel Kart,243.79,167.48,45.6,Eskişehir,0,1.02,14,0,normal
TXN002052,MUS0219,2024-04-28 09:04:00,Pazar,9,0,Uluslararası,Fiziksel Kart,260.4,157.34,65.5,Gaziantep,0,0.36,5,0,normal
TXN000161,MUS0275,2024-10-05 07:33:00,Cumartesi,7,0,Döviz,ATM,640.36,523.25,22.4,Ankara,0,1.39,23,0,normal
TXN002413,MUS0388,2024-11-10 07:00:00,Pazar,7,0,Ulaşım,Fiziksel Kart,793.27,693.28,14.4,Tokyo,1,0.53,13,0,normal
TXN001189,MUS0542,2024-04-03 10:07:00,Çarşamba,10,0,Online Alışveriş,Online,262.36,289.76,-9.5,Mersin,0,0.88,8,0,normal
TXN001109,MUS0100,2024-05-11 05:35:00,Cumartesi,5,1,Elektronik,ATM,249.67,213.86,16.7,İstanbul,0,1.57,22,0,normal
TXN002117,MUS0526,2024-05-07 07:28:00,Salı,7,0,Online Alışveriş,Temassız,790.75,723.08,9.4,Gaziantep,0,0.19,11,0,normal
TXN003213,MUS0083,2024-05-12 00:24:00,Pazar,0,1,Yakıt,Online,29.79,468.0,-93.6,Antalya,0,0.77,14,0,normal
TXN001619,MUS0707,2024-05-01 20:02:00,Çarşamba,20,0,Market,Online,247.49,483.74,-48.8,Eskişehir,0,0.28,5,0,normal
TXN001491,MUS0045,2024-10-05 00:44:00,Cumartesi,0,1,Sağlık,Fiziksel Kart,391.85,294.03,33.3,Eskişehir,0,0.22,0,0,normal
TXN003090,MUS0714,2024-06-14 16:54:00,Cuma,16,0,ATM Nakit,ATM,425.84,317.42,34.2,Londra,1,0.01,0,0,normal
TXN000925,MUS0388,2024-12-18 20:05:00,Çarşamba,20,0,Eğlence,Temassız,334.84,693.28,-51.7,Gaziantep,0,1.5,20,0,normal
TXN001976,MUS0277,2024-10-02 15:45:00,Çarşamba,15,0,Sağlık,Fiziksel Kart,250.35,396.84,-36.9,Eskişehir,0,0.67,13,0,normal
TXN000018,MUS0061,2024-10-25 00:43:00,Cuma,0,1,Ulaşım,Telefon,396.19,293.99,34.8,Antalya,0,0.18,2,0,normal
TXN001790,MUS0549,2024-07-28 00:30:00,Pazar,0,1,Eğlence,Fiziksel Kart,605.4,663.89,-8.8,İstanbul,0,0.07,5,0,normal
TXN004754,MUS0452,2024-02-25 17:31:00,Pazar,17,0,Restoran,Fiziksel Kart,394.14,542.01,-27.3,Kayseri,0,1.38,14,0,normal
TXN003137,MUS0166,2024-01-30 12:06:00,Salı,12,0,Elektronik,Fiziksel Kart,447.59,368.91,21.3,Kayseri,0,0.29,0,0,normal
TXN001389,MUS0082,2024-11-16 18:15:00,Cumartesi,18,0,Giyim,Online,183.34,257.31,-28.7,Adana,0,0.58,0,0,normal
TXN000482,MUS0137,2024-01-09 03:30:00,Salı,3,1,Ulaşım,Online,250.92,250.34,0.2,Kayseri,0,0.36,4,0,normal
TXN000302,MUS0345,2024-08-23 13:08:00,Cuma,13,0,Giyim,Online,231.21,375.99,-38.5,Gaziantep,0,0.48,1,0,normal
TXN003225,MUS0797,2024-12-20 16:04:00,Cuma,16,0,Restoran,Online,105.46,134.36,-21.5,Ankara,0,0.04,0,0,normal
TXN004947,MUS0586,2024-07-14 16:14:00,Pazar,16,0,Uluslararası,Online,6078.88,570.39,965.7,Moskova,1,5.76,92,1,yurtdisi_anomali
TXN000745,MUS0618,2024-01-20 06:08:00,Cumartesi,6,0,ATM Nakit,Telefon,290.5,288.77,0.6,Eskişehir,0,0.57,13,0,normal
TXN000801,MUS0713,2024-03-20 09:42:00,Çarşamba,9,0,Giyim,Fiziksel Kart,351.37,213.75,64.4,Samsun,0,0.68,7,0,normal
TXN003474,MUS0735,2024-01-10 16:30:00,Çarşamba,16,0,Giyim,Fiziksel Kart,430.36,346.16,24.3,Ankara,0,1.64,21,0,normal
TXN003380,MUS0726,2024-07-17 02:30:00,Çarşamba,2,1,Eğlence,Online,230.35,248.02,-7.1,Adana,0,0.65,12,0,normal
TXN004928,MUS0619,2024-04-22 10:15:00,Pazartesi,10,0,Online Alışveriş,Temassız,566.57,626.62,-9.6,Antalya,0,0.26,5,0,normal
TXN001106,MUS0736,2024-01-01 20:57:00,Pazartesi,20,0,Restoran,Telefon,131.97,145.95,-9.6,Konya,0,0.74,11,0,normal
TXN003017,MUS0554,2024-01-18 23:16:00,Perşembe,23,1,Sağlık,Temassız,108.11,164.23,-34.2,Antalya,0,0.17,0,0,normal
TXN001895,MUS0124,2024-09-12 02:18:00,Perşembe,2,1,Yakıt,ATM,808.0,751.07,7.6,Kayseri,0,0.39,11,0,normal
TXN004615,MUS0587,2024-02-11 18:50:00,Pazar,18,0,Elektronik,Temassız,388.93,617.7,-37.0,Konya,0,0.87,3,0,normal
TXN000581,MUS0199,2024-03-18 05:40:00,Pazartesi,5,1,Giyim,Fiziksel Kart,918.92,464.63,97.8,Gaziantep,0,0.6,14,0,normal
TXN004459,MUS0356,2024-04-15 14:15:00,Pazartesi,14,0,Uluslararası,Fiziksel Kart,472.89,650.47,-27.3,Samsun,0,0.94,9,0,normal
TXN003143,MUS0113,2024-08-18 07:35:00,Pazar,7,0,Market,Fiziksel Kart,238.45,257.37,-7.4,Bursa,0,0.14,2,0,normal
TXN003201,MUS0627,2024-09-09 22:16:00,Pazartesi,22,0,Uluslararası,Temassız,734.28,639.45,14.8,Konya,0,0.18,4,0,normal
TXN003258,MUS0023,2024-05-30 21:02:00,Perşembe,21,0,Giyim,Online,370.35,443.77,-16.5,Mersin,0,0.25,8,0,normal
TXN001627,MUS0028,2024-01-01 05:40:00,Pazartesi,5,1,Eğlence,Online,238.22,251.81,-5.4,Adana,0,1.05,9,0,normal
TXN002569,MUS0076,2024-02-04 07:39:00,Pazar,7,0,Sağlık,ATM,682.44,743.5,-8.2,Samsun,0,1.99,19,0,normal
TXN003186,MUS0240,2024-05-22 17:59:00,Çarşamba,17,0,Elektronik,Temassız,734.92,741.98,-1.0,Samsun,0,0.16,10,0,normal
TXN001589,MUS0259,2024-06-26 17:38:00,Çarşamba,17,0,Uluslararası,ATM,316.86,464.23,-31.7,Mersin,0,1.88,26,0,normal
TXN004978,MUS0282,2024-08-23 01:22:00,Cuma,1,1,Online Alışveriş,Fiziksel Kart,484.63,583.93,-17.0,İstanbul,0,2.69,21,0,normal
TXN001417,MUS0644,2024-11-22 11:50:00,Cuma,11,0,ATM Nakit,Fiziksel Kart,176.5,275.12,-35.8,İzmir,0,0.16,4,0,normal
TXN003712,MUS0777,2024-02-26 22:35:00,Pazartesi,22,0,Uluslararası,Online,153.14,308.55,-50.4,Kayseri,0,0.79,16,0,normal
TXN002336,MUS0480,2024-08-09 16:52:00,Cuma,16,0,Elektronik,Online,902.0,757.58,19.1,Gaziantep,0,1.15,17,0,normal
TXN002155,MUS0791,2024-05-05 09:24:00,Pazar,9,0,Yakıt,Telefon,328.06,384.86,-14.8,Samsun,0,0.04,7,0,normal
TXN004505,MUS0596,2024-09-29 17:38:00,Pazar,17,0,Uluslararası,Online,164.04,217.2,-24.5,İzmir,0,0.76,14,0,normal
TXN001626,MUS0316,2024-03-18 16:27:00,Pazartesi,16,0,Elektronik,Temassız,665.82,461.03,44.4,Gaziantep,0,0.3,3,0,normal
TXN004047,MUS0800,2024-06-09 05:03:00,Pazar,5,1,Eğlence,Temassız,1067.62,736.55,44.9,Adana,0,2.49,27,0,normal
TXN002687,MUS0109,2024-09-28 07:24:00,Cumartesi,7,0,Eğlence,Fiziksel Kart,1638.55,771.66,112.3,Antalya,0,1.61,23,0,normal
TXN002886,MUS0615,2024-04-13 05:42:00,Cumartesi,5,1,Restoran,Fiziksel Kart,697.68,752.55,-7.3,Bursa,0,0.46,3,0,normal
TXN001215,MUS0203,2024-12-06 08:26:00,Cuma,8,0,Elektronik,Online,391.95,315.46,24.2,İzmir,0,1.63,21,0,normal
TXN001050,MUS0182,2024-04-07 10:14:00,Pazar,10,0,Döviz,Fiziksel Kart,39.97,430.34,-90.7,Mersin,0,1.88,19,0,normal
TXN002691,MUS0773,2024-12-20 20:17:00,Cuma,20,0,Uluslararası,Temassız,361.53,425.78,-15.1,Eskişehir,0,0.77,6,0,normal
TXN001138,MUS0614,2024-11-30 23:13:00,Cumartesi,23,1,Döviz,Temassız,217.91,225.75,-3.5,Gaziantep,0,0.25,0,0,normal
TXN000035,MUS0630,2024-08-13 05:28:00,Salı,5,1,Giyim,Temassız,155.07,102.51,51.3,Adana,0,0.36,3,0,normal
TXN000818,MUS0284,2024-09-20 07:11:00,Cuma,7,0,Yakıt,Fiziksel Kart,211.44,281.67,-24.9,Samsun,0,1.35,15,0,normal
TXN004849,MUS0137,2024-03-15 03:50:00,Cuma,3,1,Elektronik,Fiziksel Kart,213.73,250.34,-14.6,Kayseri,0,0.33,7,0,normal
TXN000532,MUS0235,2024-04-20 17:39:00,Cumartesi,17,0,Sağlık,Temassız,174.92,126.4,38.4,Adana,0,0.06,0,0,normal
TXN001785,MUS0127,2024-06-11 06:27:00,Salı,6,0,ATM Nakit,Online,391.01,564.51,-30.7,Konya,0,0.95,17,0,normal
TXN001110,MUS0434,2024-04-22 01:32:00,Pazartesi,1,1,Ulaşım,Fiziksel Kart,114.3,111.37,2.6,İzmir,0,0.46,4,0,normal
TXN000968,MUS0305,2024-01-08 04:29:00,Pazartesi,4,1,Restoran,Temassız,279.45,237.6,17.6,Gaziantep,0,0.76,4,0,normal
TXN002905,MUS0270,2024-02-19 20:26:00,Pazartesi,20,0,Sağlık,Temassız,690.1,595.88,15.8,Antalya,0,0.25,11,0,normal
TXN002763,MUS0655,2024-11-28 10:21:00,Perşembe,10,0,Uluslararası,Online,4413.68,511.81,762.4,Bursa,0,4.44,86,1,yuksek_tutar
TXN002608,MUS0117,2024-04-08 06:16:00,Pazartesi,6,0,Restoran,Telefon,410.83,297.51,38.1,Eskişehir,0,0.85,5,0,normal
TXN004504,MUS0261,2024-06-13 05:42:00,Perşembe,5,1,ATM Nakit,Online,442.38,631.16,-29.9,Mersin,0,0.8,15,0,normal
TXN002632,MUS0562,2024-11-09 07:27:00,Cumartesi,7,0,Giyim,Temassız,103.44,262.27,-60.6,Adana,0,1.4,18,0,normal
TXN004070,MUS0383,2024-12-01 18:33:00,Pazar,18,0,Elektronik,Telefon,921.49,658.6,39.9,Bursa,0,0.31,1,0,normal
TXN002828,MUS0420,2024-12-12 16:25:00,Perşembe,16,0,ATM Nakit,Online,487.91,462.48,5.5,Antalya,0,0.08,3,0,normal
TXN002710,MUS0356,2024-03-02 09:01:00,Cumartesi,9,0,Eğlence,Online,721.68,650.47,10.9,Samsun,0,0.34,11,0,normal
TXN002191,MUS0109,2024-10-10 21:47:00,Perşembe,21,0,Ulaşım,Fiziksel Kart,939.08,771.66,21.7,Antalya,0,1.67,19,0,normal
TXN001120,MUS0315,2024-09-26 13:10:00,Perşembe,13,0,Uluslararası,Fiziksel Kart,333.65,197.14,69.2,Adana,0,4.2,79,1,farkli_sehir
TXN004836,MUS0424,2024-03-15 14:44:00,Cuma,14,0,Döviz,Online,245.6,365.52,-32.8,Gaziantep,0,1.18,13,0,normal
TXN000422,MUS0519,2024-01-05 13:14:00,Cuma,13,0,Yakıt,Fiziksel Kart,803.19,499.23,60.9,Antalya,0,0.87,10,0,normal
TXN004042,MUS0450,2024-03-19 20:35:00,Salı,20,0,Sağlık,ATM,915.98,648.42,41.3,Mersin,0,1.81,13,0,normal
TXN002618,MUS0218,2024-09-21 01:28:00,Cumartesi,1,1,Uluslararası,Temassız,309.66,293.9,5.4,İstanbul,0,1.16,18,0,normal
TXN003419,MUS0374,2024-09-09 08:10:00,Pazartesi,8,0,Sağlık,Fiziksel Kart,851.62,767.34,11.0,Ankara,0,2.28,18,0,normal
TXN000062,MUS0735,2024-10-27 19:12:00,Pazar,19,0,Restoran,Fiziksel Kart,205.92,346.16,-40.5,Bursa,0,0.05,0,0,normal
TXN004580,MUS0703,2024-03-25 04:38:00,Pazartesi,4,1,ATM Nakit,ATM,313.3,491.21,-36.2,Eskişehir,0,0.48,4,0,normal
TXN001438,MUS0789,2024-11-15 00:26:00,Cuma,0,1,ATM Nakit,Fiziksel Kart,239.56,389.19,-38.4,Ankara,0,0.55,14,0,normal
TXN003751,MUS0442,2024-06-28 13:48:00,Cuma,13,0,Uluslararası,Online,135.18,101.1,33.7,Antalya,0,0.38,7,0,normal
TXN003061,MUS0040,2024-05-15 16:22:00,Çarşamba,16,0,Ulaşım,Online,343.27,265.34,29.4,Konya,0,0.09,4,0,normal
TXN001319,MUS0338,2024-06-29 18:32:00,Cumartesi,18,0,Giyim,Temassız,60.69,137.01,-55.7,Samsun,0,0.52,10,0,normal
TXN002287,MUS0526,2024-08-08 17:38:00,Perşembe,17,0,Giyim,Fiziksel Kart,348.58,723.08,-51.8,Bursa,0,1.44,13,0,normal
TXN004578,MUS0397,2024-08-27 23:39:00,Salı,23,1,Ulaşım,Online,1123.21,639.06,75.8,Ankara,0,0.95,11,0,normal
TXN000819,MUS0743,2024-09-11 00:08:00,Çarşamba,0,1,Elektronik,Online,432.41,514.96,-16.0,İzmir,0,0.19,10,0,normal
TXN002716,MUS0167,2024-01-28 08:46:00,Pazar,8,0,Döviz,Fiziksel Kart,236.51,200.91,17.7,Samsun,0,0.16,10,0,normal
TXN000737,MUS0366,2024-04-10 12:00:00,Çarşamba,12,0,ATM Nakit,Temassız,45.16,153.39,-70.6,Eskişehir,0,0.65,3,0,normal
TXN000235,MUS0180,2024-01-16 16:39:00,Salı,16,0,Elektronik,Fiziksel Kart,637.09,722.13,-11.8,Dubai,1,0.04,4,0,normal
TXN000712,MUS0727,2024-07-16 14:46:00,Salı,14,0,Yakıt,Fiziksel Kart,259.73,295.6,-12.1,Konya,0,0.11,10,0,normal
TXN001932,MUS0527,2024-11-23 23:33:00,Cumartesi,23,1,Restoran,Online,827.88,727.85,13.7,Ankara,0,0.36,6,0,normal
TXN000543,MUS0224,2024-06-27 12:02:00,Perşembe,12,0,Eğlence,ATM,586.8,619.08,-5.2,Eskişehir,0,1.27,17,0,normal
TXN001832,MUS0535,2024-05-29 14:03:00,Çarşamba,14,0,Eğlence,Online,590.42,696.24,-15.2,İstanbul,0,0.41,10,0,normal
TXN004405,MUS0429,2024-01-18 00:17:00,Perşembe,0,1,ATM Nakit,Fiziksel Kart,338.4,342.81,-1.3,Mersin,0,0.7,15,0,normal
TXN003659,MUS0294,2024-07-12 07:02:00,Cuma,7,0,Eğlence,Online,5,276.81,-98.2,Adana,0,0.23,5,0,normal
TXN000529,MUS0018,2024-11-20 05:42:00,Çarşamba,5,1,Sağlık,Fiziksel Kart,383.9,339.95,12.9,Kayseri,0,0.15,0,0,normal
TXN002282,MUS0377,2024-12-01 15:24:00,Pazar,15,0,Market,Fiziksel Kart,414.58,370.17,12.0,Samsun,0,0.43,7,0,normal
TXN001969,MUS0626,2024-03-22 16:09:00,Cuma,16,0,Online Alışveriş,Fiziksel Kart,960.16,684.1,40.4,Antalya,0,1.2,20,0,normal
TXN000878,MUS0068,2024-01-10 13:20:00,Çarşamba,13,0,ATM Nakit,Temassız,421.64,250.55,68.3,Ankara,0,0.82,5,0,normal
TXN000385,MUS0091,2024-11-02 01:20:00,Cumartesi,1,1,Online Alışveriş,Temassız,348.8,204.48,70.6,Ankara,0,1.63,18,0,normal
TXN003841,MUS0023,2024-12-19 23:06:00,Perşembe,23,1,Uluslararası,Online,202.44,443.77,-54.4,Mersin,0,2.77,26,0,normal
TXN001280,MUS0733,2024-02-05 19:01:00,Pazartesi,19,0,Yakıt,Online,577.1,470.73,22.6,İzmir,0,0.43,1,0,normal
TXN003282,MUS0256,2024-02-04 14:07:00,Pazar,14,0,Restoran,Online,225.64,296.1,-23.8,İstanbul,0,0.39,0,0,normal
TXN002488,MUS0770,2024-08-31 19:20:00,Cumartesi,19,0,Yakıt,ATM,844.13,783.88,7.7,Mersin,0,0.5,8,0,normal
TXN003856,MUS0655,2024-03-22 21:55:00,Cuma,21,0,Döviz,Fiziksel Kart,292.33,511.81,-42.9,Bursa,0,0.8,13,0,normal
TXN002395,MUS0324,2024-06-17 22:26:00,Pazartesi,22,0,Market,Fiziksel Kart,738.96,621.61,18.9,Samsun,0,0.76,15,0,normal
TXN004971,MUS0160,2024-09-22 18:50:00,Pazar,18,0,Market,Temassız,98.93,88.83,11.4,Gaziantep,0,0.6,10,0,normal
TXN003959,MUS0368,2024-02-23 08:11:00,Cuma,8,0,Yakıt,Online,370.02,317.29,16.6,Bursa,0,0.77,12,0,normal
TXN000080,MUS0541,2024-09-13 19:31:00,Cuma,19,0,Online Alışveriş,Fiziksel Kart,894.16,785.91,13.8,İstanbul,0,0.45,4,0,normal
TXN002852,MUS0216,2024-04-20 16:22:00,Cumartesi,16,0,Elektronik,Online,1528.33,173.04,783.2,İzmir,0,3.54,75,1,yuksek_tutar
TXN000890,MUS0489,2024-01-03 23:15:00,Çarşamba,23,1,Online Alışveriş,Fiziksel Kart,853.58,778.87,9.6,Konya,0,2.53,26,0,normal
TXN003735,MUS0271,2024-04-13 08:06:00,Cumartesi,8,0,Yakıt,Fiziksel Kart,525.55,631.48,-16.8,Antalya,0,1.06,13,0,normal
TXN002625,MUS0016,2024-06-23 17:54:00,Pazar,17,0,Sağlık,ATM,179.51,327.87,-45.2,Kayseri,0,0.4,3,0,normal
TXN001655,MUS0537,2024-11-30 15:09:00,Cumartesi,15,0,Sağlık,ATM,1058.93,664.98,59.2,Bursa,0,0.72,13,0,normal
TXN002380,MUS0580,2024-01-20 01:02:00,Cumartesi,1,1,Giyim,Fiziksel Kart,802.3,209.85,282.3,Adana,0,7.04,98,1,farkli_sehir
TXN002719,MUS0474,2024-11-16 14:25:00,Cumartesi,14,0,Restoran,Fiziksel Kart,264.41,555.37,-52.4,Londra,1,1.33,15,0,normal
TXN003787,MUS0633,2024-11-24 21:33:00,Pazar,21,0,Online Alışveriş,Temassız,114.15,95.56,19.5,Samsun,0,0.65,14,0,normal
TXN003150,MUS0753,2024-06-01 09:25:00,Cumartesi,9,0,Ulaşım,Fiziksel Kart,652.02,372.16,75.2,Adana,0,0.59,4,0,normal
TXN000174,MUS0387,2024-12-18 22:18:00,Çarşamba,22,0,Giyim,Fiziksel Kart,310.25,547.94,-43.4,Antalya,0,1.77,12,0,normal
TXN001534,MUS0474,2024-09-03 04:27:00,Salı,4,1,Yakıt,Telefon,389.46,555.37,-29.9,Ankara,0,0.94,18,0,normal
TXN000732,MUS0020,2024-12-12 03:14:00,Perşembe,3,1,Eğlence,ATM,126.09,80.24,57.1,Samsun,0,0.88,14,0,normal
TXN000908,MUS0344,2024-10-19 02:32:00,Cumartesi,2,1,Eğlence,Online,324.28,243.21,33.3,Mersin,0,2.06,16,0,normal
TXN003698,MUS0793,2024-05-14 00:01:00,Salı,0,1,Döviz,Temassız,192.0,369.98,-48.1,İzmir,0,1.01,13,0,normal
TXN003233,MUS0542,2024-12-15 16:33:00,Pazar,16,0,Uluslararası,Fiziksel Kart,284.83,289.76,-1.7,Mersin,0,1.78,25,0,normal
TXN003813,MUS0354,2024-12-05 22:23:00,Perşembe,22,0,Uluslararası,ATM,137.86,176.57,-21.9,Berlin,1,0.17,5,0,normal
TXN000829,MUS0547,2024-01-31 15:53:00,Çarşamba,15,0,Ulaşım,Fiziksel Kart,811.83,731.66,11.0,Ankara,0,0.65,8,0,normal
TXN000417,MUS0271,2024-11-30 01:32:00,Cumartesi,1,1,Restoran,Online,751.62,631.48,19.0,Kayseri,0,0.94,6,0,normal
TXN002144,MUS0334,2024-01-16 07:20:00,Salı,7,0,Uluslararası,Temassız,481.41,411.07,17.1,Antalya,0,0.28,0,0,normal
TXN004431,MUS0457,2024-09-05 14:28:00,Perşembe,14,0,Online Alışveriş,ATM,384.33,488.61,-21.3,İstanbul,0,0.49,14,0,normal
TXN003699,MUS0292,2024-11-24 20:23:00,Pazar,20,0,ATM Nakit,Fiziksel Kart,939.83,560.34,67.7,Mersin,0,1.31,16,0,normal
TXN004242,MUS0243,2024-04-20 07:10:00,Cumartesi,7,0,Online Alışveriş,Online,38.83,93.38,-58.4,Samsun,0,1.32,17,0,normal
TXN004422,MUS0124,2024-10-15 05:37:00,Salı,5,1,Sağlık,ATM,589.31,751.07,-21.5,Kayseri,0,1.02,19,0,normal
TXN002515,MUS0692,2024-02-12 15:39:00,Pazartesi,15,0,Elektronik,Fiziksel Kart,17.17,91.31,-81.2,Antalya,0,1.24,11,0,normal
TXN003264,MUS0673,2024-05-20 01:06:00,Pazartesi,1,1,Elektronik,Temassız,341.55,254.7,34.1,Ankara,0,1.29,8,0,normal
TXN004554,MUS0480,2024-07-20 22:56:00,Cumartesi,22,0,Online Alışveriş,Temassız,795.58,757.58,5.0,Konya,0,0.83,3,0,normal
TXN004605,MUS0588,2024-07-24 06:48:00,Çarşamba,6,0,Ulaşım,Temassız,331.1,601.34,-44.9,Konya,0,0.5,14,0,normal
TXN002685,MUS0522,2024-04-27 05:34:00,Cumartesi,5,1,Online Alışveriş,Temassız,1298.0,734.17,76.8,İstanbul,0,2.42,30,0,normal
TXN003886,MUS0010,2024-08-11 13:06:00,Pazar,13,0,Restoran,Fiziksel Kart,425.22,777.65,-45.3,Ankara,0,1.08,7,0,normal
TXN004844,MUS0173,2024-06-02 20:30:00,Pazar,20,0,Market,Telefon,287.13,425.63,-32.5,Eskişehir,0,0.89,13,0,normal
TXN002470,MUS0625,2024-01-13 09:32:00,Cumartesi,9,0,Restoran,Fiziksel Kart,857.93,494.54,73.5,Eskişehir,0,5.68,85,1,farkli_sehir
TXN000734,MUS0481,2024-05-28 06:28:00,Salı,6,0,Sağlık,Fiziksel Kart,512.55,732.79,-30.1,Mersin,0,0.33,7,0,normal
TXN004852,MUS0142,2024-02-20 14:35:00,Salı,14,0,Ulaşım,Online,153.45,211.47,-27.4,İstanbul,0,0.44,10,0,normal
TXN004770,MUS0577,2024-01-01 14:12:00,Pazartesi,14,0,Restoran,Online,197.69,181.02,9.2,Ankara,0,0.75,2,0,normal
TXN002116,MUS0688,2024-06-18 16:03:00,Salı,16,0,Giyim,ATM,173.62,210.61,-17.6,Dubai,1,1.26,10,0,normal
TXN004373,MUS0469,2024-01-19 14:21:00,Cuma,14,0,Eğlence,Fiziksel Kart,214.76,171.34,25.3,Mersin,0,0.61,7,0,normal
TXN000791,MUS0418,2024-08-30 22:38:00,Cuma,22,0,Yakıt,Online,324.25,392.3,-17.3,Adana,0,1.58,25,0,normal
TXN001470,MUS0674,2024-08-07 21:27:00,Çarşamba,21,0,Uluslararası,Fiziksel Kart,103.14,253.37,-59.3,Kayseri,0,0.23,8,0,normal
TXN003943,MUS0384,2024-12-24 07:43:00,Salı,7,0,Yakıt,ATM,733.39,750.56,-2.3,Bursa,0,0.17,8,0,normal
TXN001143,MUS0387,2024-03-21 10:36:00,Perşembe,10,0,Ulaşım,ATM,961.94,547.94,75.6,Ankara,0,0.22,2,0,normal
TXN001755,MUS0227,2024-02-04 01:31:00,Pazar,1,1,Ulaşım,Temassız,231.13,226.81,1.9,Adana,0,0.59,12,0,normal
TXN003405,MUS0535,2024-03-22 18:09:00,Cuma,18,0,Online Alışveriş,Fiziksel Kart,1108.42,696.24,59.2,Gaziantep,0,0.27,0,0,normal
TXN002772,MUS0473,2024-05-15 12:42:00,Çarşamba,12,0,Eğlence,ATM,521.03,616.59,-15.5,Konya,0,0.47,0,0,normal
TXN002196,MUS0131,2024-11-26 18:46:00,Salı,18,0,Online Alışveriş,Fiziksel Kart,1120.84,730.35,53.5,Amsterdam,1,2.63,30,0,normal
TXN001339,MUS0614,2024-04-19 22:59:00,Cuma,22,0,Restoran,Fiziksel Kart,196.84,225.75,-12.8,Adana,0,1.64,22,0,normal
TXN002084,MUS0798,2024-04-08 17:36:00,Pazartesi,17,0,Market,Temassız,543.93,457.04,19.0,Adana,0,1.69,22,0,normal
TXN001900,MUS0400,2024-06-30 04:59:00,Pazar,4,1,Eğlence,Telefon,223.49,490.74,-54.5,Samsun,0,0.68,13,0,normal
TXN003780,MUS0661,2024-05-25 11:30:00,Cumartesi,11,0,Uluslararası,Temassız,997.4,649.1,53.7,Eskişehir,0,1.04,18,0,normal
TXN002152,MUS0679,2024-01-12 20:53:00,Cuma,20,0,Giyim,Fiziksel Kart,940.42,655.81,43.4,Gaziantep,0,1.47,15,0,normal
TXN000448,MUS0755,2024-04-20 02:28:00,Cumartesi,2,1,ATM Nakit,Fiziksel Kart,210.13,281.6,-25.4,Adana,0,0.35,11,0,normal
TXN002480,MUS0452,2024-08-07 07:04:00,Çarşamba,7,0,Restoran,Online,56.3,542.01,-89.6,Kayseri,0,0.82,10,0,normal
TXN002982,MUS0116,2024-08-29 05:34:00,Perşembe,5,1,Giyim,Fiziksel Kart,217.39,296.06,-26.6,İzmir,0,2.36,22,0,normal
TXN004113,MUS0145,2024-10-16 00:49:00,Çarşamba,0,1,Restoran,Fiziksel Kart,924.95,644.98,43.4,Antalya,0,0.37,11,0,normal
TXN001588,MUS0569,2024-07-21 06:52:00,Pazar,6,0,Yakıt,Fiziksel Kart,297.41,159.84,86.1,İzmir,0,0.05,9,0,normal
TXN003329,MUS0239,2024-11-19 13:08:00,Salı,13,0,Döviz,Online,186.75,165.67,12.7,Bursa,0,0.37,0,0,normal
TXN004787,MUS0311,2024-06-30 03:26:00,Pazar,3,1,Restoran,ATM,890.88,797.77,11.7,Mersin,0,0.4,14,0,normal
TXN003644,MUS0494,2024-03-29 20:50:00,Cuma,20,0,Döviz,Fiziksel Kart,65.66,87.96,-25.4,İstanbul,0,0.17,0,0,normal
TXN003293,MUS0515,2024-10-27 17:38:00,Pazar,17,0,Restoran,Online,534.76,683.68,-21.8,Antalya,0,0.13,0,0,normal
TXN001228,MUS0234,2024-07-06 17:25:00,Cumartesi,17,0,Ulaşım,Fiziksel Kart,200.73,114.94,74.6,İstanbul,0,0.93,6,0,normal
TXN002770,MUS0108,2024-10-02 21:28:00,Çarşamba,21,0,Eğlence,Temassız,405.35,390.37,3.8,Dubai,1,1.53,21,0,normal
TXN003756,MUS0730,2024-12-19 10:47:00,Perşembe,10,0,Online Alışveriş,Online,361.67,528.56,-31.6,Konya,0,2.31,21,0,normal
TXN001501,MUS0709,2024-05-03 01:27:00,Cuma,1,1,Ulaşım,Fiziksel Kart,828.18,514.0,61.1,Mersin,0,0.76,6,0,normal
TXN003314,MUS0633,2024-07-01 17:25:00,Pazartesi,17,0,Sağlık,Temassız,131.07,95.56,37.2,Samsun,0,1.73,18,0,normal
TXN002440,MUS0132,2024-06-14 02:35:00,Cuma,2,1,Market,Fiziksel Kart,125.41,111.54,12.4,Adana,0,0.76,4,0,normal
TXN000165,MUS0608,2024-03-04 21:31:00,Pazartesi,21,0,Giyim,Online,197.57,176.95,11.7,Amsterdam,1,0.76,6,0,normal
TXN003507,MUS0127,2024-04-15 04:43:00,Pazartesi,4,1,Uluslararası,Fiziksel Kart,523.02,564.51,-7.3,Konya,0,0.47,1,0,normal
TXN003390,MUS0669,2024-09-21 02:50:00,Cumartesi,2,1,Market,Telefon,391.89,505.13,-22.4,Konya,0,0.57,10,0,normal
TXN002776,MUS0275,2024-07-31 09:39:00,Çarşamba,9,0,Restoran,ATM,485.58,523.25,-7.2,Mersin,0,0.81,13,0,normal
TXN004816,MUS0696,2024-09-17 01:11:00,Salı,1,1,Giyim,Temassız,491.32,324.79,51.3,Ankara,0,0.57,6,0,normal
TXN003030,MUS0467,2024-02-24 23:15:00,Cumartesi,23,1,Online Alışveriş,Temassız,747.78,654.42,14.3,Mersin,0,0.13,5,0,normal
TXN001683,MUS0297,2024-09-08 08:17:00,Pazar,8,0,Yakıt,Online,249.61,251.88,-0.9,Mersin,0,0.83,3,0,normal
TXN001284,MUS0290,2024-05-04 10:43:00,Cumartesi,10,0,Elektronik,Fiziksel Kart,617.92,477.03,29.5,Gaziantep,0,0.73,17,0,normal
TXN002212,MUS0606,2024-06-23 16:40:00,Pazar,16,0,Ulaşım,Fiziksel Kart,298.12,297.79,0.1,İzmir,0,0.27,8,0,normal
TXN000119,MUS0774,2024-01-12 14:59:00,Cuma,14,0,Restoran,Temassız,131.45,547.1,-76.0,Gaziantep,0,0.29,0,0,normal
TXN002382,MUS0258,2024-09-16 14:41:00,Pazartesi,14,0,Uluslararası,Online,752.06,560.55,34.2,Antalya,0,0.39,4,0,normal
TXN003677,MUS0761,2024-05-26 21:33:00,Pazar,21,0,Eğlence,Online,1003.18,609.5,64.6,Eskişehir,0,0.9,12,0,normal
TXN002049,MUS0482,2024-03-07 19:50:00,Perşembe,19,0,Uluslararası,Fiziksel Kart,219.71,233.28,-5.8,Kayseri,0,1.1,10,0,normal
TXN003526,MUS0080,2024-03-26 09:47:00,Salı,9,0,Döviz,Fiziksel Kart,204.94,160.47,27.7,Kayseri,0,0.74,10,0,normal
TXN000200,MUS0280,2024-10-20 00:15:00,Pazar,0,1,Uluslararası,Fiziksel Kart,103.23,121.2,-14.8,Ankara,0,0.44,10,0,normal
TXN003617,MUS0138,2024-04-06 04:27:00,Cumartesi,4,1,Restoran,Online,107.55,253.85,-57.6,Antalya,0,0.74,13,0,normal
TXN002627,MUS0538,2024-02-12 03:49:00,Pazartesi,3,1,Giyim,Temassız,268.35,195.13,37.5,Gaziantep,0,0.19,6,0,normal
TXN000321,MUS0723,2024-06-06 02:35:00,Perşembe,2,1,Eğlence,Fiziksel Kart,386.64,614.63,-37.1,Gaziantep,0,1.4,12,0,normal
TXN004194,MUS0625,2024-01-17 08:13:00,Çarşamba,8,0,Uluslararası,ATM,1033.7,494.54,109.0,İzmir,0,1.71,14,0,normal
TXN004097,MUS0475,2024-01-10 04:34:00,Çarşamba,4,1,Online Alışveriş,Fiziksel Kart,324.46,347.41,-6.6,İstanbul,0,1.24,16,0,normal
TXN002054,MUS0492,2024-11-29 04:25:00,Cuma,4,1,Eğlence,Fiziksel Kart,201.38,258.21,-22.0,İstanbul,0,0.49,11,0,normal
TXN002832,MUS0777,2024-06-11 07:09:00,Salı,7,0,Döviz,Temassız,337.55,308.55,9.4,Kayseri,0,1.23,9,0,normal
TXN003960,MUS0080,2024-01-02 14:41:00,Salı,14,0,Elektronik,Temassız,5,160.47,-96.9,Adana,0,0.08,4,0,normal
TXN001310,MUS0431,2024-05-01 00:32:00,Çarşamba,0,1,Uluslararası,Fiziksel Kart,188.35,196.45,-4.1,Konya,0,0.17,3,0,normal
TXN002702,MUS0191,2024-10-11 06:42:00,Cuma,6,0,Restoran,Fiziksel Kart,402.88,297.14,35.6,Londra,1,0.96,14,0,normal
TXN003489,MUS0084,2024-05-05 16:10:00,Pazar,16,0,Döviz,Fiziksel Kart,709.36,788.05,-10.0,Eskişehir,0,1.25,12,0,normal
TXN003656,MUS0603,2024-09-11 13:25:00,Çarşamba,13,0,Yakıt,Telefon,322.19,265.9,21.2,İzmir,0,1.47,24,0,normal
TXN003054,MUS0631,2024-08-26 20:10:00,Pazartesi,2,1,Döviz,Online,8856.42,791.56,1018.9,Adana,0,1.92,74,1,gece_islemi
TXN004545,MUS0251,2024-01-19 09:32:00,Cuma,9,0,Döviz,Fiziksel Kart,312.96,244.71,27.9,Kayseri,0,1.71,13,0,normal
TXN004882,MUS0226,2024-11-16 18:51:00,Cumartesi,18,0,Elektronik,Online,838.51,529.14,58.5,İzmir,0,0.53,15,0,normal
TXN000136,MUS0297,2024-12-21 20:43:00,Cumartesi,20,0,ATM Nakit,Online,402.64,251.88,59.9,Mersin,0,1.23,18,0,normal
TXN003570,MUS0054,2024-11-25 20:55:00,Pazartesi,20,0,Yakıt,Online,95.75,115.25,-16.9,Ankara,0,1.71,20,0,normal
TXN004025,MUS0160,2024-01-03 12:34:00,Çarşamba,12,0,Restoran,Online,65.19,88.83,-26.6,Eskişehir,0,0.02,0,0,normal
TXN003080,MUS0027,2024-01-10 12:11:00,Çarşamba,12,0,Ulaşım,Fiziksel Kart,119.1,182.45,-34.7,İzmir,0,1.97,16,0,normal
TXN002121,MUS0718,2024-09-29 15:02:00,Pazar,15,0,Ulaşım,Online,649.18,710.44,-8.6,İzmir,0,0.07,0,0,normal
TXN004862,MUS0051,2024-10-31 18:57:00,Perşembe,18,0,Yakıt,Fiziksel Kart,733.6,500.39,46.6,Kayseri,0,0.75,3,0,normal
TXN004824,MUS0614,2024-12-13 14:30:00,Cuma,14,0,Ulaşım,Temassız,267.9,225.75,18.7,Adana,0,1.1,9,0,normal
TXN001846,MUS0075,2024-09-26 15:47:00,Perşembe,15,0,Restoran,Temassız,435.63,534.62,-18.5,Amsterdam,1,0.08,0,0,normal
TXN001306,MUS0641,2024-08-11 11:18:00,Pazar,11,0,Eğlence,Online,673.67,716.72,-6.0,Antalya,0,0.96,11,0,normal
TXN002010,MUS0249,2024-04-07 08:49:00,Pazar,8,0,Eğlence,Fiziksel Kart,501.49,394.17,27.2,Kayseri,0,0.37,7,0,normal
TXN000493,MUS0019,2024-03-09 02:55:00,Cumartesi,2,1,Market,Online,1.76,277.67,-99.4,Eskişehir,0,3.27,79,1,kart_test
TXN004581,MUS0733,2024-05-15 21:21:00,Çarşamba,21,0,Eğlence,Fiziksel Kart,607.22,470.73,29.0,İzmir,0,0.26,12,0,normal
TXN002491,MUS0165,2024-09-20 19:35:00,Cuma,19,0,Ulaşım,Fiziksel Kart,267.05,204.55,30.6,Samsun,0,1.69,26,0,normal
TXN002429,MUS0733,2024-12-14 19:28:00,Cumartesi,19,0,Giyim,Telefon,230.84,470.73,-51.0,İzmir,0,0.38,10,0,normal
TXN004704,MUS0405,2024-07-04 06:04:00,Perşembe,6,0,Uluslararası,Temassız,23.95,97.42,-75.4,İzmir,0,0.66,16,0,normal
TXN003769,MUS0337,2024-04-18 16:52:00,Perşembe,16,0,Restoran,Fiziksel Kart,14.86,265.52,-94.4,Bursa,0,0.87,11,0,normal
TXN003007,MUS0367,2024-06-28 13:13:00,Cuma,13,0,ATM Nakit,Online,706.51,738.16,-4.3,Bursa,0,0.22,10,0,normal
TXN003402,MUS0586,2024-12-01 14:11:00,Pazar,14,0,ATM Nakit,ATM,524.57,570.39,-8.0,Antalya,0,0.15,10,0,normal
TXN004919,MUS0481,2024-10-03 02:43:00,Perşembe,3,1,Online Alışveriş,Online,3528.26,732.79,381.5,Gaziantep,0,5.15,83,1,gece_islemi
TXN000331,MUS0437,2024-10-01 01:24:00,Salı,1,1,Market,Online,383.69,605.89,-36.7,Ankara,0,0.63,9,0,normal
TXN000327,MUS0715,2024-09-29 20:57:00,Pazar,20,0,Uluslararası,Online,849.18,725.26,17.1,İstanbul,0,0.91,6,0,normal
TXN001025,MUS0617,2024-06-10 17:49:00,Pazartesi,17,0,ATM Nakit,Fiziksel Kart,722.22,660.0,9.4,Antalya,0,0.85,14,0,normal
TXN000446,MUS0667,2024-11-24 00:29:00,Pazar,0,1,Uluslararası,Fiziksel Kart,842.05,707.84,19.0,Eskişehir,0,1.33,20,0,normal
TXN001712,MUS0734,2024-10-01 15:39:00,Salı,15,0,Uluslararası,Temassız,306.87,204.5,50.1,Eskişehir,0,0.46,8,0,normal
TXN004139,MUS0545,2024-01-09 06:54:00,Salı,6,0,Online Alışveriş,Telefon,804.62,680.39,18.3,Ankara,0,0.33,12,0,normal
TXN001034,MUS0535,2024-06-28 10:06:00,Cuma,10,0,Uluslararası,Fiziksel Kart,756.56,696.24,8.7,Eskişehir,0,1.99,22,0,normal
TXN002091,MUS0120,2024-07-28 09:45:00,Pazar,9,0,ATM Nakit,Fiziksel Kart,130.21,144.37,-9.8,Gaziantep,0,0.22,0,0,normal
TXN002943,MUS0599,2024-05-26 16:56:00,Pazar,16,0,Ulaşım,Fiziksel Kart,180.57,166.87,8.2,İzmir,0,1.54,19,0,normal
TXN002025,MUS0221,2024-06-25 14:30:00,Salı,14,0,Döviz,Fiziksel Kart,389.37,214.37,81.6,Samsun,0,1.74,18,0,normal
TXN001072,MUS0652,2024-05-20 23:03:00,Pazartesi,23,1,Giyim,Online,235.25,255.88,-8.1,Kayseri,0,0.07,9,0,normal
TXN002017,MUS0135,2024-03-07 04:52:00,Perşembe,4,1,Döviz,Fiziksel Kart,788.32,610.35,29.2,Bursa,0,0.43,7,0,normal
TXN004586,MUS0314,2024-01-20 06:54:00,Cumartesi,6,0,Restoran,Fiziksel Kart,575.46,521.97,10.2,Konya,0,0.89,10,0,normal
TXN004328,MUS0159,2024-08-18 20:00:00,Pazar,20,0,Market,Online,512.09,345.26,48.3,İstanbul,0,0.64,9,0,normal
TXN001193,MUS0044,2024-09-03 08:22:00,Salı,8,0,Yakıt,Fiziksel Kart,161.57,167.48,-3.5,Moskova,1,0.27,0,0,normal
TXN001530,MUS0590,2024-09-10 10:30:00,Salı,10,0,Eğlence,Fiziksel Kart,370.54,789.02,-53.0,Konya,0,0.02,0,0,normal
TXN004529,MUS0265,2024-07-19 19:52:00,Cuma,19,0,Sağlık,Fiziksel Kart,180.41,260.92,-30.9,Ankara,0,0.14,3,0,normal
TXN003369,MUS0307,2024-12-16 07:43:00,Pazartesi,7,0,Döviz,Temassız,635.83,556.55,14.2,Antalya,0,0.35,9,0,normal
TXN003918,MUS0242,2024-02-26 09:28:00,Pazartesi,9,0,Restoran,Online,98.07,120.25,-18.4,İstanbul,0,0.46,0,0,normal
TXN002525,MUS0013,2024-02-25 15:11:00,Pazar,15,0,Eğlence,Temassız,149.34,408.66,-63.5,Samsun,0,1.13,19,0,normal
TXN001867,MUS0591,2024-04-10 22:34:00,Çarşamba,22,0,Elektronik,ATM,1285.03,687.49,86.9,Eskişehir,0,0.34,9,0,normal
TXN000828,MUS0328,2024-01-03 14:07:00,Çarşamba,14,0,Eğlence,Fiziksel Kart,172.96,562.24,-69.2,İstanbul,0,0.75,3,0,normal
TXN002407,MUS0485,2024-06-20 16:26:00,Perşembe,16,0,Restoran,Fiziksel Kart,89.91,108.19,-16.9,Mersin,0,1.09,12,0,normal
TXN002978,MUS0756,2024-09-14 18:03:00,Cumartesi,18,0,Restoran,Temassız,121.47,149.1,-18.5,Eskişehir,0,0.08,0,0,normal
TXN003241,MUS0127,2024-04-23 19:19:00,Salı,19,0,Online Alışveriş,Temassız,483.45,564.51,-14.4,Kayseri,0,0.32,7,0,normal
TXN000746,MUS0082,2024-06-27 22:44:00,Perşembe,22,0,Market,Online,219.29,257.31,-14.8,Adana,0,0.62,12,0,normal
TXN000648,MUS0430,2024-06-01 04:13:00,Cumartesi,4,1,Elektronik,Temassız,319.67,781.17,-59.1,Adana,0,0.36,4,0,normal
TXN004309,MUS0388,2024-01-20 17:14:00,Cumartesi,17,0,Yakıt,Fiziksel Kart,356.19,693.28,-48.6,Gaziantep,0,1.21,16,0,normal
TXN000601,MUS0240,2024-07-28 14:38:00,Pazar,14,0,Elektronik,Online,626.87,741.98,-15.5,Samsun,0,0.07,0,0,normal
TXN003498,MUS0778,2024-10-21 05:57:00,Pazartesi,5,1,Restoran,Online,111.0,164.22,-32.4,Kayseri,0,1.03,10,0,normal
TXN001599,MUS0120,2024-10-28 11:53:00,Pazartesi,11,0,Sağlık,Online,232.24,144.37,60.9,Londra,1,0.58,3,0,normal
TXN004946,MUS0493,2024-02-02 08:35:00,Cuma,8,0,Restoran,ATM,164.6,187.36,-12.1,Bursa,0,1.32,23,0,normal
TXN004410,MUS0432,2024-12-28 20:31:00,Cumartesi,20,0,Yakıt,Fiziksel Kart,861.23,514.4,67.4,Konya,0,0.91,10,0,normal
TXN001617,MUS0077,2024-03-04 04:04:00,Pazartesi,4,1,Ulaşım,Online,746.93,627.95,18.9,Samsun,0,1.77,27,0,normal
TXN000345,MUS0577,2024-07-12 09:27:00,Cuma,9,0,Online Alışveriş,Fiziksel Kart,724.06,181.02,300.0,Eskişehir,0,2.78,69,1,farkli_sehir
TXN000499,MUS0155,2024-09-01 15:02:00,Pazar,15,0,Eğlence,Fiziksel Kart,212.61,167.07,27.3,Kayseri,0,1.31,21,0,normal
TXN000090,MUS0496,2024-02-18 00:14:00,Pazar,0,1,Sağlık,Fiziksel Kart,321.52,387.8,-17.1,Ankara,0,0.8,14,0,normal
TXN004050,MUS0253,2024-02-01 04:58:00,Perşembe,4,1,Yakıt,ATM,556.76,771.17,-27.8,Mersin,0,0.52,15,0,normal
TXN004924,MUS0600,2024-09-11 08:52:00,Çarşamba,8,0,Elektronik,Temassız,319.23,430.97,-25.9,İzmir,0,0.69,13,0,normal
TXN002324,MUS0420,2024-11-26 20:44:00,Salı,20,0,Sağlık,Fiziksel Kart,407.41,462.48,-11.9,Antalya,0,1.14,14,0,normal
TXN000748,MUS0140,2024-01-12 04:40:00,Cuma,4,1,Online Alışveriş,ATM,271.25,371.03,-26.9,Moskova,1,1.35,12,0,normal
TXN001009,MUS0662,2024-05-28 01:53:00,Salı,1,1,Restoran,ATM,151.6,348.13,-56.5,Samsun,0,1.03,16,0,normal
TXN002896,MUS0176,2024-08-26 09:02:00,Pazartesi,9,0,Eğlence,Online,175.55,143.28,22.5,Mersin,0,0.98,15,0,normal
TXN001056,MUS0449,2024-09-14 05:38:00,Cumartesi,5,1,Döviz,Online,459.26,431.62,6.4,Kayseri,0,0.15,0,0,normal
TXN002007,MUS0483,2024-10-06 17:24:00,Pazar,17,0,Online Alışveriş,Fiziksel Kart,331.7,771.64,-57.0,Kayseri,0,1.01,16,0,normal
TXN001596,MUS0487,2024-11-22 14:57:00,Cuma,14,0,Ulaşım,Telefon,326.76,426.85,-23.4,Gaziantep,0,0.79,3,0,normal
TXN000195,MUS0055,2024-07-25 10:16:00,Perşembe,10,0,Giyim,Fiziksel Kart,640.75,741.95,-13.6,Kayseri,0,0.71,7,0,normal
TXN003523,MUS0056,2024-05-13 01:15:00,Pazartesi,1,1,Restoran,Fiziksel Kart,379.36,433.94,-12.6,Adana,0,0.51,14,0,normal
TXN003310,MUS0474,2024-06-14 01:48:00,Cuma,1,1,Restoran,Temassız,589.31,555.37,6.1,Ankara,0,1.04,13,0,normal
TXN004278,MUS0760,2024-11-17 09:41:00,Pazar,9,0,Market,Temassız,377.04,401.62,-6.1,Mersin,0,1.19,8,0,normal
TXN003376,MUS0438,2024-05-26 12:31:00,Pazar,12,0,Eğlence,Fiziksel Kart,113.72,107.62,5.7,Londra,1,0.76,16,0,normal
TXN003657,MUS0770,2024-03-09 18:08:00,Cumartesi,18,0,Restoran,Online,1038.12,783.88,32.4,İstanbul,0,1.55,22,0,normal
TXN000589,MUS0167,2024-04-12 08:12:00,Cuma,8,0,Yakıt,Online,112.66,200.91,-43.9,Ankara,0,0.58,13,0,normal
TXN002941,MUS0360,2024-01-09 12:47:00,Salı,12,0,Döviz,Temassız,202.94,227.32,-10.7,Konya,0,0.54,4,0,normal
TXN004949,MUS0357,2024-03-16 04:40:00,Cumartesi,4,1,Sağlık,Fiziksel Kart,550.66,381.21,44.5,Gaziantep,0,0.4,12,0,normal
TXN001394,MUS0583,2024-08-07 21:24:00,Çarşamba,21,0,Online Alışveriş,Fiziksel Kart,874.49,682.61,28.1,Samsun,0,1.31,13,0,normal
TXN003019,MUS0728,2024-10-27 10:03:00,Pazar,10,0,Yakıt,Online,899.46,765.8,17.5,Adana,0,0.39,4,0,normal
TXN002180,MUS0561,2024-08-15 00:00:00,Perşembe,0,1,Online Alışveriş,Fiziksel Kart,682.57,741.01,-7.9,Gaziantep,0,0.33,3,0,normal
TXN002946,MUS0741,2024-06-10 11:39:00,Pazartesi,11,0,ATM Nakit,Temassız,135.88,160.9,-15.6,Eskişehir,0,1.07,14,0,normal
TXN004913,MUS0660,2024-01-10 05:42:00,Çarşamba,5,1,ATM Nakit,Fiziksel Kart,300.78,352.16,-14.6,Kayseri,0,0.63,14,0,normal
TXN001360,MUS0645,2024-02-11 17:07:00,Pazar,17,0,Eğlence,Fiziksel Kart,72.89,131.67,-44.6,Bursa,0,1.14,9,0,normal
TXN003893,MUS0788,2024-08-07 19:37:00,Çarşamba,19,0,Online Alışveriş,Fiziksel Kart,136.81,140.14,-2.4,Kayseri,0,1.33,22,0,normal
TXN004182,MUS0331,2024-12-27 15:49:00,Cuma,15,0,Giyim,Temassız,480.24,578.69,-17.0,Konya,0,0.6,15,0,normal
TXN002769,MUS0357,2024-11-29 15:38:00,Cuma,15,0,Sağlık,Temassız,211.18,381.21,-44.6,Gaziantep,0,0.11,0,0,normal
TXN003670,MUS0103,2024-05-18 21:57:00,Cumartesi,21,0,Döviz,Fiziksel Kart,83.82,210.47,-60.2,Konya,0,0.47,0,0,normal
TXN004185,MUS0144,2024-12-17 14:11:00,Salı,14,0,Sağlık,Online,223.38,300.05,-25.6,Kayseri,0,1.4,13,0,normal
TXN003818,MUS0438,2024-06-04 14:52:00,Salı,14,0,ATM Nakit,Temassız,120.12,107.62,11.6,Gaziantep,0,1.78,19,0,normal
TXN000222,MUS0518,2024-07-28 20:26:00,Pazar,20,0,Ulaşım,Temassız,493.79,359.24,37.5,Dubai,1,0.17,9,0,normal
TXN003748,MUS0391,2024-10-13 11:06:00,Pazar,11,0,Sağlık,Online,853.38,543.98,56.9,Mersin,0,0.99,8,0,normal
TXN000656,MUS0546,2024-02-21 06:27:00,Çarşamba,6,0,Elektronik,Fiziksel Kart,1738.84,150.13,1058.2,Samsun,0,4.41,78,1,yuksek_tutar
TXN002508,MUS0319,2024-08-19 06:26:00,Pazartesi,6,0,Döviz,Online,581.14,404.81,43.6,Antalya,0,0.92,8,0,normal
TXN000296,MUS0249,2024-04-08 05:36:00,Pazartesi,5,1,Restoran,ATM,131.21,394.17,-66.7,Kayseri,0,1.15,6,0,normal
TXN004393,MUS0413,2024-06-26 23:54:00,Çarşamba,23,1,Restoran,Fiziksel Kart,692.32,548.75,26.2,Konya,0,1.36,12,0,normal
TXN000695,MUS0078,2024-08-31 18:49:00,Cumartesi,18,0,Giyim,Fiziksel Kart,540.54,756.87,-28.6,Ankara,0,0.35,0,0,normal
TXN002258,MUS0599,2024-04-10 18:44:00,Çarşamba,18,0,Yakıt,Fiziksel Kart,212.77,166.87,27.5,İzmir,0,0.87,13,0,normal
TXN004522,MUS0689,2024-06-06 19:55:00,Perşembe,19,0,Uluslararası,Online,281.78,469.79,-40.0,Mersin,0,0.56,2,0,normal
TXN001645,MUS0194,2024-04-14 18:52:00,Pazar,18,0,Online Alışveriş,ATM,151.45,185.12,-18.2,İzmir,0,0.21,0,0,normal
TXN001556,MUS0625,2024-05-13 18:14:00,Pazartesi,18,0,Döviz,Fiziksel Kart,901.23,494.54,82.2,İzmir,0,0.32,10,0,normal
TXN004046,MUS0666,2024-12-11 01:48:00,Çarşamba,1,1,Giyim,Fiziksel Kart,638.84,520.88,22.6,Gaziantep,0,1.42,16,0,normal
TXN004572,MUS0595,2024-11-15 18:16:00,Cuma,18,0,Eğlence,Online,432.54,531.24,-18.6,Bursa,0,0.09,7,0,normal
TXN002441,MUS0632,2024-04-22 00:44:00,Pazartesi,0,1,Online Alışveriş,Temassız,179.81,133.92,34.3,Gaziantep,0,0.55,9,0,normal
TXN000641,MUS0075,2024-04-06 00:02:00,Cumartesi,0,1,ATM Nakit,Fiziksel Kart,621.07,534.62,16.2,İzmir,0,0.25,2,0,normal
TXN000224,MUS0781,2024-12-14 00:11:00,Cumartesi,0,1,Uluslararası,Fiziksel Kart,592.97,684.21,-13.3,Gaziantep,0,0.15,1,0,normal
TXN004595,MUS0499,2024-02-11 00:11:00,Pazar,0,1,ATM Nakit,Fiziksel Kart,512.15,563.96,-9.2,Kayseri,0,1.56,18,0,normal
TXN002029,MUS0236,2024-07-09 14:58:00,Salı,14,0,Market,Temassız,511.73,431.82,18.5,Antalya,0,1.23,16,0,normal
TXN004922,MUS0089,2024-07-23 17:28:00,Salı,17,0,Yakıt,Temassız,609.33,415.85,46.5,Mersin,0,0.01,2,0,normal
TXN002990,MUS0048,2024-06-12 07:17:00,Çarşamba,7,0,Uluslararası,Online,528.09,484.46,9.0,Eskişehir,0,0.29,0,0,normal
TXN002516,MUS0487,2024-03-16 01:14:00,Cumartesi,1,1,Sağlık,Online,500.17,426.85,17.2,Gaziantep,0,0.56,5,0,normal
TXN001568,MUS0581,2024-06-14 04:51:00,Cuma,4,1,Sağlık,Fiziksel Kart,811.18,492.76,64.6,Samsun,0,0.28,0,0,normal
TXN001537,MUS0455,2024-12-30 12:36:00,Pazartesi,12,0,Sağlık,Online,188.16,219.82,-14.4,İstanbul,0,2.87,23,0,normal
TXN002115,MUS0125,2024-02-26 15:31:00,Pazartesi,15,0,Giyim,Fiziksel Kart,259.4,183.8,41.1,İstanbul,0,1.96,23,0,normal
TXN000145,MUS0615,2024-06-02 11:12:00,Pazar,11,0,Döviz,Online,376.45,752.55,-50.0,Bursa,0,0.48,6,0,normal
TXN002142,MUS0716,2024-04-24 17:01:00,Çarşamba,17,0,Uluslararası,Fiziksel Kart,1060.33,676.28,56.8,Bursa,0,0.58,0,0,normal
TXN001704,MUS0347,2024-06-12 18:56:00,Çarşamba,18,0,Döviz,Fiziksel Kart,3626.17,350.9,933.4,New York,1,2.8,79,1,yurtdisi_anomali
TXN000478,MUS0406,2024-04-04 05:43:00,Perşembe,5,1,Döviz,Fiziksel Kart,2431.7,755.25,222.0,Berlin,1,6.28,88,1,yurtdisi_anomali
TXN003381,MUS0287,2024-08-21 20:16:00,Çarşamba,20,0,Elektronik,Fiziksel Kart,230.59,489.86,-52.9,Ankara,0,0.4,6,0,normal
TXN001220,MUS0223,2024-04-07 13:58:00,Pazar,13,0,Elektronik,Online,7660.26,317.03,2316.3,Eskişehir,0,6.12,93,1,yuksek_tutar
TXN001269,MUS0043,2024-04-22 15:52:00,Pazartesi,15,0,ATM Nakit,Temassız,544.52,522.25,4.3,İstanbul,0,1.74,24,0,normal
TXN000148,MUS0596,2024-09-21 22:50:00,Cumartesi,22,0,Online Alışveriş,Temassız,76.33,217.2,-64.9,İzmir,0,0.3,6,0,normal
TXN001403,MUS0789,2024-10-13 02:42:00,Pazar,2,1,Uluslararası,Online,329.36,389.19,-15.4,Bursa,0,0.36,13,0,normal
TXN000171,MUS0133,2024-09-03 12:43:00,Salı,12,0,Ulaşım,Fiziksel Kart,370.14,259.77,42.5,Gaziantep,0,0.4,13,0,normal
TXN000597,MUS0516,2024-12-20 00:34:00,Cuma,0,1,Giyim,Fiziksel Kart,817.23,610.16,33.9,Ankara,0,0.29,8,0,normal
TXN003471,MUS0110,2024-07-07 07:27:00,Pazar,7,0,Ulaşım,Fiziksel Kart,533.48,567.95,-6.1,Kayseri,0,0.29,4,0,normal
TXN004095,MUS0650,2024-09-10 07:21:00,Salı,7,0,Eğlence,Fiziksel Kart,724.28,747.22,-3.1,İstanbul,0,0.06,4,0,normal
TXN001797,MUS0775,2024-12-14 13:42:00,Cumartesi,13,0,Yakıt,Fiziksel Kart,438.44,399.2,9.8,İzmir,0,1.06,18,0,normal
TXN003106,MUS0634,2024-04-07 20:49:00,Pazar,20,0,Uluslararası,Fiziksel Kart,12594.31,725.38,1636.2,Samsun,0,6.31,93,1,yuksek_tutar
TXN000508,MUS0013,2024-02-09 05:53:00,Cuma,5,1,Elektronik,Fiziksel Kart,501.49,408.66,22.7,Samsun,0,0.21,11,0,normal
TXN000497,MUS0738,2024-02-12 04:08:00,Pazartesi,4,1,Market,Fiziksel Kart,271.47,458.21,-40.8,Gaziantep,0,0.9,19,0,normal
TXN002678,MUS0767,2024-11-28 11:05:00,Perşembe,11,0,ATM Nakit,Fiziksel Kart,550.24,457.0,20.4,Kayseri,0,1.09,11,0,normal
TXN000257,MUS0581,2024-09-23 04:55:00,Pazartesi,4,1,Restoran,Fiziksel Kart,701.08,492.76,42.3,Samsun,0,0.66,16,0,normal
TXN004026,MUS0572,2024-09-12 12:35:00,Perşembe,12,0,Uluslararası,ATM,639.65,422.44,51.4,Antalya,0,0.29,3,0,normal
TXN004901,MUS0051,2024-05-11 03:40:00,Cumartesi,3,1,Yakıt,ATM,958.3,500.39,91.5,Kayseri,0,1.06,16,0,normal
TXN002887,MUS0580,2024-02-11 02:28:00,Pazar,2,1,Yakıt,Temassız,133.95,209.85,-36.2,İstanbul,0,0.43,9,0,normal
TXN001826,MUS0353,2024-11-27 11:51:00,Çarşamba,11,0,ATM Nakit,Fiziksel Kart,469.67,304.24,54.4,Amsterdam,1,0.66,9,0,normal
TXN003547,MUS0742,2024-06-22 14:49:00,Cumartesi,14,0,Market,Temassız,574.46,784.53,-26.8,Samsun,0,0.03,0,0,normal
TXN000609,MUS0490,2024-08-01 14:14:00,Perşembe,14,0,Uluslararası,Online,1298.72,701.07,85.2,Bursa,0,0.05,3,0,normal
TXN000586,MUS0722,2024-04-06 21:32:00,Cumartesi,21,0,Elektronik,ATM,525.06,664.8,-21.0,Eskişehir,0,0.63,5,0,normal
TXN001541,MUS0230,2024-11-27 10:53:00,Çarşamba,10,0,Yakıt,Online,40.13,283.23,-85.8,Gaziantep,0,0.64,10,0,normal
TXN003494,MUS0777,2024-10-17 07:35:00,Perşembe,7,0,ATM Nakit,ATM,328.28,308.55,6.4,Kayseri,0,0.64,8,0,normal
TXN002517,MUS0457,2024-03-26 22:21:00,Salı,22,0,Eğlence,Fiziksel Kart,302.59,488.61,-38.1,İstanbul,0,1.14,8,0,normal
TXN000534,MUS0407,2024-04-02 04:31:00,Salı,4,1,Eğlence,Online,398.15,627.92,-36.6,Samsun,0,0.89,13,0,normal
TXN000399,MUS0215,2024-12-23 06:51:00,Pazartesi,6,0,Uluslararası,Fiziksel Kart,451.92,353.92,27.7,Kayseri,0,0.49,4,0,normal
TXN001916,MUS0690,2024-10-13 18:37:00,Pazar,18,0,Yakıt,Fiziksel Kart,1544.24,599.34,157.7,Antalya,0,3.35,77,1,farkli_sehir
TXN002314,MUS0370,2024-03-12 01:10:00,Salı,1,1,Online Alışveriş,Fiziksel Kart,212.56,254.3,-16.4,Eskişehir,0,0.92,12,0,normal
TXN000085,MUS0770,2024-09-22 08:11:00,Pazar,8,0,Uluslararası,Fiziksel Kart,606.35,783.88,-22.6,Mersin,0,0.39,0,0,normal
TXN001087,MUS0460,2024-03-29 09:05:00,Cuma,9,0,Döviz,Online,757.77,620.02,22.2,Konya,0,0.08,4,0,normal
TXN004953,MUS0470,2024-05-04 04:54:00,Cumartesi,4,1,Online Alışveriş,ATM,190.19,135.84,40.0,Samsun,0,0.71,5,0,normal
TXN003437,MUS0035,2024-02-19 16:43:00,Pazartesi,16,0,Elektronik,ATM,543.51,345.95,57.1,Konya,0,0.84,14,0,normal
TXN002902,MUS0760,2024-09-17 12:22:00,Salı,12,0,Market,Fiziksel Kart,448.41,401.62,11.7,Mersin,0,1.26,20,0,normal
TXN001518,MUS0693,2024-06-10 20:40:00,Pazartesi,20,0,Online Alışveriş,Fiziksel Kart,537.82,470.26,14.4,Bursa,0,0.73,13,0,normal
TXN004781,MUS0535,2024-01-14 21:15:00,Pazar,21,0,Elektronik,Temassız,689.44,696.24,-1.0,Gaziantep,0,0.21,10,0,normal
TXN000757,MUS0457,2024-11-15 00:57:00,Cuma,0,1,Eğlence,Online,941.67,488.61,92.7,Gaziantep,0,1.75,16,0,normal
TXN000240,MUS0535,2024-08-16 11:50:00,Cuma,11,0,Elektronik,ATM,248.22,696.24,-64.3,Gaziantep,0,0.76,5,0,normal
TXN002953,MUS0622,2024-05-01 05:53:00,Çarşamba,5,1,Sağlık,Online,373.63,300.48,24.3,İstanbul,0,0.11,11,0,normal
TXN003673,MUS0004,2024-10-12 12:37:00,Cumartesi,12,0,Yakıt,Temassız,1093.81,787.04,39.0,Ankara,0,2.08,29,0,normal
TXN003481,MUS0648,2024-04-13 10:26:00,Cumartesi,10,0,Yakıt,Online,199.71,129.1,54.7,Antalya,0,1.72,17,0,normal
TXN004496,MUS0195,2024-02-15 21:21:00,Perşembe,21,0,ATM Nakit,Fiziksel Kart,423.53,290.67,45.7,Ankara,0,0.13,3,0,normal
TXN003623,MUS0523,2024-01-20 05:29:00,Cumartesi,5,1,Online Alışveriş,Online,675.55,560.18,20.6,Konya,0,0.94,18,0,normal
TXN003336,MUS0127,2024-07-24 18:01:00,Çarşamba,18,0,Online Alışveriş,Fiziksel Kart,769.38,564.51,36.3,Konya,0,1.07,13,0,normal
TXN002901,MUS0349,2024-10-20 19:07:00,Pazar,19,0,Ulaşım,Online,130.83,112.11,16.7,Samsun,0,1.06,6,0,normal
TXN001940,MUS0249,2024-11-19 23:01:00,Salı,23,1,Döviz,Temassız,299.78,394.17,-23.9,Kayseri,0,0.36,9,0,normal
TXN004039,MUS0247,2024-01-29 13:24:00,Pazartesi,13,0,Online Alışveriş,Fiziksel Kart,335.79,676.72,-50.4,Gaziantep,0,0.96,7,0,normal
TXN001451,MUS0457,2024-10-24 21:59:00,Perşembe,21,0,Sağlık,Online,630.61,488.61,29.1,İstanbul,0,0.78,2,0,normal
TXN002653,MUS0343,2024-11-15 18:14:00,Cuma,18,0,Restoran,Temassız,752.06,667.75,12.6,Konya,0,0.99,5,0,normal
TXN000056,MUS0321,2024-09-07 16:49:00,Cumartesi,16,0,Eğlence,Online,551.43,393.11,40.3,Gaziantep,0,0.98,15,0,normal
TXN001845,MUS0579,2024-12-21 10:19:00,Cumartesi,10,0,Elektronik,Fiziksel Kart,1193.93,782.63,52.6,Konya,0,0.5,12,0,normal
TXN003821,MUS0053,2024-09-24 07:15:00,Salı,7,0,Döviz,Online,142.97,361.55,-60.5,New York,1,0.11,0,0,normal
TXN001086,MUS0449,2024-08-25 11:59:00,Pazar,11,0,Ulaşım,Temassız,428.31,431.62,-0.8,Kayseri,0,0.35,0,0,normal
TXN002506,MUS0625,2024-02-20 03:20:00,Salı,3,1,Döviz,Online,396.05,494.54,-19.9,İzmir,0,0.04,9,0,normal
TXN001966,MUS0487,2024-06-23 03:29:00,Pazar,3,1,Uluslararası,Online,208.64,426.85,-51.1,Mersin,0,1.76,13,0,normal
TXN003166,MUS0321,2024-01-19 08:05:00,Cuma,8,0,Döviz,Fiziksel Kart,735.48,393.11,87.1,Gaziantep,0,0.14,0,0,normal
TXN000188,MUS0537,2024-03-22 05:38:00,Cuma,5,1,Döviz,Fiziksel Kart,906.69,664.98,36.3,Bursa,0,0.99,13,0,normal
TXN004284,MUS0260,2024-07-28 17:36:00,Pazar,17,0,Ulaşım,Fiziksel Kart,690.17,636.95,8.4,Kayseri,0,0.06,4,0,normal
TXN004423,MUS0340,2024-03-05 02:50:00,Salı,2,1,Market,Fiziksel Kart,119.04,414.2,-71.3,İstanbul,0,0.24,12,0,normal
TXN001873,MUS0066,2024-04-22 20:15:00,Pazartesi,20,0,Giyim,Online,657.17,666.91,-1.5,Antalya,0,1.09,7,0,normal
TXN003597,MUS0481,2024-03-12 18:05:00,Salı,18,0,Giyim,Fiziksel Kart,393.61,732.79,-46.3,Gaziantep,0,0.58,15,0,normal
TXN002137,MUS0756,2024-04-28 15:02:00,Pazar,15,0,Restoran,Telefon,192.69,149.1,29.2,Eskişehir,0,1.07,7,0,normal
TXN001002,MUS0007,2024-09-28 18:01:00,Cumartesi,18,0,Restoran,Online,407.39,454.21,-10.3,İstanbul,0,1.95,23,0,normal
TXN003849,MUS0423,2024-10-03 03:52:00,Perşembe,3,1,Elektronik,Online,271.65,649.73,-58.2,Ankara,0,0.19,10,0,normal
TXN003645,MUS0259,2024-05-22 13:53:00,Çarşamba,13,0,Elektronik,Online,760.74,464.23,63.9,Mersin,0,0.33,0,0,normal
TXN003901,MUS0420,2024-06-24 23:45:00,Pazartesi,23,1,ATM Nakit,Fiziksel Kart,569.66,462.48,23.2,Antalya,0,0.38,0,0,normal
TXN001667,MUS0387,2024-11-06 22:05:00,Çarşamba,22,0,Ulaşım,ATM,605.96,547.94,10.6,Antalya,0,1.33,11,0,normal
TXN004021,MUS0202,2024-03-20 05:14:00,Çarşamba,5,1,Restoran,Online,5,255.15,-98.0,İzmir,0,0.79,14,0,normal
TXN000217,MUS0093,2024-07-26 00:48:00,Cuma,0,1,Uluslararası,Telefon,397.64,267.81,48.5,Samsun,0,0.06,7,0,normal
TXN000320,MUS0057,2024-12-08 03:38:00,Pazar,3,1,Eğlence,Temassız,281.3,343.94,-18.2,Kayseri,0,0.21,9,0,normal
TXN004850,MUS0459,2024-08-02 08:21:00,Cuma,8,0,ATM Nakit,Fiziksel Kart,325.56,280.46,16.1,İzmir,0,1.65,12,0,normal
TXN000766,MUS0708,2024-08-04 00:27:00,Pazar,0,1,Giyim,Online,284.5,171.18,66.2,Ankara,0,1.22,18,0,normal
TXN004428,MUS0350,2024-09-21 13:42:00,Cumartesi,13,0,Giyim,Online,863.13,611.5,41.1,Bursa,0,2.75,27,0,normal
TXN001127,MUS0493,2024-12-11 16:20:00,Çarşamba,16,0,Market,Temassız,271.22,187.36,44.8,Bursa,0,1.25,19,0,normal
TXN003564,MUS0672,2024-05-10 11:27:00,Cuma,11,0,Ulaşım,Online,1271.15,701.4,81.2,Mersin,0,0.61,8,0,normal
TXN000245,MUS0163,2024-11-24 22:12:00,Pazar,22,0,Market,Telefon,213.95,264.6,-19.1,İzmir,0,0.49,14,0,normal
TXN002701,MUS0797,2024-01-04 06:42:00,Perşembe,6,0,Yakıt,Online,207.23,134.36,54.2,Ankara,0,0.36,6,0,normal
TXN004723,MUS0015,2024-02-17 23:30:00,Cumartesi,23,1,Online Alışveriş,Online,682.97,625.7,9.2,Mersin,0,1.07,16,0,normal
TXN001634,MUS0519,2024-01-30 13:14:00,Salı,13,0,Restoran,Online,525.83,499.23,5.3,Antalya,0,2.23,25,0,normal
TXN000906,MUS0064,2024-12-03 00:34:00,Salı,0,1,Yakıt,ATM,457.01,723.51,-36.8,Kayseri,0,0.2,5,0,normal
TXN003568,MUS0526,2024-07-26 23:41:00,Cuma,23,1,Sağlık,Fiziksel Kart,878.94,723.08,21.6,Bursa,0,0.67,10,0,normal
TXN000774,MUS0407,2024-08-23 10:06:00,Cuma,10,0,Döviz,Telefon,810.44,627.92,29.1,Mersin,0,0.13,0,0,normal
TXN003309,MUS0159,2024-04-15 18:17:00,Pazartesi,18,0,Uluslararası,Temassız,283.6,345.26,-17.9,Eskişehir,0,1.5,23,0,normal
TXN003986,MUS0030,2024-06-05 02:11:00,Çarşamba,2,1,Market,Fiziksel Kart,85.43,188.41,-54.7,Bursa,0,1.57,17,0,normal
TXN004176,MUS0315,2024-01-18 20:37:00,Perşembe,20,0,Yakıt,Temassız,282.86,197.14,43.5,Ankara,0,0.26,2,0,normal
TXN002430,MUS0596,2024-04-28 13:48:00,Pazar,13,0,ATM Nakit,Online,209.96,217.2,-3.3,İzmir,0,2.33,28,0,normal
TXN001777,MUS0760,2024-05-26 09:45:00,Pazar,9,0,Uluslararası,Fiziksel Kart,385.43,401.62,-4.0,Mersin,0,0.98,13,0,normal
TXN002337,MUS0458,2024-03-01 14:34:00,Cuma,14,0,ATM Nakit,Online,162.52,312.9,-48.1,Mersin,0,0.75,6,0,normal
TXN004196,MUS0168,2024-02-03 04:13:00,Cumartesi,4,1,Döviz,Fiziksel Kart,114.7,92.37,24.2,Konya,0,0.17,2,0,normal
TXN003641,MUS0109,2024-04-20 06:32:00,Cumartesi,6,0,Sağlık,Fiziksel Kart,640.91,771.66,-16.9,Antalya,0,1.98,17,0,normal
TXN003207,MUS0546,2024-09-04 11:27:00,Çarşamba,11,0,Ulaşım,Temassız,173.09,150.13,15.3,Samsun,0,0.12,7,0,normal
TXN000987,MUS0655,2024-08-15 23:39:00,Perşembe,23,1,Eğlence,Online,834.73,511.81,63.1,Bursa,0,0.99,14,0,normal
TXN001583,MUS0136,2024-05-16 06:06:00,Perşembe,6,0,Uluslararası,Temassız,85.89,497.54,-82.7,Gaziantep,0,0.96,12,0,normal
TXN003375,MUS0402,2024-02-07 11:39:00,Çarşamba,11,0,Restoran,Fiziksel Kart,642.42,736.47,-12.8,Mersin,0,1.48,18,0,normal
TXN000894,MUS0588,2024-02-17 12:07:00,Cumartesi,12,0,Eğlence,Fiziksel Kart,529.81,601.34,-11.9,Konya,0,0.87,7,0,normal
TXN003239,MUS0688,2024-03-08 01:24:00,Cuma,1,1,Restoran,Temassız,171.85,210.61,-18.4,İstanbul,0,0.49,3,0,normal
TXN001894,MUS0632,2024-06-12 16:33:00,Çarşamba,16,0,Sağlık,Online,241.88,133.92,80.6,Gaziantep,0,0.41,11,0,normal
TXN000012,MUS0525,2024-09-06 06:30:00,Cuma,6,0,Online Alışveriş,ATM,1141.36,661.63,72.5,Konya,0,0.32,0,0,normal
TXN001092,MUS0479,2024-12-26 19:51:00,Perşembe,19,0,Eğlence,Temassız,123.08,294.1,-58.2,Samsun,0,1.6,18,0,normal
TXN002837,MUS0527,2024-04-08 17:24:00,Pazartesi,17,0,ATM Nakit,ATM,610.41,727.85,-16.1,Ankara,0,0.8,7,0,normal
TXN004479,MUS0084,2024-03-02 16:40:00,Cumartesi,16,0,Giyim,Fiziksel Kart,678.14,788.05,-13.9,Eskişehir,0,0.07,0,0,normal
TXN000048,MUS0643,2024-05-16 06:33:00,Perşembe,6,0,Eğlence,Fiziksel Kart,547.42,625.73,-12.5,Kayseri,0,0.99,17,0,normal
TXN004896,MUS0123,2024-08-08 16:57:00,Perşembe,16,0,Elektronik,Temassız,325.29,407.08,-20.1,Adana,0,2.22,30,0,normal
TXN004079,MUS0484,2024-06-18 19:26:00,Salı,19,0,Restoran,Online,687.43,565.24,21.6,Samsun,0,0.18,4,0,normal
TXN002442,MUS0541,2024-02-17 10:27:00,Cumartesi,2,1,Döviz,ATM,7384.89,785.91,839.7,Antalya,0,4.27,79,1,gece_islemi
TXN002971,MUS0012,2024-04-12 07:03:00,Cuma,7,0,Giyim,Temassız,537.67,672.12,-20.0,Adana,0,0.62,10,0,normal
TXN004260,MUS0402,2024-10-21 11:17:00,Pazartesi,11,0,Elektronik,Fiziksel Kart,883.16,736.47,19.9,Mersin,0,0.37,0,0,normal
TXN004914,MUS0603,2024-01-10 17:33:00,Çarşamba,17,0,Ulaşım,Telefon,240.54,265.9,-9.5,İzmir,0,3.0,30,0,normal
TXN002319,MUS0019,2024-08-11 21:43:00,Pazar,21,0,Uluslararası,Fiziksel Kart,334.98,277.67,20.6,Eskişehir,0,0.54,5,0,normal
TXN000198,MUS0787,2024-01-25 01:59:00,Perşembe,1,1,Elektronik,Telefon,603.81,551.76,9.4,Mersin,0,0.91,6,0,normal
TXN000314,MUS0612,2024-10-05 02:21:00,Cumartesi,2,1,Yakıt,Online,364.06,738.97,-50.7,Bursa,0,0.96,7,0,normal
TXN004492,MUS0412,2024-09-25 09:18:00,Çarşamba,9,0,Restoran,Online,1117.28,599.92,86.2,Samsun,0,0.45,2,0,normal
TXN002930,MUS0620,2024-12-26 05:17:00,Perşembe,5,1,Elektronik,Temassız,510.13,786.13,-35.1,Mersin,0,0.23,12,0,normal
TXN003952,MUS0022,2024-09-10 00:46:00,Salı,0,1,Elektronik,Online,792.26,740.38,7.0,Adana,0,1.0,15,0,normal
TXN002345,MUS0200,2024-12-18 15:45:00,Çarşamba,15,0,Yakıt,Fiziksel Kart,313.18,183.86,70.3,Adana,0,0.85,13,0,normal
TXN000680,MUS0715,2024-10-22 05:12:00,Salı,5,1,Sağlık,Temassız,1311.29,725.26,80.8,İstanbul,0,0.47,11,0,normal
TXN000751,MUS0495,2024-05-27 09:10:00,Pazartesi,9,0,Giyim,Telefon,94.17,117.48,-19.8,Adana,0,0.29,5,0,normal
TXN002612,MUS0677,2024-06-17 04:18:00,Pazartesi,4,1,Döviz,Online,444.05,704.79,-37.0,Konya,0,0.59,8,0,normal
TXN002654,MUS0539,2024-04-28 02:24:00,Pazar,2,1,Eğlence,Fiziksel Kart,451.52,266.78,69.2,Antalya,0,0.42,1,0,normal
TXN004280,MUS0747,2024-06-19 21:50:00,Çarşamba,21,0,Döviz,Fiziksel Kart,896.88,584.36,53.5,Samsun,0,0.07,0,0,normal
TXN001820,MUS0722,2024-06-16 20:05:00,Pazar,20,0,Online Alışveriş,Fiziksel Kart,1032.13,664.8,55.3,Eskişehir,0,0.47,0,0,normal
TXN000486,MUS0404,2024-02-03 02:13:00,Cumartesi,2,1,Sağlık,Online,588.16,765.8,-23.2,Konya,0,0.07,0,0,normal
TXN000319,MUS0489,2024-01-14 07:02:00,Pazar,7,0,Restoran,Online,841.89,778.87,8.1,Konya,0,0.88,12,0,normal
TXN002844,MUS0031,2024-10-12 10:16:00,Cumartesi,10,0,ATM Nakit,Telefon,57.87,135.8,-57.4,Kayseri,0,0.4,8,0,normal
TXN004203,MUS0333,2024-10-16 07:22:00,Çarşamba,7,0,Restoran,Fiziksel Kart,258.22,763.32,-66.2,İzmir,0,0.35,2,0,normal
TXN001419,MUS0013,2024-01-12 20:00:00,Cuma,20,0,Uluslararası,Fiziksel Kart,463.11,408.66,13.3,Samsun,0,0.79,15,0,normal
TXN000502,MUS0715,2024-02-22 22:15:00,Perşembe,22,0,Döviz,Fiziksel Kart,365.62,725.26,-49.6,İstanbul,0,0.73,8,0,normal
TXN000376,MUS0085,2024-11-05 20:32:00,Salı,20,0,ATM Nakit,Fiziksel Kart,200.73,393.49,-49.0,Eskişehir,0,0.4,11,0,normal
TXN004961,MUS0259,2024-03-14 10:46:00,Perşembe,10,0,Online Alışveriş,Online,10.66,464.23,-97.7,Mersin,0,5.49,85,1,kart_test
TXN002340,MUS0036,2024-08-14 16:10:00,Çarşamba,16,0,Elektronik,Fiziksel Kart,246.4,267.11,-7.8,Kayseri,0,0.15,0,0,normal
TXN000193,MUS0206,2024-07-08 08:01:00,Pazartesi,8,0,Elektronik,Online,7067.71,108.31,6425.4,Paris,1,3.0,79,1,yurtdisi_anomali
TXN001293,MUS0780,2024-01-31 07:03:00,Çarşamba,7,0,Uluslararası,Fiziksel Kart,455.5,568.25,-19.8,Samsun,0,1.37,22,0,normal
TXN002529,MUS0500,2024-06-10 23:25:00,Pazartesi,23,1,Uluslararası,ATM,44.35,187.59,-76.4,Bursa,0,0.69,7,0,normal
TXN001052,MUS0156,2024-01-08 20:49:00,Pazartesi,20,0,ATM Nakit,Online,130.66,158.07,-17.3,Bursa,0,0.69,5,0,normal
TXN002360,MUS0064,2024-04-07 09:57:00,Pazar,9,0,Giyim,Fiziksel Kart,357.08,723.51,-50.6,Kayseri,0,0.09,5,0,normal
TXN001789,MUS0698,2024-10-16 06:46:00,Çarşamba,6,0,ATM Nakit,ATM,252.41,405.26,-37.7,Ankara,0,0.99,18,0,normal
TXN002859,MUS0082,2024-01-14 09:27:00,Pazar,9,0,Ulaşım,Fiziksel Kart,163.31,257.31,-36.5,Adana,0,0.7,4,0,normal
TXN002077,MUS0130,2024-11-08 14:32:00,Cuma,14,0,Elektronik,Fiziksel Kart,946.73,493.83,91.7,Mersin,0,3.36,81,1,farkli_sehir
TXN004266,MUS0201,2024-11-20 18:11:00,Çarşamba,18,0,Restoran,Temassız,611.26,578.13,5.7,Samsun,0,0.76,13,0,normal
TXN000816,MUS0126,2024-01-25 14:34:00,Perşembe,14,0,Market,Online,2.68,587.16,-99.5,Mersin,0,3.85,83,1,kart_test
TXN001922,MUS0248,2024-07-14 04:15:00,Pazar,4,1,Sağlık,Fiziksel Kart,313.32,326.91,-4.2,Adana,0,1.82,28,0,normal
TXN004670,MUS0300,2024-09-16 23:25:00,Pazartesi,23,1,Elektronik,Online,977.5,723.01,35.2,Eskişehir,0,1.77,25,0,normal
TXN001033,MUS0567,2024-07-23 02:17:00,Salı,2,1,Market,Online,156.34,380.87,-59.0,New York,1,0.26,8,0,normal
TXN002138,MUS0423,2024-07-29 03:16:00,Pazartesi,3,1,Yakıt,Temassız,817.61,649.73,25.8,Ankara,0,0.93,14,0,normal
TXN001139,MUS0319,2024-02-02 18:22:00,Cuma,18,0,Ulaşım,Fiziksel Kart,379.83,404.81,-6.2,Antalya,0,0.42,9,0,normal
TXN002151,MUS0137,2024-04-14 16:58:00,Pazar,16,0,Yakıt,Temassız,313.81,250.34,25.4,Kayseri,0,0.3,9,0,normal
TXN001175,MUS0793,2024-02-07 23:41:00,Çarşamba,23,1,Uluslararası,Online,413.51,369.98,11.8,İzmir,0,0.26,4,0,normal
TXN001164,MUS0131,2024-09-10 22:29:00,Salı,22,0,Giyim,Temassız,1055.25,730.35,44.5,Konya,0,1.78,26,0,normal
TXN000366,MUS0779,2024-08-18 02:52:00,Pazar,2,1,Ulaşım,Temassız,102.57,158.08,-35.1,İstanbul,0,2.54,30,0,normal
TXN002666,MUS0236,2024-06-12 17:41:00,Çarşamba,17,0,Döviz,Online,7293.51,431.82,1589.0,Antalya,0,4.02,75,1,yuksek_tutar
TXN003579,MUS0125,2024-11-03 18:58:00,Pazar,18,0,Döviz,Online,188.73,183.8,2.7,İstanbul,0,0.85,7,0,normal
TXN000761,MUS0235,2024-10-28 03:15:00,Pazartesi,3,1,Market,Fiziksel Kart,64.46,126.4,-49.0,Bursa,0,1.44,24,0,normal
TXN003029,MUS0449,2024-08-20 08:43:00,Salı,8,0,Giyim,Temassız,382.53,431.62,-11.4,Konya,0,1.37,17,0,normal
TXN001703,MUS0660,2024-12-04 20:06:00,Çarşamba,20,0,Döviz,Fiziksel Kart,442.09,352.16,25.5,Kayseri,0,0.13,11,0,normal
TXN000227,MUS0789,2024-04-16 03:17:00,Salı,3,1,Yakıt,Fiziksel Kart,583.1,389.19,49.8,Ankara,0,0.18,0,0,normal
TXN002759,MUS0617,2024-10-19 08:14:00,Cumartesi,8,0,Elektronik,Online,600.46,660.0,-9.0,Antalya,0,1.72,12,0,normal
TXN000559,MUS0057,2024-04-22 20:42:00,Pazartesi,20,0,Eğlence,Fiziksel Kart,387.45,343.94,12.7,Kayseri,0,1.16,19,0,normal
TXN004068,MUS0693,2024-08-06 13:23:00,Salı,13,0,Ulaşım,Temassız,525.77,470.26,11.8,Bursa,0,1.64,16,0,normal
TXN004035,MUS0668,2024-03-17 15:28:00,Pazar,15,0,Market,Online,96.77,516.49,-81.3,İstanbul,0,0.47,9,0,normal
TXN000662,MUS0493,2024-10-11 01:40:00,Cuma,1,1,Online Alışveriş,Temassız,198.56,187.36,6.0,Bursa,0,0.55,1,0,normal
TXN001410,MUS0579,2024-09-29 22:35:00,Pazar,22,0,Giyim,Temassız,1384.37,782.63,76.9,Konya,0,0.64,16,0,normal
TXN003012,MUS0474,2024-12-17 15:46:00,Salı,1,1,Döviz,Online,3026.07,555.37,444.9,Ankara,0,2.65,69,1,gece_islemi
TXN000594,MUS0672,2024-12-19 16:18:00,Perşembe,16,0,Döviz,Online,4120.31,701.4,487.4,Tokyo,1,4.38,81,1,yurtdisi_anomali
TXN002645,MUS0709,2024-01-13 05:04:00,Cumartesi,5,1,Market,ATM,424.04,514.0,-17.5,Mersin,0,1.18,7,0,normal
TXN002493,MUS0268,2024-01-08 04:51:00,Pazartesi,4,1,Giyim,Online,333.26,223.0,49.4,Kayseri,0,1.31,8,0,normal
TXN003066,MUS0392,2024-01-01 00:50:00,Pazartesi,0,1,Online Alışveriş,Online,183.02,219.59,-16.7,Kayseri,0,0.47,9,0,normal
TXN001201,MUS0395,2024-10-23 01:27:00,Çarşamba,1,1,Eğlence,Online,398.56,480.86,-17.1,Eskişehir,0,0.51,2,0,normal
TXN000402,MUS0002,2024-08-26 06:39:00,Pazartesi,6,0,Giyim,Fiziksel Kart,464.25,347.31,33.7,Gaziantep,0,0.98,9,0,normal
TXN002501,MUS0140,2024-11-28 04:29:00,Perşembe,4,1,Online Alışveriş,Fiziksel Kart,244.11,371.03,-34.2,İzmir,0,0.82,5,0,normal
TXN000084,MUS0660,2024-02-13 04:45:00,Salı,4,1,Online Alışveriş,Online,284.13,352.16,-19.3,Kayseri,0,0.24,0,0,normal
TXN004010,MUS0566,2024-07-29 19:42:00,Pazartesi,19,0,Eğlence,Online,175.88,193.06,-8.9,Samsun,0,0.44,12,0,normal
TXN002255,MUS0665,2024-12-07 14:17:00,Cumartesi,14,0,Restoran,Temassız,783.13,773.06,1.3,Kayseri,0,1.45,20,0,normal
TXN000279,MUS0469,2024-02-19 00:59:00,Pazartesi,0,1,Sağlık,Fiziksel Kart,238.44,171.34,39.2,Mersin,0,0.62,3,0,normal
TXN000134,MUS0190,2024-07-17 09:45:00,Çarşamba,9,0,Market,ATM,675.8,716.37,-5.7,Bursa,0,0.34,2,0,normal
TXN004794,MUS0559,2024-04-17 05:36:00,Çarşamba,5,1,Eğlence,ATM,437.37,511.75,-14.5,Kayseri,0,0.75,10,0,normal
TXN002310,MUS0637,2024-07-07 23:18:00,Pazar,23,1,Sağlık,Online,752.94,756.37,-0.5,Bursa,0,0.34,4,0,normal
TXN003430,MUS0114,2024-05-07 23:01:00,Salı,23,1,ATM Nakit,ATM,104.86,196.08,-46.5,Antalya,0,0.44,10,0,normal
TXN002086,MUS0369,2024-10-11 06:55:00,Cuma,6,0,Eğlence,ATM,741.44,676.2,9.6,Konya,0,0.51,7,0,normal
TXN000815,MUS0360,2024-02-14 05:31:00,Çarşamba,5,1,Online Alışveriş,Fiziksel Kart,156.92,227.32,-31.0,Konya,0,0.97,19,0,normal
TXN001059,MUS0077,2024-01-20 03:46:00,Cumartesi,3,1,Döviz,Online,523.19,627.95,-16.7,Mersin,0,0.26,3,0,normal
TXN003164,MUS0608,2024-08-11 11:13:00,Pazar,11,0,Yakıt,Fiziksel Kart,145.75,176.95,-17.6,Kayseri,0,0.17,0,0,normal
TXN001920,MUS0723,2024-09-03 09:05:00,Salı,9,0,Online Alışveriş,Temassız,538.43,614.63,-12.4,Gaziantep,0,0.12,0,0,normal
TXN004995,MUS0614,2024-10-05 22:16:00,Cumartesi,22,0,Online Alışveriş,Temassız,150.46,225.75,-33.4,Adana,0,1.24,7,0,normal
TXN003696,MUS0502,2024-09-01 01:54:00,Pazar,1,1,Eğlence,Temassız,195.92,354.95,-44.8,Mersin,0,0.4,11,0,normal
TXN000865,MUS0677,2024-12-28 14:47:00,Cumartesi,14,0,Yakıt,Fiziksel Kart,358.7,704.79,-49.1,Konya,0,0.21,8,0,normal
TXN001243,MUS0277,2024-11-09 23:13:00,Cumartesi,23,1,Market,Temassız,294.97,396.84,-25.7,Eskişehir,0,0.18,0,0,normal
TXN003311,MUS0292,2024-11-30 15:00:00,Cumartesi,15,0,Döviz,Telefon,486.77,560.34,-13.1,Mersin,0,0.8,8,0,normal
TXN004435,MUS0377,2024-02-04 14:04:00,Pazar,14,0,Elektronik,ATM,305.45,370.17,-17.5,Konya,0,0.16,4,0,normal
TXN004421,MUS0008,2024-06-25 01:34:00,Salı,23,1,Döviz,ATM,623.73,159.76,290.4,Bursa,0,2.92,75,1,gece_islemi
TXN002635,MUS0589,2024-09-26 02:25:00,Perşembe,2,1,Giyim,Online,124.91,194.3,-35.7,Konya,0,1.65,16,0,normal
TXN000967,MUS0383,2024-08-04 12:07:00,Pazar,12,0,Online Alışveriş,Fiziksel Kart,261.77,658.6,-60.3,Bursa,0,0.43,3,0,normal
TXN004466,MUS0617,2024-04-16 01:26:00,Salı,1,1,Elektronik,Online,390.45,660.0,-40.8,Antalya,0,1.1,6,0,normal
TXN004349,MUS0242,2024-09-09 16:48:00,Pazartesi,16,0,Elektronik,Online,170.25,120.25,41.6,İstanbul,0,0.76,2,0,normal
TXN000351,MUS0489,2024-05-21 10:46:00,Salı,10,0,Uluslararası,Fiziksel Kart,458.79,778.87,-41.1,Konya,0,0.73,12,0,normal
TXN002870,MUS0360,2024-04-30 22:21:00,Salı,22,0,Online Alışveriş,Online,2.22,227.32,-99.0,Konya,0,5.96,92,1,kart_test
TXN000628,MUS0169,2024-02-05 16:29:00,Pazartesi,16,0,Yakıt,Online,1276.54,778.91,63.9,Ankara,0,0.12,9,0,normal
TXN001500,MUS0216,2024-02-12 22:31:00,Pazartesi,22,0,Uluslararası,Fiziksel Kart,239.49,173.04,38.4,Eskişehir,0,2.21,22,0,normal
TXN002070,MUS0568,2024-03-23 06:13:00,Cumartesi,6,0,Market,ATM,645.14,462.57,39.5,İzmir,0,0.21,7,0,normal
TXN004027,MUS0021,2024-11-20 15:09:00,Çarşamba,15,0,Ulaşım,Fiziksel Kart,387.83,478.96,-19.0,İzmir,0,0.84,17,0,normal
TXN000391,MUS0070,2024-03-21 17:39:00,Perşembe,17,0,Döviz,Online,165.36,251.82,-34.3,Dubai,1,0.84,15,0,normal
TXN000118,MUS0014,2024-08-23 02:02:00,Cuma,2,1,Ulaşım,Online,559.22,625.05,-10.5,İstanbul,0,1.1,13,0,normal
TXN002289,MUS0759,2024-02-11 22:45:00,Pazar,22,0,Restoran,Temassız,379.31,701.41,-45.9,Konya,0,1.25,8,0,normal
TXN004156,MUS0006,2024-05-24 23:26:00,Cuma,23,1,Elektronik,Temassız,123.25,99.17,24.3,İstanbul,0,2.12,29,0,normal
TXN002381,MUS0114,2024-09-14 04:46:00,Cumartesi,4,1,Elektronik,Online,10.77,196.08,-94.5,Antalya,0,1.38,19,0,normal
TXN002981,MUS0575,2024-04-26 06:08:00,Cuma,6,0,Döviz,Fiziksel Kart,304.79,332.77,-8.4,Kayseri,0,0.07,5,0,normal
TXN002972,MUS0061,2024-04-23 15:53:00,Salı,15,0,Sağlık,Fiziksel Kart,308.7,293.99,5.0,Antalya,0,0.9,19,0,normal
TXN000016,MUS0011,2024-09-28 15:20:00,Cumartesi,15,0,Sağlık,Online,701.57,665.11,5.5,Mersin,0,0.99,12,0,normal
TXN001073,MUS0571,2024-05-23 22:09:00,Perşembe,22,0,Market,Online,106.99,278.68,-61.6,Konya,0,0.44,11,0,normal
TXN004463,MUS0533,2024-12-21 15:11:00,Cumartesi,15,0,Yakıt,Online,172.31,450.68,-61.8,Mersin,0,0.55,10,0,normal
TXN001430,MUS0306,2024-10-24 01:50:00,Perşembe,1,1,Market,Fiziksel Kart,126.39,87.11,45.1,Gaziantep,0,0.98,7,0,normal
TXN004802,MUS0221,2024-05-15 21:21:00,Çarşamba,21,0,Sağlık,Online,138.17,214.37,-35.5,Samsun,0,0.91,5,0,normal
TXN000905,MUS0584,2024-09-01 12:14:00,Pazar,12,0,ATM Nakit,Temassız,283.2,360.6,-21.5,Samsun,0,0.86,4,0,normal
TXN001640,MUS0362,2024-04-08 02:25:00,Pazartesi,2,1,Yakıt,Temassız,283.35,392.31,-27.8,Samsun,0,0.38,9,0,normal
TXN003728,MUS0564,2024-01-21 19:10:00,Pazar,19,0,ATM Nakit,Online,261.39,235.77,10.9,Konya,0,0.42,14,0,normal
TXN002959,MUS0178,2024-10-03 16:43:00,Perşembe,16,0,Elektronik,Fiziksel Kart,30.52,603.91,-94.9,Antalya,0,0.27,5,0,normal
TXN000991,MUS0538,2024-05-08 04:22:00,Çarşamba,4,1,Döviz,Temassız,183.94,195.13,-5.7,Gaziantep,0,1.63,25,0,normal
TXN002018,MUS0060,2024-03-02 06:37:00,Cumartesi,6,0,Döviz,Fiziksel Kart,322.09,169.76,89.7,Konya,0,1.15,17,0,normal
