basvuru_id,kanal,urun_tipi,il,ay,yas,aylik_gelir_tl,talep_tutar_tl,kredi_skoru,basvuru,degerlendirme,onay,kullanim,son_asama,red_nedeni,degerlendirme_sure_gun,onay_sure_gun,toplam_sure_gun
BAS00001,Mobil,İşletme Kredisi,İzmir,2024-06,39,40592,338549,588,1,1,0,0,Değerlendirme,Yaş Sınırı,1.3,,1.6
BAS00002,Mobil,İşletme Kredisi,İstanbul,2024-09,60,26401,650428,670,1,1,0,0,Değerlendirme,Yüksek Borç/Gelir,2.1,,2.4
BAS00003,Şube,İhtiyaç Kredisi,Bursa,2024-01,46,34033,182794,697,1,1,0,0,Değerlendirme,Eksik Belge,0.9,,1.1
BAS00004,Mobil,İhtiyaç Kredisi,Antalya,2024-11,55,33036,166673,546,1,1,0,0,Değerlendirme,Teminat Yetersiz,2.1,,2.5
BAS00005,Mobil,Taşıt Kredisi,Ankara,2024-05,36,48416,422884,475,1,1,1,1,Kullanım,,1.3,1.0,2.6
BAS00006,Mobil,İhtiyaç Kredisi,Gaziantep,2024-01,50,30044,24094,548,1,0,0,0,Başvuru,,,,0.4
BAS00007,Şube,İhtiyaç Kredisi,Gaziantep,2024-11,40,22972,21330,481,1,1,1,1,Kullanım,,0.6,0.5,1.3
BAS00008,Şube,Taşıt Kredisi,Bursa,2024-12,31,25978,263069,480,1,1,1,1,Kullanım,,1.0,0.5,1.6
BAS00009,Şube,İhtiyaç Kredisi,Bursa,2024-08,61,11234,10000,603,1,1,0,0,Değerlendirme,Yüksek Borç/Gelir,1.2,,1.6
BAS00010,Şube,Konut Kredisi,Bursa,2024-02,47,42838,1814032,619,1,1,1,1,Kullanım,,1.5,0.3,1.9
BAS00011,Mobil,Taşıt Kredisi,İstanbul,2024-12,61,13050,412197,511,1,1,0,0,Değerlendirme,Yaş Sınırı,1.0,,1.3
BAS00012,Şube,Konut Kredisi,Ankara,2024-01,22,38763,1725522,530,1,1,1,1,Kullanım,,1.8,0.5,2.7
BAS00013,İnternet,Taşıt Kredisi,Antalya,2024-10,54,22896,304953,611,1,1,0,0,Değerlendirme,Gelir Doğrulanamadı,2.3,,2.6
BAS00014,Şube,İşletme Kredisi,Antalya,2024-11,24,28870,498979,596,1,0,0,0,Başvuru,,,,0.1
BAS00015,Mobil,İhtiyaç Kredisi,Gaziantep,2024-09,24,15700,131701,468,1,1,1,1,Kullanım,,1.5,0.9,2.7
BAS00016,İnternet,İşletme Kredisi,Ankara,2024-05,50,19554,589346,599,1,1,0,0,Değerlendirme,Gelir Doğrulanamadı,2.0,,2.2
BAS00017,Çağrı Merkezi,Konut Kredisi,Adana,2024-05,50,35333,1808073,589,1,0,0,0,Başvuru,,,,0.3
BAS00018,Mobil,İhtiyaç Kredisi,Adana,2024-10,62,8000,182362,589,1,0,0,0,Başvuru,,,,0.4
BAS00019,Çağrı Merkezi,Taşıt Kredisi,Bursa,2024-06,27,26885,344586,508,1,1,1,1,Kullanım,,2.7,1.5,4.6
BAS00020,İnternet,Taşıt Kredisi,Ankara,2024-12,53,17877,381924,619,1,1,1,1,Kullanım,,2.2,1.1,3.5
BAS00021,Mobil,Konut Kredisi,Adana,2024-07,52,30394,1806215,608,1,1,0,0,Değerlendirme,Düşük Kredi Skoru,2.2,,2.7
BAS00022,Çağrı Merkezi,Konut Kredisi,Ankara,2024-03,59,23128,1691004,669,1,1,0,0,Değerlendirme,Eksik Belge,2.4,,2.5
BAS00023,Mobil,İhtiyaç Kredisi,Antalya,2024-04,28,28421,33170,482,1,1,0,0,Değerlendirme,Gelir Doğrulanamadı,2.6,,3.0
BAS00024,Mobil,Taşıt Kredisi,Gaziantep,2024-09,22,27827,419782,581,1,0,0,0,Başvuru,,,,0.2
BAS00025,Mobil,İhtiyaç Kredisi,Adana,2024-06,30,22382,62265,392,1,0,0,0,Başvuru,,,,0.2
BAS00026,İnternet,İhtiyaç Kredisi,Ankara,2024-04,55,30055,10000,747,1,1,1,0,Onaylandı,,1.8,0.8,3.1
BAS00027,Şube,Taşıt Kredisi,Gaziantep,2024-11,58,12517,343838,698,1,1,1,1,Kullanım,,2.1,0.6,3.0
BAS00028,Mobil,Taşıt Kredisi,İstanbul,2024-02,59,29479,456226,593,1,1,1,1,Kullanım,,2.1,0.8,3.3
BAS00029,Mobil,İşletme Kredisi,Antalya,2024-06,62,46650,409637,780,1,1,1,1,Kullanım,,1.0,0.6,1.8
BAS00030,Mobil,Taşıt Kredisi,Adana,2024-10,30,28311,492068,467,1,1,0,0,Değerlendirme,Eksik Belge,1.6,,2.0
BAS00031,Mobil,İşletme Kredisi,Antalya,2024-06,32,45592,363171,605,1,0,0,0,Başvuru,,,,0.4
BAS00032,Mobil,Taşıt Kredisi,İzmir,2024-09,38,35899,304882,483,1,1,0,0,Değerlendirme,Yüksek Borç/Gelir,2.0,,2.5
BAS00033,İnternet,İhtiyaç Kredisi,İstanbul,2024-04,31,54552,76460,559,1,1,1,0,Onaylandı,,1.9,0.8,2.8
BAS00034,Şube,İhtiyaç Kredisi,İstanbul,2024-11,31,24606,223817,412,1,0,0,0,Başvuru,,,,0.3
BAS00035,Mobil,İhtiyaç Kredisi,Ankara,2024-05,26,31456,10000,495,1,0,0,0,Başvuru,,,,0.4
BAS00036,Çağrı Merkezi,İhtiyaç Kredisi,İstanbul,2024-11,56,68504,73519,687,1,1,0,0,Değerlendirme,Düşük Kredi Skoru,2.6,,2.9
BAS00037,İnternet,İhtiyaç Kredisi,Konya,2024-04,42,26762,108451,596,1,1,0,0,Değerlendirme,Teminat Yetersiz,2.3,,2.4
BAS00038,İnternet,İşletme Kredisi,İstanbul,2024-12,54,18590,428924,694,1,0,0,0,Başvuru,,,,0.4
BAS00039,Mobil,Taşıt Kredisi,Adana,2024-08,24,8000,460667,404,1,1,1,1,Kullanım,,2.1,0.9,3.4
BAS00040,İnternet,Taşıt Kredisi,Antalya,2024-04,26,25830,337906,355,1,0,0,0,Başvuru,,,,0.2
BAS00041,Mobil,İhtiyaç Kredisi,Bursa,2024-02,47,23421,166952,614,1,1,1,1,Kullanım,,1.5,1.1,2.7
BAS00042,Şube,İhtiyaç Kredisi,İstanbul,2024-05,42,8000,114335,586,1,1,1,1,Kullanım,,2.0,0.6,3.0
BAS00043,İnternet,Taşıt Kredisi,Bursa,2024-01,45,37876,389661,686,1,1,0,0,Değerlendirme,Eksik Belge,2.7,,2.8
BAS00044,Şube,Konut Kredisi,Ankara,2024-10,40,21389,1737351,559,1,1,0,0,Değerlendirme,Yaş Sınırı,2.0,,2.4
BAS00045,Şube,İhtiyaç Kredisi,Konya,2024-12,46,20512,322718,448,1,1,1,1,Kullanım,,0.8,0.9,2.2
BAS00046,İnternet,Konut Kredisi,Bursa,2024-10,30,24198,1869110,451,1,1,1,0,Onaylandı,,2.0,1.1,3.5
BAS00047,Mobil,İhtiyaç Kredisi,Ankara,2024-10,27,8000,57677,437,1,0,0,0,Başvuru,,,,0.3
BAS00048,İnternet,İhtiyaç Kredisi,Adana,2024-03,33,18641,14933,480,1,1,0,0,Değerlendirme,Yüksek Borç/Gelir,1.9,,2.3
BAS00049,İnternet,Konut Kredisi,Bursa,2024-09,52,48195,1740944,676,1,0,0,0,Başvuru,,,,0.3
BAS00050,Mobil,İşletme Kredisi,Antalya,2024-01,52,45979,586058,585,1,1,1,1,Kullanım,,1.2,0.4,1.9
BAS00051,Şube,İşletme Kredisi,Ankara,2024-11,41,16983,571375,593,1,1,1,1,Kullanım,,1.2,0.7,2.4
BAS00052,Mobil,Taşıt Kredisi,Bursa,2024-04,31,17290,383522,536,1,1,0,0,Değerlendirme,Düşük Kredi Skoru,2.2,,2.5
BAS00053,Şube,İhtiyaç Kredisi,Konya,2024-03,58,51274,130147,634,1,1,1,1,Kullanım,,1.6,0.5,2.4
BAS00054,Mobil,Konut Kredisi,Bursa,2024-05,60,9091,1671614,705,1,1,0,0,Değerlendirme,Yüksek Borç/Gelir,2.4,,2.9
BAS00055,Mobil,Taşıt Kredisi,Gaziantep,2024-09,27,18847,465204,424,1,1,0,0,Değerlendirme,Düşük Kredi Skoru,2.0,,2.4
BAS00056,İnternet,İhtiyaç Kredisi,İstanbul,2024-08,51,48580,10000,612,1,0,0,0,Başvuru,,,,0.5
BAS00057,Şube,İşletme Kredisi,Gaziantep,2024-09,24,33744,529919,404,1,0,0,0,Başvuru,,,,0.2
BAS00058,Mobil,İhtiyaç Kredisi,İzmir,2024-05,34,14778,47583,544,1,1,0,0,Değerlendirme,Gelir Doğrulanamadı,2.4,,2.8
BAS00059,Mobil,İhtiyaç Kredisi,Konya,2024-05,26,17469,34794,510,1,1,0,0,Değerlendirme,Gelir Doğrulanamadı,2.6,,3.1
BAS00060,Şube,Taşıt Kredisi,İstanbul,2024-12,54,38269,346634,664,1,1,1,1,Kullanım,,0.7,0.2,1.3
BAS00061,Mobil,İhtiyaç Kredisi,Konya,2024-01,50,36636,88878,577,1,1,1,1,Kullanım,,1.8,1.4,3.6
BAS00062,Mobil,Taşıt Kredisi,İstanbul,2024-11,35,45393,304565,590,1,1,1,1,Kullanım,,1.1,0.9,2.1
BAS00063,Mobil,İşletme Kredisi,Adana,2024-04,23,55847,367232,497,1,0,0,0,Başvuru,,,,0.3
BAS00064,Çağrı Merkezi,Konut Kredisi,Gaziantep,2024-05,24,10935,1937971,439,1,0,0,0,Başvuru,,,,0.4
BAS00065,Çağrı Merkezi,İhtiyaç Kredisi,Konya,2024-08,41,19904,154688,550,1,1,1,1,Kullanım,,2.8,1.3,4.6
BAS00066,İnternet,İhtiyaç Kredisi,Gaziantep,2024-07,62,28861,241553,759,1,1,1,1,Kullanım,,1.8,1.9,3.8
BAS00067,İnternet,İhtiyaç Kredisi,Bursa,2024-02,45,24454,121361,677,1,1,1,1,Kullanım,,2.1,1.1,3.7
BAS00068,Şube,Konut Kredisi,Adana,2024-09,59,31815,1731416,633,1,1,0,0,Değerlendirme,Eksik Belge,1.2,,1.6
BAS00069,Mobil,İhtiyaç Kredisi,İstanbul,2024-06,41,44935,10000,606,1,1,1,1,Kullanım,,1.8,0.6,2.5
BAS00070,Mobil,İhtiyaç Kredisi,Adana,2024-12,53,38956,160658,701,1,1,1,1,Kullanım,,1.9,0.9,3.0
BAS00071,Şube,İşletme Kredisi,İstanbul,2024-05,20,12465,536134,545,1,1,1,1,Kullanım,,0.8,0.2,1.4
BAS00072,İnternet,İhtiyaç Kredisi,Konya,2024-05,24,25096,164484,393,1,1,1,1,Kullanım,,2.8,0.5,3.7
BAS00073,Mobil,Konut Kredisi,Bursa,2024-05,26,36309,1874273,509,1,1,0,0,Değerlendirme,Teminat Yetersiz,1.8,,2.2
BAS00074,Çağrı Merkezi,İhtiyaç Kredisi,Antalya,2024-08,42,42235,195180,732,1,0,0,0,Başvuru,,,,0.2
BAS00075,İnternet,İhtiyaç Kredisi,Gaziantep,2024-11,24,20683,55917,468,1,0,0,0,Başvuru,,,,0.1
BAS00076,Mobil,İşletme Kredisi,Antalya,2024-01,53,16336,538370,768,1,1,1,1,Kullanım,,1.7,1.1,3.0
BAS00077,Mobil,İhtiyaç Kredisi,Ankara,2024-12,24,40775,10000,434,1,1,1,1,Kullanım,,2.0,0.9,3.2
BAS00078,İnternet,İhtiyaç Kredisi,Gaziantep,2024-05,24,38464,203531,529,1,0,0,0,Başvuru,,,,0.5
BAS00079,Şube,İhtiyaç Kredisi,Bursa,2024-07,30,17716,103504,500,1,1,0,0,Değerlendirme,Yaş Sınırı,1.4,,1.9
BAS00080,Şube,İhtiyaç Kredisi,İstanbul,2024-12,20,8000,347738,454,1,1,0,0,Değerlendirme,Yaş Sınırı,2.0,,2.4
BAS00081,Şube,Taşıt Kredisi,Adana,2024-05,28,32963,366556,550,1,1,1,1,Kullanım,,1.4,0.8,2.4
BAS00082,İnternet,Konut Kredisi,Adana,2024-04,44,46783,1856792,529,1,1,0,0,Değerlendirme,Yüksek Borç/Gelir,1.3,,1.5
BAS00083,Mobil,İhtiyaç Kredisi,Antalya,2024-11,55,15798,33822,598,1,1,1,0,Onaylandı,,1.6,0.6,2.6
BAS00084,Çağrı Merkezi,İhtiyaç Kredisi,Antalya,2024-03,41,39431,216192,466,1,0,0,0,Başvuru,,,,0.3
BAS00085,Şube,Taşıt Kredisi,Gaziantep,2024-09,38,47679,462013,684,1,1,1,1,Kullanım,,1.3,0.5,2.0
BAS00086,Mobil,İhtiyaç Kredisi,Ankara,2024-06,57,33873,57900,654,1,1,0,0,Değerlendirme,Gelir Doğrulanamadı,2.3,,2.5
BAS00087,İnternet,İhtiyaç Kredisi,Adana,2024-04,35,15131,13931,472,1,1,1,1,Kullanım,,0.6,0.9,1.8
BAS00088,Mobil,Taşıt Kredisi,Bursa,2024-08,48,25126,293469,712,1,1,1,1,Kullanım,,0.5,0.8,1.5
BAS00089,Mobil,Taşıt Kredisi,İzmir,2024-08,23,8875,402315,549,1,1,0,0,Değerlendirme,Düşük Kredi Skoru,2.5,,2.9
BAS00090,Mobil,Konut Kredisi,Bursa,2024-03,20,22527,1860563,471,1,1,1,1,Kullanım,,2.1,1.0,3.2
BAS00091,Mobil,Konut Kredisi,İzmir,2024-04,50,8000,1644888,645,1,1,0,0,Değerlendirme,Yaş Sınırı,2.0,,2.3
BAS00092,Mobil,İhtiyaç Kredisi,Bursa,2024-03,37,36931,116888,569,1,0,0,0,Başvuru,,,,0.2
BAS00093,Çağrı Merkezi,Taşıt Kredisi,Gaziantep,2024-02,62,44611,480365,637,1,1,0,0,Değerlendirme,Eksik Belge,2.3,,2.6
BAS00094,Mobil,Taşıt Kredisi,Adana,2024-07,41,26776,366646,539,1,1,0,0,Değerlendirme,Teminat Yetersiz,1.4,,1.5
BAS00095,Şube,İhtiyaç Kredisi,Ankara,2024-04,51,23394,127665,515,1,1,1,1,Kullanım,,0.6,0.6,1.4
BAS00096,Mobil,Konut Kredisi,İzmir,2024-02,62,11585,1849413,603,1,1,0,0,Değerlendirme,Yüksek Borç/Gelir,1.4,,1.7
BAS00097,Mobil,Konut Kredisi,Konya,2024-09,38,18716,1801957,524,1,1,0,0,Değerlendirme,Yaş Sınırı,1.2,,1.5
BAS00098,Şube,İşletme Kredisi,İstanbul,2024-09,45,12409,408050,425,1,1,1,0,Onaylandı,,2.2,0.6,3.1
BAS00099,Şube,Konut Kredisi,Gaziantep,2024-08,42,26919,1755072,513,1,1,1,0,Onaylandı,,1.0,0.5,1.8
BAS00100,Şube,İhtiyaç Kredisi,Konya,2024-11,36,40597,185748,485,1,1,1,1,Kullanım,,1.6,0.4,2.2
BAS00101,İnternet,İşletme Kredisi,Konya,2024-11,57,36342,348000,761,1,1,0,0,Değerlendirme,Yüksek Borç/Gelir,1.8,,2.2
BAS00102,Mobil,İhtiyaç Kredisi,Konya,2024-12,57,40984,93472,667,1,1,1,1,Kullanım,,1.8,0.5,2.7
BAS00103,İnternet,Taşıt Kredisi,Bursa,2024-01,22,41101,285743,378,1,0,0,0,Başvuru,,,,0.5
BAS00104,İnternet,Konut Kredisi,Bursa,2024-10,24,19120,1680906,364,1,1,1,1,Kullanım,,1.9,0.6,2.7
BAS00105,Şube,İhtiyaç Kredisi,Ankara,2024-09,51,17470,82426,728,1,1,0,0,Değerlendirme,Teminat Yetersiz,0.5,,0.8
BAS00106,Mobil,Konut Kredisi,Adana,2024-12,33,48023,1812467,536,1,1,0,0,Değerlendirme,Yaş Sınırı,1.5,,1.9
BAS00107,Şube,Konut Kredisi,Antalya,2024-03,44,28526,1642406,609,1,1,1,1,Kullanım,,1.7,0.4,2.3
BAS00108,İnternet,İhtiyaç Kredisi,Konya,2024-12,59,44638,127121,598,1,1,0,0,Değerlendirme,Yaş Sınırı,1.6,,2.0
BAS00109,Mobil,İhtiyaç Kredisi,İstanbul,2024-12,35,31940,99719,448,1,1,1,0,Onaylandı,,2.4,0.6,3.3
BAS00110,Şube,İhtiyaç Kredisi,Gaziantep,2024-01,61,26092,125672,606,1,1,0,0,Değerlendirme,Gelir Doğrulanamadı,0.8,,1.0
BAS00111,Mobil,İhtiyaç Kredisi,İstanbul,2024-01,25,47223,111391,497,1,0,0,0,Başvuru,,,,0.3
BAS00112,Mobil,İhtiyaç Kredisi,Ankara,2024-04,38,41825,24346,729,1,1,1,1,Kullanım,,2.3,1.1,3.5
BAS00113,Mobil,Taşıt Kredisi,Bursa,2024-01,33,33529,478659,423,1,1,0,0,Değerlendirme,Gelir Doğrulanamadı,2.2,,2.6
BAS00114,İnternet,İhtiyaç Kredisi,Adana,2024-07,53,35977,52073,683,1,1,1,1,Kullanım,,2.5,1.1,3.7
BAS00115,Mobil,İhtiyaç Kredisi,Adana,2024-08,26,24123,80568,379,1,1,1,1,Kullanım,,1.2,0.2,1.7
BAS00116,Şube,Konut Kredisi,Konya,2024-05,24,33313,1750707,493,1,1,1,1,Kullanım,,1.0,0.6,1.9
BAS00117,Mobil,İhtiyaç Kredisi,İzmir,2024-03,52,48570,120971,716,1,1,1,1,Kullanım,,2.2,0.5,2.9
BAS00118,Mobil,Konut Kredisi,Adana,2024-04,49,34865,1741029,542,1,0,0,0,Başvuru,,,,0.4
BAS00119,İnternet,İhtiyaç Kredisi,Konya,2024-11,47,34608,254388,512,1,1,1,1,Kullanım,,1.5,1.1,3.0
BAS00120,Şube,İşletme Kredisi,Bursa,2024-07,57,39976,520369,696,1,1,0,0,Değerlendirme,Yaş Sınırı,2.0,,2.1
BAS00121,Şube,Konut Kredisi,Bursa,2024-12,53,24794,1919221,597,1,1,1,1,Kullanım,,1.5,0.3,1.9
BAS00122,Mobil,İhtiyaç Kredisi,Adana,2024-04,57,23544,106408,643,1,1,1,0,Onaylandı,,2.6,0.7,3.4
BAS00123,Çağrı Merkezi,İhtiyaç Kredisi,Adana,2024-02,55,36497,71759,710,1,0,0,0,Başvuru,,,,0.2
BAS00124,Mobil,İhtiyaç Kredisi,İzmir,2024-10,35,8000,10000,380,1,1,0,0,Değerlendirme,Gelir Doğrulanamadı,1.5,,1.7
BAS00125,Şube,Konut Kredisi,Ankara,2024-09,47,8000,1868939,600,1,1,1,1,Kullanım,,1.0,0.7,2.1
BAS00126,Mobil,İhtiyaç Kredisi,Konya,2024-11,61,42345,91091,751,1,1,1,1,Kullanım,,1.6,0.5,2.4
BAS00127,Mobil,İşletme Kredisi,Bursa,2024-07,32,54966,453797,628,1,1,0,0,Değerlendirme,Eksik Belge,1.9,,2.3
BAS00128,Çağrı Merkezi,İşletme Kredisi,Ankara,2024-07,34,39701,504961,661,1,0,0,0,Başvuru,,,,0.2
BAS00129,Mobil,İhtiyaç Kredisi,Ankara,2024-05,60,14747,10000,678,1,1,0,0,Değerlendirme,Düşük Kredi Skoru,2.1,,2.2
BAS00130,İnternet,İhtiyaç Kredisi,Konya,2024-08,51,18120,10000,687,1,1,1,1,Kullanım,,2.6,0.7,3.7
BAS00131,Mobil,İhtiyaç Kredisi,Konya,2024-09,32,44178,10000,564,1,0,0,0,Başvuru,,,,0.5
BAS00132,İnternet,İhtiyaç Kredisi,İstanbul,2024-02,41,37917,253785,651,1,1,1,1,Kullanım,,2.1,0.6,3.1
BAS00133,Mobil,İhtiyaç Kredisi,İzmir,2024-01,25,18585,83473,434,1,0,0,0,Başvuru,,,,0.3
BAS00134,İnternet,İşletme Kredisi,Konya,2024-08,54,20355,382953,660,1,1,1,0,Onaylandı,,1.4,0.8,2.6
BAS00135,Mobil,İhtiyaç Kredisi,İstanbul,2024-02,38,42715,131020,508,1,1,0,0,Değerlendirme,Teminat Yetersiz,1.4,,1.8
BAS00136,Şube,Konut Kredisi,İzmir,2024-10,55,46444,1666927,813,1,1,1,0,Onaylandı,,1.2,0.6,1.9
BAS00137,İnternet,Taşıt Kredisi,Adana,2024-07,36,53750,326671,586,1,1,1,1,Kullanım,,1.8,0.8,2.9
BAS00138,İnternet,İhtiyaç Kredisi,Konya,2024-11,30,21512,182962,430,1,1,0,0,Değerlendirme,Gelir Doğrulanamadı,1.8,,1.9
BAS00139,İnternet,İşletme Kredisi,Antalya,2024-01,35,39028,515361,665,1,0,0,0,Başvuru,,,,0.3
BAS00140,Mobil,İhtiyaç Kredisi,Ankara,2024-01,36,37523,172418,673,1,1,0,0,Değerlendirme,Eksik Belge,1.7,,2.1
BAS00141,Şube,Konut Kredisi,Konya,2024-10,61,36078,1634125,674,1,1,0,0,Değerlendirme,Yüksek Borç/Gelir,0.9,,1.3
BAS00142,Şube,Taşıt Kredisi,Ankara,2024-08,20,43633,298701,519,1,1,1,1,Kullanım,,1.1,0.1,1.4
BAS00143,İnternet,Konut Kredisi,Antalya,2024-06,54,29043,1751009,771,1,1,0,0,Değerlendirme,Teminat Yetersiz,2.3,,2.7
BAS00144,İnternet,Taşıt Kredisi,İstanbul,2024-10,57,25216,365422,588,1,1,1,1,Kullanım,,2.2,0.4,3.1
BAS00145,Şube,İhtiyaç Kredisi,Gaziantep,2024-03,61,13618,137144,637,1,1,1,1,Kullanım,,1.1,0.3,1.8
BAS00146,Çağrı Merkezi,Taşıt Kredisi,İzmir,2024-09,52,20048,212644,721,1,1,0,0,Değerlendirme,Gelir Doğrulanamadı,1.7,,1.8
BAS00147,Mobil,İşletme Kredisi,Gaziantep,2024-10,55,24940,353910,617,1,1,0,0,Değerlendirme,Yüksek Borç/Gelir,1.6,,1.9
BAS00148,Mobil,İhtiyaç Kredisi,Ankara,2024-01,22,36160,90837,613,1,0,0,0,Başvuru,,,,0.3
BAS00149,Şube,Taşıt Kredisi,Adana,2024-02,60,23727,276113,665,1,1,0,0,Değerlendirme,Düşük Kredi Skoru,0.8,,1.0
BAS00150,İnternet,İhtiyaç Kredisi,İzmir,2024-04,32,38105,130462,591,1,1,1,1,Kullanım,,1.5,1.0,2.9
BAS00151,Mobil,İşletme Kredisi,Gaziantep,2024-08,61,33077,392871,630,1,1,0,0,Değerlendirme,Yüksek Borç/Gelir,2.9,,3.2
BAS00152,Şube,Taşıt Kredisi,Adana,2024-09,57,31135,355377,605,1,1,1,1,Kullanım,,1.8,-0.0,2.3
BAS00153,Mobil,Konut Kredisi,Konya,2024-01,24,35044,1778067,437,1,1,0,0,Değerlendirme,Yaş Sınırı,2.7,,2.8
BAS00154,İnternet,İhtiyaç Kredisi,Konya,2024-05,26,40378,46326,459,1,0,0,0,Başvuru,,,,0.3
BAS00155,İnternet,Konut Kredisi,Ankara,2024-11,22,40570,1732810,438,1,1,1,1,Kullanım,,2.1,0.9,3.2
BAS00156,İnternet,İşletme Kredisi,İzmir,2024-01,36,24826,459309,594,1,1,1,1,Kullanım,,1.0,0.7,1.8
BAS00157,İnternet,İhtiyaç Kredisi,Bursa,2024-04,53,33106,154395,549,1,1,0,0,Değerlendirme,Eksik Belge,1.3,,1.7
BAS00158,Şube,Taşıt Kredisi,Gaziantep,2024-04,35,20276,381146,559,1,1,0,0,Değerlendirme,Teminat Yetersiz,1.1,,1.4
BAS00159,Mobil,İşletme Kredisi,Adana,2024-10,55,25683,502125,602,1,0,0,0,Başvuru,,,,0.4
BAS00160,Çağrı Merkezi,Taşıt Kredisi,İstanbul,2024-04,44,24849,343215,606,1,0,0,0,Başvuru,,,,0.3
BAS00161,İnternet,İhtiyaç Kredisi,Ankara,2024-09,21,20338,190124,436,1,1,1,1,Kullanım,,1.7,0.2,2.3
BAS00162,Şube,İhtiyaç Kredisi,İzmir,2024-03,34,56004,38740,507,1,1,0,0,Değerlendirme,Gelir Doğrulanamadı,1.0,,1.4
BAS00163,Mobil,Taşıt Kredisi,Gaziantep,2024-05,57,21309,445619,612,1,1,1,1,Kullanım,,2.3,0.5,3.1
BAS00164,Mobil,Taşıt Kredisi,Gaziantep,2024-05,54,38198,228720,604,1,1,1,1,Kullanım,,1.6,0.8,2.8
BAS00165,Şube,İşletme Kredisi,Bursa,2024-04,22,19505,408123,357,1,1,1,1,Kullanım,,1.5,0.4,2.3
BAS00166,İnternet,Taşıt Kredisi,Antalya,2024-12,40,41766,377260,428,1,0,0,0,Başvuru,,,,0.3
BAS00167,Şube,İhtiyaç Kredisi,Konya,2024-07,29,29737,181309,383,1,1,1,1,Kullanım,,0.9,0.7,2.1
BAS00168,Mobil,Taşıt Kredisi,Ankara,2024-12,44,42957,396702,687,1,0,0,0,Başvuru,,,,0.2
BAS00169,Mobil,Konut Kredisi,İstanbul,2024-09,56,26338,1826080,402,1,1,1,1,Kullanım,,2.6,0.4,3.3
BAS00170,İnternet,İhtiyaç Kredisi,Gaziantep,2024-10,36,32358,106590,595,1,1,1,1,Kullanım,,1.7,1.0,3.1
BAS00171,Şube,Konut Kredisi,Konya,2024-09,28,8000,1875778,440,1,1,0,0,Değerlendirme,Eksik Belge,1.4,,1.8
BAS00172,Mobil,İhtiyaç Kredisi,Konya,2024-11,25,35593,108218,644,1,0,0,0,Başvuru,,,,0.3
BAS00173,Şube,İhtiyaç Kredisi,Adana,2024-09,20,23682,81255,425,1,1,1,0,Onaylandı,,0.9,0.6,1.7
BAS00174,Mobil,İhtiyaç Kredisi,Gaziantep,2024-05,26,42561,69714,459,1,1,0,0,Değerlendirme,Gelir Doğrulanamadı,1.8,,2.1
BAS00175,Mobil,İhtiyaç Kredisi,Konya,2024-02,48,26140,119104,646,1,0,0,0,Başvuru,,,,0.2
BAS00176,İnternet,Konut Kredisi,Antalya,2024-05,30,36213,1797498,526,1,1,1,1,Kullanım,,1.3,0.9,2.7
BAS00177,Çağrı Merkezi,Konut Kredisi,Bursa,2024-03,58,21362,1902291,510,1,0,0,0,Başvuru,,,,0.3
BAS00178,Şube,İhtiyaç Kredisi,Bursa,2024-08,24,24368,163469,447,1,1,1,1,Kullanım,,1.5,0.4,2.3
BAS00179,Mobil,İhtiyaç Kredisi,İstanbul,2024-12,39,41327,67333,419,1,1,1,1,Kullanım,,2.2,0.9,3.3
BAS00180,Mobil,İhtiyaç Kredisi,İstanbul,2024-06,62,34815,159197,598,1,1,0,0,Değerlendirme,Gelir Doğrulanamadı,1.9,,2.1
BAS00181,Mobil,İhtiyaç Kredisi,Bursa,2024-08,34,8000,134618,511,1,1,0,0,Değerlendirme,Gelir Doğrulanamadı,0.8,,1.0
BAS00182,Şube,Taşıt Kredisi,Gaziantep,2024-06,28,27121,541655,459,1,1,1,1,Kullanım,,1.8,0.6,2.6
BAS00183,Mobil,İşletme Kredisi,Ankara,2024-11,53,22003,530618,530,1,0,0,0,Başvuru,,,,0.1
BAS00184,Şube,Konut Kredisi,İstanbul,2024-10,54,37354,1829493,731,1,1,0,0,Değerlendirme,Teminat Yetersiz,1.3,,1.6
BAS00185,Şube,Taşıt Kredisi,Konya,2024-05,50,38066,485101,788,1,1,1,1,Kullanım,,0.2,0.4,0.9
BAS00186,Mobil,İhtiyaç Kredisi,İstanbul,2024-07,34,51976,55804,491,1,1,1,0,Onaylandı,,1.1,1.0,2.3
BAS00187,Şube,Konut Kredisi,İzmir,2024-10,36,39190,1736531,516,1,1,1,1,Kullanım,,1.2,0.2,1.8
BAS00188,Mobil,İşletme Kredisi,Gaziantep,2024-06,56,22951,504769,723,1,1,0,0,Değerlendirme,Eksik Belge,1.8,,2.0
BAS00189,Mobil,Konut Kredisi,Antalya,2024-12,44,37109,1784374,520,1,1,1,1,Kullanım,,1.8,0.5,2.6
BAS00190,Mobil,Taşıt Kredisi,Antalya,2024-10,61,34626,429997,645,1,1,1,1,Kullanım,,2.0,0.8,3.0
BAS00191,Mobil,Konut Kredisi,Bursa,2024-04,55,15447,1754967,619,1,1,0,0,Değerlendirme,Teminat Yetersiz,1.3,,1.7
BAS00192,Mobil,İşletme Kredisi,Ankara,2024-12,50,38812,304989,496,1,0,0,0,Başvuru,,,,0.5
BAS00193,İnternet,İhtiyaç Kredisi,İstanbul,2024-06,41,34540,157637,502,1,1,1,1,Kullanım,,2.3,0.5,3.0
BAS00194,Mobil,Konut Kredisi,Konya,2024-06,33,24539,1862883,559,1,0,0,0,Başvuru,,,,0.3
BAS00195,Şube,İşletme Kredisi,Adana,2024-08,33,18700,460790,513,1,1,1,1,Kullanım,,1.6,0.6,2.6
BAS00196,Mobil,Konut Kredisi,Gaziantep,2024-12,37,31773,1717425,553,1,0,0,0,Başvuru,,,,0.2
BAS00197,Şube,Konut Kredisi,Bursa,2024-12,29,52305,1762348,646,1,0,0,0,Başvuru,,,,0.2
BAS00198,Mobil,İhtiyaç Kredisi,İzmir,2024-09,40,10340,70430,483,1,1,0,0,Değerlendirme,Yüksek Borç/Gelir,1.2,,1.4
BAS00199,Şube,Taşıt Kredisi,Antalya,2024-05,33,27883,409465,580,1,1,1,1,Kullanım,,1.2,0.5,1.9
BAS00200,Mobil,Taşıt Kredisi,Konya,2024-01,25,8000,618291,333,1,0,0,0,Başvuru,,,,0.3
BAS00201,Mobil,İşletme Kredisi,Bursa,2024-09,21,31304,432103,432,1,0,0,0,Başvuru,,,,0.4
BAS00202,Mobil,İhtiyaç Kredisi,Gaziantep,2024-08,33,22618,30064,460,1,0,0,0,Başvuru,,,,0.2
BAS00203,Şube,İhtiyaç Kredisi,Ankara,2024-02,56,33200,137355,623,1,1,0,0,Değerlendirme,Düşük Kredi Skoru,1.1,,1.6
BAS00204,Mobil,İhtiyaç Kredisi,Konya,2024-05,61,36189,168515,614,1,1,1,0,Onaylandı,,0.8,0.9,2.1
BAS00205,Şube,Konut Kredisi,Antalya,2024-08,38,44362,1599622,729,1,1,1,1,Kullanım,,1.0,0.1,1.3
BAS00206,Mobil,İhtiyaç Kredisi,İzmir,2024-05,24,20365,91403,501,1,1,1,1,Kullanım,,1.9,0.6,2.7
BAS00207,Şube,Taşıt Kredisi,Adana,2024-03,46,26383,273401,553,1,1,1,1,Kullanım,,1.4,0.2,1.9
BAS00208,Şube,Taşıt Kredisi,Antalya,2024-08,39,8000,382660,438,1,1,0,0,Değerlendirme,Düşük Kredi Skoru,1.8,,1.9
BAS00209,Mobil,İhtiyaç Kredisi,Konya,2024-09,41,16027,189687,317,1,0,0,0,Başvuru,,,,0.5
BAS00210,Şube,Konut Kredisi,Bursa,2024-01,28,46845,1806104,453,1,1,1,1,Kullanım,,1.4,0.6,2.3
BAS00211,Çağrı Merkezi,Taşıt Kredisi,İzmir,2024-05,21,27587,463880,467,1,1,0,0,Değerlendirme,Eksik Belge,2.9,,3.3
BAS00212,Mobil,İhtiyaç Kredisi,İzmir,2024-02,27,30764,232880,555,1,1,1,0,Onaylandı,,1.4,0.9,2.6
BAS00213,Mobil,İhtiyaç Kredisi,Antalya,2024-03,26,40918,207924,472,1,0,0,0,Başvuru,,,,0.4
BAS00214,Mobil,İhtiyaç Kredisi,Gaziantep,2024-12,30,18069,143459,437,1,1,1,0,Onaylandı,,2.0,0.9,3.2
BAS00215,Mobil,Konut Kredisi,Konya,2024-05,44,29177,1774911,585,1,1,1,1,Kullanım,,1.2,1.1,2.6
BAS00216,Mobil,İhtiyaç Kredisi,Antalya,2024-02,33,18970,73976,387,1,0,0,0,Başvuru,,,,0.1
BAS00217,İnternet,İhtiyaç Kredisi,Konya,2024-06,51,66944,170058,562,1,1,0,0,Değerlendirme,Teminat Yetersiz,1.7,,1.8
BAS00218,Şube,İhtiyaç Kredisi,Adana,2024-06,32,8000,80198,623,1,1,1,0,Onaylandı,,1.9,1.1,3.1
BAS00219,Şube,İhtiyaç Kredisi,Antalya,2024-07,61,35671,10000,625,1,1,1,1,Kullanım,,1.4,0.9,2.4
BAS00220,Şube,İhtiyaç Kredisi,Adana,2024-01,48,41645,241033,794,1,1,1,1,Kullanım,,1.2,0.6,2.2
BAS00221,Mobil,Taşıt Kredisi,Gaziantep,2024-05,21,8000,456183,345,1,1,1,1,Kullanım,,2.4,1.3,4.1
BAS00222,Şube,Taşıt Kredisi,Konya,2024-04,41,43712,502581,500,1,1,1,1,Kullanım,,1.2,0.7,2.3
BAS00223,Şube,İhtiyaç Kredisi,Bursa,2024-12,21,37995,160898,531,1,1,0,0,Değerlendirme,Gelir Doğrulanamadı,1.2,,1.6
BAS00224,Mobil,Konut Kredisi,Adana,2024-02,25,20058,1639238,360,1,1,0,0,Değerlendirme,Yüksek Borç/Gelir,2.2,,2.6
BAS00225,Şube,Taşıt Kredisi,Adana,2024-02,48,34406,340022,475,1,1,1,1,Kullanım,,1.5,0.4,2.1
BAS00226,Mobil,Taşıt Kredisi,İzmir,2024-02,44,8000,378991,518,1,0,0,0,Başvuru,,,,0.2
BAS00227,Şube,Konut Kredisi,İstanbul,2024-01,31,52070,1844936,563,1,1,0,0,Değerlendirme,Eksik Belge,1.0,,1.3
BAS00228,İnternet,Konut Kredisi,Ankara,2024-06,36,8000,1873934,369,1,1,1,1,Kullanım,,1.5,0.4,2.1
BAS00229,İnternet,Konut Kredisi,Adana,2024-06,51,8000,1822947,586,1,1,0,0,Değerlendirme,Düşük Kredi Skoru,1.9,,2.1
BAS00230,İnternet,İhtiyaç Kredisi,Ankara,2024-06,61,52702,269834,685,1,0,0,0,Başvuru,,,,0.3
BAS00231,Mobil,İşletme Kredisi,Ankara,2024-08,34,37671,323675,588,1,1,1,1,Kullanım,,1.8,0.6,2.7
BAS00232,Şube,İhtiyaç Kredisi,Adana,2024-10,25,34095,133515,659,1,1,1,1,Kullanım,,1.2,0.2,1.6
BAS00233,Mobil,İhtiyaç Kredisi,Bursa,2024-11,51,14885,235978,416,1,1,0,0,Değerlendirme,Düşük Kredi Skoru,2.1,,2.4
BAS00234,Şube,Taşıt Kredisi,Antalya,2024-02,20,15182,378437,334,1,1,1,1,Kullanım,,1.9,0.7,3.1
BAS00235,İnternet,Taşıt Kredisi,İzmir,2024-06,58,26904,380187,672,1,1,0,0,Değerlendirme,Yüksek Borç/Gelir,1.5,,1.8
BAS00236,İnternet,İhtiyaç Kredisi,İzmir,2024-01,55,43591,156215,659,1,1,1,1,Kullanım,,1.4,0.8,2.3
BAS00237,Mobil,Konut Kredisi,Konya,2024-10,60,66444,1839227,795,1,1,1,1,Kullanım,,1.7,0.8,2.8
BAS00238,Mobil,İhtiyaç Kredisi,Ankara,2024-05,60,18282,10000,679,1,1,1,1,Kullanım,,2.5,0.6,3.2
BAS00239,Mobil,Konut Kredisi,Adana,2024-08,25,25674,1639842,454,1,1,1,1,Kullanım,,2.5,0.3,3.2
BAS00240,Mobil,İhtiyaç Kredisi,Ankara,2024-06,57,38983,66949,630,1,1,0,0,Değerlendirme,Gelir Doğrulanamadı,1.6,,1.9
BAS00241,Çağrı Merkezi,İhtiyaç Kredisi,İzmir,2024-04,26,29066,144159,425,1,1,1,0,Onaylandı,,2.8,0.9,3.9
BAS00242,Mobil,Konut Kredisi,Antalya,2024-03,43,19189,1736695,414,1,1,0,0,Değerlendirme,Gelir Doğrulanamadı,1.3,,1.6
BAS00243,Mobil,Taşıt Kredisi,İstanbul,2024-08,38,33703,292646,610,1,1,0,0,Değerlendirme,Yaş Sınırı,1.3,,1.6
BAS00244,Mobil,Taşıt Kredisi,Konya,2024-06,41,37344,442589,561,1,1,0,0,Değerlendirme,Yüksek Borç/Gelir,1.6,,2.0
BAS00245,Çağrı Merkezi,Taşıt Kredisi,Antalya,2024-01,29,8834,425693,422,1,1,0,0,Değerlendirme,Yaş Sınırı,2.4,,2.7
BAS00246,Şube,Konut Kredisi,Bursa,2024-07,52,51652,1750934,659,1,1,1,1,Kullanım,,1.7,0.9,2.9
BAS00247,Mobil,Taşıt Kredisi,Gaziantep,2024-02,48,23712,356393,707,1,1,1,1,Kullanım,,2.3,1.0,3.6
BAS00248,Şube,İşletme Kredisi,Adana,2024-05,39,46528,362318,628,1,1,0,0,Değerlendirme,Teminat Yetersiz,1.5,,1.7
BAS00249,İnternet,İhtiyaç Kredisi,Gaziantep,2024-03,62,32030,10000,615,1,1,1,1,Kullanım,,2.7,0.6,3.8
BAS00250,Şube,İhtiyaç Kredisi,İstanbul,2024-12,53,22071,238445,720,1,1,1,1,Kullanım,,1.1,0.5,2.0
BAS00251,Şube,Konut Kredisi,Bursa,2024-05,34,29624,1865379,584,1,1,1,1,Kullanım,,1.5,0.3,2.0
BAS00252,Şube,Konut Kredisi,İzmir,2024-02,48,27992,1931558,521,1,1,0,0,Değerlendirme,Yaş Sınırı,1.4,,1.7
BAS00253,Mobil,İhtiyaç Kredisi,Adana,2024-08,31,13447,76801,619,1,1,1,1,Kullanım,,0.9,1.2,2.6
BAS00254,Şube,İhtiyaç Kredisi,İzmir,2024-12,21,8000,156818,554,1,1,1,1,Kullanım,,1.7,0.7,2.8
BAS00255,Mobil,İhtiyaç Kredisi,Bursa,2024-12,40,56545,154205,481,1,1,1,1,Kullanım,,2.7,0.9,4.1
BAS00256,Şube,Taşıt Kredisi,Antalya,2024-11,32,8000,354531,527,1,1,1,1,Kullanım,,0.9,0.3,1.4
BAS00257,Mobil,İhtiyaç Kredisi,Ankara,2024-01,24,8175,150739,300,1,1,1,1,Kullanım,,1.1,1.1,2.4
BAS00258,Mobil,Taşıt Kredisi,Adana,2024-04,57,43503,506329,630,1,1,1,1,Kullanım,,1.5,0.3,2.0
BAS00259,Mobil,Taşıt Kredisi,İstanbul,2024-12,20,25743,344875,543,1,1,0,0,Değerlendirme,Yaş Sınırı,1.5,,1.9
BAS00260,Mobil,İhtiyaç Kredisi,İstanbul,2024-08,26,44569,150581,585,1,1,0,0,Değerlendirme,Düşük Kredi Skoru,1.2,,1.6
BAS00261,İnternet,İhtiyaç Kredisi,Bursa,2024-12,34,15153,95575,502,1,0,0,0,Başvuru,,,,0.5
BAS00262,Mobil,İhtiyaç Kredisi,Adana,2024-01,22,15256,107362,469,1,1,0,0,Değerlendirme,Eksik Belge,2.1,,2.5
BAS00263,Mobil,Taşıt Kredisi,İstanbul,2024-07,43,38260,532412,534,1,1,0,0,Değerlendirme,Yüksek Borç/Gelir,2.2,,2.6
BAS00264,İnternet,İşletme Kredisi,Ankara,2024-04,20,21715,501988,503,1,1,1,1,Kullanım,,1.7,0.9,2.8
BAS00265,Şube,Konut Kredisi,Antalya,2024-04,43,45176,1702946,584,1,1,1,1,Kullanım,,1.2,0.3,1.8
BAS00266,Şube,Konut Kredisi,İstanbul,2024-04,26,19866,1791229,527,1,1,0,0,Değerlendirme,Teminat Yetersiz,0.9,,1.3
BAS00267,Şube,Taşıt Kredisi,Bursa,2024-05,42,39787,393711,720,1,1,1,1,Kullanım,,1.2,0.9,2.6
BAS00268,Şube,İhtiyaç Kredisi,İzmir,2024-02,45,18520,163071,410,1,1,0,0,Değerlendirme,Gelir Doğrulanamadı,2.0,,2.4
BAS00269,İnternet,İşletme Kredisi,Ankara,2024-05,47,26790,480160,730,1,0,0,0,Başvuru,,,,0.4
BAS00270,Şube,İşletme Kredisi,Adana,2024-05,31,56305,433938,679,1,1,1,1,Kullanım,,2.5,0.4,3.1
BAS00271,Mobil,Taşıt Kredisi,Konya,2024-10,58,8000,363205,456,1,0,0,0,Başvuru,,,,0.3
BAS00272,Şube,İşletme Kredisi,Konya,2024-11,35,11406,490098,420,1,1,0,0,Değerlendirme,Yaş Sınırı,1.7,,1.8
BAS00273,Şube,Konut Kredisi,İstanbul,2024-08,34,31165,1889726,386,1,1,1,1,Kullanım,,1.4,0.4,2.3
BAS00274,Şube,İhtiyaç Kredisi,Bursa,2024-06,27,19446,149505,487,1,1,1,1,Kullanım,,0.4,1.0,1.6
BAS00275,Mobil,İşletme Kredisi,Konya,2024-09,20,20018,452229,319,1,0,0,0,Başvuru,,,,0.2
BAS00276,Mobil,İşletme Kredisi,Bursa,2024-02,37,38541,450005,478,1,1,1,1,Kullanım,,1.0,0.8,2.2
BAS00277,Mobil,Taşıt Kredisi,Adana,2024-03,61,46892,455785,713,1,1,1,1,Kullanım,,1.4,1.1,2.7
BAS00278,İnternet,Taşıt Kredisi,Konya,2024-05,60,39993,352951,668,1,1,0,0,Değerlendirme,Yaş Sınırı,2.7,,2.9
BAS00279,Mobil,Taşıt Kredisi,Adana,2024-02,26,29254,263708,570,1,1,1,1,Kullanım,,1.7,0.9,3.1
BAS00280,Mobil,Konut Kredisi,Gaziantep,2024-02,21,33518,1811936,360,1,1,0,0,Değerlendirme,Gelir Doğrulanamadı,0.8,,1.1
BAS00281,Şube,Konut Kredisi,Ankara,2024-11,35,8000,1925147,699,1,1,0,0,Değerlendirme,Eksik Belge,0.7,,0.8
BAS00282,Mobil,Taşıt Kredisi,İstanbul,2024-01,35,22909,326240,461,1,1,1,1,Kullanım,,2.2,0.4,2.8
BAS00283,Mobil,İhtiyaç Kredisi,İstanbul,2024-12,33,37541,142360,547,1,1,1,1,Kullanım,,1.5,1.5,3.1
BAS00284,İnternet,İşletme Kredisi,İstanbul,2024-03,37,16716,407326,397,1,1,1,1,Kullanım,,2.2,0.9,3.2
BAS00285,Mobil,Taşıt Kredisi,Gaziantep,2024-06,47,57167,370285,578,1,1,0,0,Değerlendirme,Eksik Belge,1.1,,1.4
BAS00286,Mobil,Taşıt Kredisi,Bursa,2024-04,46,37223,447117,439,1,1,0,0,Değerlendirme,Teminat Yetersiz,2.6,,3.0
BAS00287,Mobil,İhtiyaç Kredisi,Antalya,2024-12,58,17668,107560,625,1,1,0,0,Değerlendirme,Eksik Belge,2.4,,2.5
BAS00288,İnternet,İhtiyaç Kredisi,Konya,2024-02,56,28240,22270,585,1,1,1,1,Kullanım,,2.5,0.9,3.7
BAS00289,İnternet,İhtiyaç Kredisi,Adana,2024-09,48,49751,232278,755,1,0,0,0,Başvuru,,,,0.3
BAS00290,İnternet,İhtiyaç Kredisi,Gaziantep,2024-11,56,40729,198290,654,1,1,0,0,Değerlendirme,Yüksek Borç/Gelir,2.5,,2.9
BAS00291,Mobil,İhtiyaç Kredisi,İstanbul,2024-12,51,45220,32172,668,1,1,1,1,Kullanım,,1.1,0.6,2.1
BAS00292,İnternet,İhtiyaç Kredisi,İstanbul,2024-09,27,26072,60371,452,1,0,0,0,Başvuru,,,,0.4
BAS00293,Mobil,Konut Kredisi,Adana,2024-07,42,47297,1819757,621,1,1,1,1,Kullanım,,1.4,0.6,2.3
BAS00294,Çağrı Merkezi,Konut Kredisi,Gaziantep,2024-10,57,24855,1811042,729,1,0,0,0,Başvuru,,,,0.5
BAS00295,Şube,Konut Kredisi,Bursa,2024-04,27,34289,1741556,563,1,1,1,1,Kullanım,,1.7,0.4,2.5
BAS00296,Şube,İşletme Kredisi,Gaziantep,2024-10,27,30907,349661,325,1,1,1,1,Kullanım,,0.6,0.6,1.7
BAS00297,Mobil,İhtiyaç Kredisi,Adana,2024-06,55,16126,89852,639,1,1,1,1,Kullanım,,2.6,1.3,4.0
BAS00298,Mobil,İhtiyaç Kredisi,Adana,2024-05,51,47924,124335,648,1,1,1,1,Kullanım,,2.8,0.5,3.7
BAS00299,Şube,Konut Kredisi,İzmir,2024-11,39,33426,1715281,672,1,1,1,1,Kullanım,,1.3,0.2,1.9
BAS00300,Şube,Konut Kredisi,Konya,2024-02,28,26411,1894170,533,1,1,1,1,Kullanım,,1.1,0.6,2.2
BAS00301,İnternet,İhtiyaç Kredisi,Adana,2024-09,24,26787,155757,463,1,1,1,1,Kullanım,,2.1,0.8,3.2
BAS00302,Mobil,İhtiyaç Kredisi,Bursa,2024-03,21,27576,182127,375,1,1,1,0,Onaylandı,,2.2,0.4,3.1
BAS00303,İnternet,İşletme Kredisi,Konya,2024-04,57,8000,541193,527,1,1,0,0,Değerlendirme,Eksik Belge,1.2,,1.7
BAS00304,İnternet,İşletme Kredisi,Gaziantep,2024-05,62,8832,495188,571,1,1,1,1,Kullanım,,2.8,1.1,4.2
BAS00305,Mobil,İhtiyaç Kredisi,İzmir,2024-12,30,41467,80919,486,1,1,1,1,Kullanım,,2.2,0.7,3.3
BAS00306,Şube,İhtiyaç Kredisi,Antalya,2024-12,56,49655,27752,683,1,1,1,1,Kullanım,,1.2,0.4,2.1
BAS00307,Mobil,Taşıt Kredisi,İzmir,2024-05,33,29204,451157,599,1,1,1,1,Kullanım,,1.8,0.7,3.0
BAS00308,Çağrı Merkezi,İhtiyaç Kredisi,Antalya,2024-09,38,23839,197760,409,1,1,0,0,Değerlendirme,Yaş Sınırı,2.5,,2.6
BAS00309,Şube,Konut Kredisi,Antalya,2024-06,45,26978,1804897,517,1,1,1,1,Kullanım,,1.3,0.5,2.3
BAS00310,İnternet,Taşıt Kredisi,Gaziantep,2024-11,22,40605,402472,469,1,1,0,0,Değerlendirme,Düşük Kredi Skoru,1.4,,1.6
BAS00311,Şube,Taşıt Kredisi,Gaziantep,2024-05,58,33342,303593,611,1,1,1,1,Kullanım,,0.8,0.6,1.7
BAS00312,Mobil,İhtiyaç Kredisi,İzmir,2024-07,30,15836,10000,427,1,1,0,0,Değerlendirme,Teminat Yetersiz,1.9,,2.0
BAS00313,İnternet,İhtiyaç Kredisi,Adana,2024-08,53,17387,10000,594,1,1,1,1,Kullanım,,2.0,0.9,3.1
BAS00314,İnternet,İhtiyaç Kredisi,İstanbul,2024-07,22,18935,156856,435,1,1,1,1,Kullanım,,2.4,1.4,4.2
BAS00315,Çağrı Merkezi,İhtiyaç Kredisi,Ankara,2024-12,26,17097,149949,438,1,0,0,0,Başvuru,,,,0.2
BAS00316,Şube,İhtiyaç Kredisi,Konya,2024-07,26,12457,10000,525,1,1,1,1,Kullanım,,1.1,0.6,1.9
BAS00317,Çağrı Merkezi,Taşıt Kredisi,İstanbul,2024-09,37,66585,411797,605,1,1,1,1,Kullanım,,2.2,1.2,3.7
BAS00318,İnternet,Konut Kredisi,İzmir,2024-04,50,30363,1695280,645,1,0,0,0,Başvuru,,,,0.3
BAS00319,Şube,Taşıt Kredisi,Adana,2024-10,57,8000,440352,586,1,1,1,1,Kullanım,,1.1,0.5,2.0
BAS00320,İnternet,Taşıt Kredisi,Ankara,2024-12,51,8000,407174,520,1,1,1,1,Kullanım,,1.8,1.0,3.3
BAS00321,İnternet,Konut Kredisi,Bursa,2024-11,51,16360,1836362,561,1,1,1,0,Onaylandı,,2.5,1.0,3.7
BAS00322,Mobil,İşletme Kredisi,Konya,2024-03,21,8000,510738,563,1,1,0,0,Değerlendirme,Eksik Belge,1.5,,1.8
BAS00323,Şube,İşletme Kredisi,Bursa,2024-10,33,17861,619506,521,1,1,1,1,Kullanım,,1.2,0.1,1.7
BAS00324,Mobil,Konut Kredisi,Antalya,2024-06,41,26502,1787497,531,1,1,0,0,Değerlendirme,Teminat Yetersiz,1.9,,2.2
BAS00325,Şube,İşletme Kredisi,Bursa,2024-05,40,45678,446069,548,1,1,1,1,Kullanım,,1.9,1.0,3.3
BAS00326,Mobil,Konut Kredisi,Ankara,2024-12,39,33743,1855362,609,1,1,1,1,Kullanım,,2.7,0.3,3.5
BAS00327,Mobil,İhtiyaç Kredisi,Bursa,2024-08,44,44513,82385,579,1,0,0,0,Başvuru,,,,0.4
BAS00328,Çağrı Merkezi,Taşıt Kredisi,Gaziantep,2024-01,21,20132,302300,543,1,0,0,0,Başvuru,,,,0.3
BAS00329,Mobil,Taşıt Kredisi,Bursa,2024-05,62,22951,216347,475,1,1,1,1,Kullanım,,1.6,0.8,2.6
BAS00330,Mobil,İşletme Kredisi,Bursa,2024-08,52,15290,470424,670,1,0,0,0,Başvuru,,,,0.2
BAS00331,Mobil,Taşıt Kredisi,İzmir,2024-10,45,28464,331190,539,1,0,0,0,Başvuru,,,,0.2
BAS00332,Mobil,İhtiyaç Kredisi,Konya,2024-07,39,38120,104191,569,1,1,0,0,Değerlendirme,Düşük Kredi Skoru,1.5,,1.7
BAS00333,Şube,İhtiyaç Kredisi,Antalya,2024-04,29,15432,70608,512,1,0,0,0,Başvuru,,,,0.4
BAS00334,Mobil,Taşıt Kredisi,Antalya,2024-07,48,23703,402026,608,1,1,1,1,Kullanım,,1.8,1.0,3.2
BAS00335,İnternet,İhtiyaç Kredisi,İstanbul,2024-02,41,32900,339837,673,1,1,1,1,Kullanım,,2.5,1.7,4.5
BAS00336,Şube,İhtiyaç Kredisi,Adana,2024-05,30,46376,73059,413,1,1,1,1,Kullanım,,1.3,0.5,2.0
BAS00337,Mobil,İhtiyaç Kredisi,Gaziantep,2024-01,22,30891,175210,544,1,1,1,1,Kullanım,,1.0,0.9,2.0
BAS00338,Mobil,Taşıt Kredisi,Gaziantep,2024-04,45,29132,568436,560,1,1,1,1,Kullanım,,1.2,0.9,2.2
BAS00339,Şube,Konut Kredisi,Bursa,2024-12,22,49713,1664337,570,1,1,0,0,Değerlendirme,Yaş Sınırı,0.6,,0.9
BAS00340,Şube,İhtiyaç Kredisi,Bursa,2024-09,24,44640,142101,514,1,1,1,1,Kullanım,,0.8,0.1,1.3
BAS00341,İnternet,İşletme Kredisi,Bursa,2024-10,54,41050,321264,659,1,1,0,0,Değerlendirme,Yaş Sınırı,2.6,,2.8
BAS00342,Mobil,Taşıt Kredisi,İstanbul,2024-02,55,42861,384627,687,1,1,0,0,Değerlendirme,Yüksek Borç/Gelir,1.7,,1.9
BAS00343,Mobil,İhtiyaç Kredisi,Gaziantep,2024-05,58,14680,125411,674,1,1,0,0,Değerlendirme,Teminat Yetersiz,2.2,,2.6
BAS00344,İnternet,Konut Kredisi,Adana,2024-10,32,22520,1839848,522,1,1,0,0,Değerlendirme,Gelir Doğrulanamadı,1.4,,1.6
BAS00345,İnternet,İşletme Kredisi,Antalya,2024-02,53,23618,432583,604,1,1,1,1,Kullanım,,1.2,0.6,2.1
BAS00346,Şube,Konut Kredisi,Adana,2024-05,52,55486,1864462,669,1,1,1,1,Kullanım,,0.8,0.2,1.3
BAS00347,Şube,Konut Kredisi,Ankara,2024-08,57,27718,1699441,658,1,1,1,1,Kullanım,,2.4,0.8,3.5
BAS00348,Mobil,İhtiyaç Kredisi,Bursa,2024-10,39,61321,174751,704,1,1,1,1,Kullanım,,2.1,0.8,3.3
BAS00349,Şube,İhtiyaç Kredisi,Antalya,2024-09,47,19559,43260,472,1,1,1,1,Kullanım,,1.3,-0.1,1.6
BAS00350,Mobil,Konut Kredisi,Ankara,2024-12,61,30702,1834219,551,1,0,0,0,Başvuru,,,,0.4
BAS00351,Mobil,Taşıt Kredisi,Adana,2024-08,58,44791,355206,587,1,1,0,0,Değerlendirme,Teminat Yetersiz,2.0,,2.1
BAS00352,İnternet,İhtiyaç Kredisi,Ankara,2024-04,45,20667,10000,545,1,1,0,0,Değerlendirme,Düşük Kredi Skoru,2.1,,2.3
BAS00353,Mobil,Konut Kredisi,Konya,2024-03,47,12369,1736544,578,1,1,1,1,Kullanım,,1.7,0.8,2.8
BAS00354,Mobil,İhtiyaç Kredisi,İzmir,2024-01,40,41425,117779,498,1,1,1,1,Kullanım,,1.3,0.5,2.2
BAS00355,Mobil,İhtiyaç Kredisi,Konya,2024-07,37,8815,74714,300,1,1,1,0,Onaylandı,,2.6,0.7,3.5
BAS00356,İnternet,Konut Kredisi,Bursa,2024-10,27,20269,1997344,480,1,1,1,1,Kullanım,,1.7,1.1,3.1
BAS00357,Şube,İşletme Kredisi,Bursa,2024-12,33,31695,480198,550,1,1,0,0,Değerlendirme,Eksik Belge,1.2,,1.5
BAS00358,Şube,Konut Kredisi,Antalya,2024-06,62,21279,1759245,697,1,1,0,0,Değerlendirme,Gelir Doğrulanamadı,1.2,,1.4
BAS00359,İnternet,Taşıt Kredisi,Konya,2024-03,46,10342,245929,579,1,1,1,1,Kullanım,,3.0,0.9,4.4
BAS00360,Mobil,İhtiyaç Kredisi,İzmir,2024-02,20,34443,10000,424,1,1,1,1,Kullanım,,1.9,0.5,2.7
BAS00361,İnternet,İhtiyaç Kredisi,İzmir,2024-08,60,44672,92659,631,1,0,0,0,Başvuru,,,,0.2
BAS00362,Mobil,Konut Kredisi,Bursa,2024-06,38,25589,1719915,618,1,1,0,0,Değerlendirme,Gelir Doğrulanamadı,1.3,,1.4
BAS00363,Mobil,Konut Kredisi,İzmir,2024-03,32,44320,1762001,574,1,1,0,0,Değerlendirme,Gelir Doğrulanamadı,1.2,,1.6
BAS00364,Mobil,Taşıt Kredisi,İstanbul,2024-06,58,39453,402246,666,1,1,1,1,Kullanım,,2.1,1.4,3.6
BAS00365,Mobil,İşletme Kredisi,Adana,2024-11,40,14193,434132,464,1,1,1,1,Kullanım,,1.1,0.5,2.0
BAS00366,Şube,Taşıt Kredisi,Gaziantep,2024-09,24,8000,352366,429,1,1,1,1,Kullanım,,0.7,1.0,1.9
BAS00367,Mobil,İşletme Kredisi,İzmir,2024-08,56,43338,510086,663,1,1,0,0,Değerlendirme,Teminat Yetersiz,2.1,,2.4
BAS00368,İnternet,Konut Kredisi,Gaziantep,2024-01,57,31249,1803868,600,1,0,0,0,Başvuru,,,,0.1
BAS00369,Mobil,İşletme Kredisi,İzmir,2024-08,26,17193,384920,480,1,1,0,0,Değerlendirme,Düşük Kredi Skoru,1.6,,1.8
BAS00370,İnternet,Taşıt Kredisi,Konya,2024-04,35,31204,245495,557,1,1,0,0,Değerlendirme,Teminat Yetersiz,1.8,,2.3
BAS00371,Çağrı Merkezi,İhtiyaç Kredisi,Konya,2024-12,43,57258,19338,644,1,1,1,0,Onaylandı,,2.6,1.3,4.3
BAS00372,Mobil,Taşıt Kredisi,İstanbul,2024-03,44,32359,384115,521,1,1,1,0,Onaylandı,,1.6,1.0,2.8
BAS00373,Mobil,İhtiyaç Kredisi,İzmir,2024-09,36,21228,37501,537,1,1,1,1,Kullanım,,1.8,0.8,3.0
BAS00374,Mobil,İşletme Kredisi,Gaziantep,2024-10,27,41217,457979,354,1,1,1,0,Onaylandı,,2.1,1.4,3.7
BAS00375,Mobil,Konut Kredisi,İzmir,2024-12,22,29806,1706782,412,1,0,0,0,Başvuru,,,,0.2
BAS00376,Şube,Konut Kredisi,Ankara,2024-01,41,23587,1792936,340,1,1,1,1,Kullanım,,3.0,0.2,3.4
BAS00377,Şube,Taşıt Kredisi,Ankara,2024-02,55,14423,407958,567,1,1,1,1,Kullanım,,0.2,0.4,1.0
BAS00378,Çağrı Merkezi,Taşıt Kredisi,İzmir,2024-01,53,8000,309216,518,1,0,0,0,Başvuru,,,,0.2
BAS00379,Mobil,İşletme Kredisi,Bursa,2024-09,38,8000,400623,457,1,0,0,0,Başvuru,,,,0.5
BAS00380,Şube,İhtiyaç Kredisi,Adana,2024-01,46,19197,62781,530,1,1,1,1,Kullanım,,1.3,0.5,2.0
BAS00381,İnternet,İhtiyaç Kredisi,Gaziantep,2024-12,38,32504,171177,531,1,0,0,0,Başvuru,,,,0.1
BAS00382,İnternet,Taşıt Kredisi,Ankara,2024-01,37,8000,381365,531,1,0,0,0,Başvuru,,,,0.3
BAS00383,Şube,İhtiyaç Kredisi,İzmir,2024-10,36,18444,139060,372,1,1,0,0,Değerlendirme,Gelir Doğrulanamadı,1.8,,2.0
BAS00384,Şube,Konut Kredisi,Bursa,2024-10,41,24108,1776564,482,1,1,0,0,Değerlendirme,Düşük Kredi Skoru,1.3,,1.5
BAS00385,İnternet,İşletme Kredisi,İzmir,2024-09,44,24287,423203,619,1,1,0,0,Değerlendirme,Yaş Sınırı,2.3,,2.4
BAS00386,Mobil,Taşıt Kredisi,Bursa,2024-01,43,13236,382365,401,1,1,1,1,Kullanım,,1.9,0.5,2.5
BAS00387,Mobil,Taşıt Kredisi,Gaziantep,2024-02,56,8000,276822,562,1,1,1,1,Kullanım,,1.7,0.8,2.6
BAS00388,İnternet,İhtiyaç Kredisi,Antalya,2024-02,56,57773,197626,696,1,1,1,1,Kullanım,,2.1,0.5,2.7
BAS00389,Çağrı Merkezi,İhtiyaç Kredisi,Adana,2024-08,57,8000,196778,713,1,1,1,1,Kullanım,,1.8,1.4,3.3
BAS00390,Mobil,Taşıt Kredisi,Antalya,2024-12,29,25218,400397,501,1,1,0,0,Değerlendirme,Gelir Doğrulanamadı,2.8,,2.9
BAS00391,Şube,Konut Kredisi,Konya,2024-12,41,27702,1846847,527,1,1,1,1,Kullanım,,2.4,0.7,3.4
BAS00392,Şube,İşletme Kredisi,Gaziantep,2024-02,23,28961,551377,538,1,1,0,0,Değerlendirme,Teminat Yetersiz,1.2,,1.7
BAS00393,Şube,İşletme Kredisi,İstanbul,2024-05,41,13232,474539,577,1,1,0,0,Değerlendirme,Yüksek Borç/Gelir,1.2,,1.3
BAS00394,İnternet,Konut Kredisi,İzmir,2024-09,30,21312,1724719,523,1,1,0,0,Değerlendirme,Yüksek Borç/Gelir,2.1,,2.2
BAS00395,Şube,İşletme Kredisi,İzmir,2024-01,29,45265,548095,495,1,1,0,0,Değerlendirme,Düşük Kredi Skoru,0.9,,1.3
BAS00396,Mobil,Taşıt Kredisi,Gaziantep,2024-08,36,12065,452313,447,1,1,1,1,Kullanım,,2.1,0.8,3.1
BAS00397,İnternet,İşletme Kredisi,Bursa,2024-03,55,15913,565054,590,1,1,1,1,Kullanım,,1.6,0.6,2.6
BAS00398,Mobil,İhtiyaç Kredisi,Gaziantep,2024-02,39,27020,89805,532,1,1,0,0,Değerlendirme,Düşük Kredi Skoru,1.8,,1.9
BAS00399,Şube,İhtiyaç Kredisi,Bursa,2024-05,26,35700,139988,431,1,1,0,0,Değerlendirme,Düşük Kredi Skoru,2.0,,2.1
BAS00400,Mobil,İşletme Kredisi,Ankara,2024-05,58,40289,503480,687,1,0,0,0,Başvuru,,,,0.4
BAS00401,Şube,İhtiyaç Kredisi,İzmir,2024-09,23,19134,121168,520,1,1,1,1,Kullanım,,1.0,0.8,2.2
BAS00402,Mobil,İhtiyaç Kredisi,Konya,2024-09,45,8000,136844,514,1,1,1,0,Onaylandı,,1.6,0.7,2.8
BAS00403,Mobil,İşletme Kredisi,İzmir,2024-12,23,22818,594805,436,1,1,0,0,Değerlendirme,Teminat Yetersiz,1.5,,1.7
BAS00404,Mobil,İşletme Kredisi,İzmir,2024-12,22,32918,456415,551,1,0,0,0,Başvuru,,,,0.3
BAS00405,Mobil,İhtiyaç Kredisi,Gaziantep,2024-06,38,23618,80416,527,1,0,0,0,Başvuru,,,,0.2
BAS00406,İnternet,İhtiyaç Kredisi,Adana,2024-09,41,30212,121165,443,1,1,1,1,Kullanım,,2.5,1.2,3.8
BAS00407,Mobil,Konut Kredisi,Antalya,2024-11,41,42769,1778819,455,1,1,1,1,Kullanım,,1.9,1.3,3.4
BAS00408,Şube,Taşıt Kredisi,Adana,2024-01,33,8000,509940,339,1,1,1,1,Kullanım,,1.0,0.8,2.0
BAS00409,Mobil,İşletme Kredisi,İstanbul,2024-06,47,34537,365373,603,1,0,0,0,Başvuru,,,,0.1
BAS00410,İnternet,İhtiyaç Kredisi,Ankara,2024-12,41,24791,69598,649,1,1,0,0,Değerlendirme,Gelir Doğrulanamadı,2.0,,2.4
BAS00411,Mobil,İşletme Kredisi,Adana,2024-07,29,18347,378446,491,1,1,1,1,Kullanım,,2.4,1.2,3.9
BAS00412,İnternet,İhtiyaç Kredisi,Antalya,2024-09,62,18096,50486,687,1,1,1,0,Onaylandı,,2.4,1.1,3.9
BAS00413,İnternet,Konut Kredisi,Antalya,2024-10,55,22720,1798000,674,1,1,1,1,Kullanım,,1.7,0.8,3.0
BAS00414,Mobil,İhtiyaç Kredisi,Antalya,2024-08,37,8000,271311,441,1,0,0,0,Başvuru,,,,0.4
BAS00415,Şube,İhtiyaç Kredisi,Adana,2024-11,56,50977,28988,740,1,1,1,1,Kullanım,,0.7,0.8,1.9
BAS00416,Şube,İhtiyaç Kredisi,Antalya,2024-10,49,10679,10000,507,1,1,1,1,Kullanım,,2.1,0.5,3.1
BAS00417,Mobil,İhtiyaç Kredisi,Konya,2024-01,31,26600,180971,473,1,1,0,0,Değerlendirme,Teminat Yetersiz,2.6,,2.9
BAS00418,Mobil,Taşıt Kredisi,Ankara,2024-01,62,31076,345944,705,1,1,1,1,Kullanım,,2.0,0.6,3.0
BAS00419,Şube,İşletme Kredisi,Adana,2024-06,42,11890,341166,550,1,1,1,1,Kullanım,,1.3,0.7,2.3
BAS00420,Şube,Konut Kredisi,Gaziantep,2024-08,49,18734,1711299,539,1,1,1,1,Kullanım,,1.8,0.6,2.9
BAS00421,Mobil,Taşıt Kredisi,Bursa,2024-08,34,25807,303439,572,1,1,0,0,Değerlendirme,Yaş Sınırı,2.3,,2.6
BAS00422,Mobil,Konut Kredisi,Antalya,2024-12,29,35483,1865308,491,1,1,0,0,Değerlendirme,Yüksek Borç/Gelir,1.1,,1.5
BAS00423,Çağrı Merkezi,İhtiyaç Kredisi,Konya,2024-11,41,51131,116399,568,1,1,0,0,Değerlendirme,Eksik Belge,2.4,,2.5
BAS00424,Şube,Taşıt Kredisi,İzmir,2024-05,55,37223,308531,695,1,1,1,1,Kullanım,,0.9,0.4,1.5
BAS00425,Mobil,Taşıt Kredisi,Konya,2024-08,56,39597,293254,617,1,0,0,0,Başvuru,,,,0.4
BAS00426,Şube,Konut Kredisi,Adana,2024-02,49,17821,1825613,712,1,1,0,0,Değerlendirme,Eksik Belge,1.2,,1.5
BAS00427,Şube,İhtiyaç Kredisi,İzmir,2024-06,44,23199,10000,626,1,0,0,0,Başvuru,,,,0.5
BAS00428,Mobil,Taşıt Kredisi,Bursa,2024-12,29,36645,352740,528,1,0,0,0,Başvuru,,,,0.2
BAS00429,Mobil,İhtiyaç Kredisi,Adana,2024-02,49,40576,252550,509,1,0,0,0,Başvuru,,,,0.4
BAS00430,Mobil,İhtiyaç Kredisi,İzmir,2024-08,58,15728,23087,554,1,0,0,0,Başvuru,,,,0.2
BAS00431,Mobil,İhtiyaç Kredisi,İstanbul,2024-04,36,19280,10000,482,1,1,0,0,Değerlendirme,Teminat Yetersiz,1.7,,2.1
BAS00432,Mobil,Konut Kredisi,Antalya,2024-04,27,29812,1804288,420,1,1,0,0,Değerlendirme,Teminat Yetersiz,1.5,,1.8
BAS00433,Mobil,Taşıt Kredisi,İzmir,2024-12,56,8000,298326,629,1,1,1,1,Kullanım,,2.1,0.6,3.1
BAS00434,Mobil,Taşıt Kredisi,Ankara,2024-11,43,19645,408677,484,1,1,1,0,Onaylandı,,1.2,1.3,2.9
BAS00435,Mobil,İhtiyaç Kredisi,Bursa,2024-08,60,29041,181450,561,1,1,0,0,Değerlendirme,Eksik Belge,1.7,,2.0
BAS00436,Şube,İşletme Kredisi,Adana,2024-11,42,34500,651178,593,1,1,1,1,Kullanım,,2.0,1.0,3.3
BAS00437,Şube,Konut Kredisi,İzmir,2024-07,20,8000,1801776,449,1,1,1,0,Onaylandı,,0.9,0.2,1.4
BAS00438,Çağrı Merkezi,İşletme Kredisi,Ankara,2024-05,24,33385,474164,434,1,1,1,0,Onaylandı,,3.0,1.2,4.6
BAS00439,Mobil,Taşıt Kredisi,Konya,2024-05,50,35263,325321,657,1,1,0,0,Değerlendirme,Yüksek Borç/Gelir,2.3,,2.4
BAS00440,Mobil,Konut Kredisi,İzmir,2024-04,34,35189,1773654,573,1,1,1,0,Onaylandı,,0.8,0.9,1.8
BAS00441,Mobil,İşletme Kredisi,İzmir,2024-07,31,44195,549731,514,1,0,0,0,Başvuru,,,,0.1
BAS00442,Şube,Konut Kredisi,Bursa,2024-12,54,45158,1928578,701,1,1,1,1,Kullanım,,0.5,0.3,1.3
BAS00443,İnternet,İhtiyaç Kredisi,Adana,2024-07,46,34943,224237,550,1,1,1,1,Kullanım,,1.5,1.2,2.9
BAS00444,İnternet,İhtiyaç Kredisi,Bursa,2024-06,20,35191,55679,636,1,1,0,0,Değerlendirme,Gelir Doğrulanamadı,2.4,,2.7
BAS00445,Mobil,İhtiyaç Kredisi,Konya,2024-02,40,19985,283763,557,1,1,0,0,Değerlendirme,Gelir Doğrulanamadı,2.8,,3.0
BAS00446,İnternet,İşletme Kredisi,Adana,2024-07,30,45865,501975,552,1,1,0,0,Değerlendirme,Gelir Doğrulanamadı,1.6,,1.8
BAS00447,İnternet,İşletme Kredisi,Antalya,2024-01,52,20489,462597,636,1,1,1,0,Onaylandı,,1.7,0.8,2.7
BAS00448,Şube,İhtiyaç Kredisi,Adana,2024-10,56,8000,198546,579,1,1,0,0,Değerlendirme,Eksik Belge,1.9,,2.2
BAS00449,Mobil,İhtiyaç Kredisi,Ankara,2024-11,62,45506,73589,690,1,1,0,0,Değerlendirme,Yaş Sınırı,1.5,,1.7
BAS00450,Mobil,İhtiyaç Kredisi,Bursa,2024-01,25,26546,60970,345,1,1,1,1,Kullanım,,1.9,0.6,2.6
BAS00451,Mobil,Taşıt Kredisi,İzmir,2024-01,54,31066,314898,634,1,1,1,1,Kullanım,,2.0,1.0,3.5
BAS00452,Şube,Taşıt Kredisi,Bursa,2024-03,54,8000,535164,622,1,1,1,1,Kullanım,,0.9,0.4,1.8
BAS00453,Şube,Konut Kredisi,Bursa,2024-09,52,23431,1794200,480,1,1,1,1,Kullanım,,1.0,1.1,2.3
BAS00454,Mobil,İhtiyaç Kredisi,Ankara,2024-03,45,22825,10000,520,1,1,1,1,Kullanım,,1.7,0.9,3.0
BAS00455,Şube,Konut Kredisi,Bursa,2024-12,40,41186,1891303,495,1,1,1,0,Onaylandı,,1.3,0.5,2.3
BAS00456,İnternet,Taşıt Kredisi,Gaziantep,2024-03,30,43575,379151,560,1,1,1,1,Kullanım,,2.3,1.5,4.1
BAS00457,Mobil,Taşıt Kredisi,İzmir,2024-07,39,8000,174302,567,1,1,1,1,Kullanım,,2.3,0.9,3.5
BAS00458,Şube,Taşıt Kredisi,İstanbul,2024-09,45,28614,331534,503,1,1,1,1,Kullanım,,1.5,0.9,2.7
BAS00459,Şube,Taşıt Kredisi,Antalya,2024-10,51,36046,257341,628,1,0,0,0,Başvuru,,,,0.3
BAS00460,İnternet,Konut Kredisi,Gaziantep,2024-01,47,20336,1806331,364,1,1,1,1,Kullanım,,2.5,1.1,3.9
BAS00461,İnternet,İhtiyaç Kredisi,Adana,2024-11,32,36933,143223,528,1,1,1,1,Kullanım,,1.8,0.7,3.0
BAS00462,Mobil,İhtiyaç Kredisi,İzmir,2024-03,59,50904,219744,758,1,1,0,0,Değerlendirme,Yüksek Borç/Gelir,1.7,,2.0
BAS00463,Şube,İhtiyaç Kredisi,Adana,2024-10,44,20056,81639,515,1,1,1,1,Kullanım,,0.4,0.6,1.1
BAS00464,Mobil,Konut Kredisi,Bursa,2024-09,33,40342,1788725,477,1,0,0,0,Başvuru,,,,0.2
BAS00465,Şube,İhtiyaç Kredisi,Adana,2024-08,22,19553,124426,497,1,1,1,1,Kullanım,,1.2,0.3,1.7
BAS00466,Şube,Konut Kredisi,Antalya,2024-03,25,40438,1843748,680,1,1,0,0,Değerlendirme,Yaş Sınırı,1.4,,1.5
BAS00467,Mobil,Konut Kredisi,Antalya,2024-01,45,35686,1731366,631,1,0,0,0,Başvuru,,,,0.2
BAS00468,Çağrı Merkezi,İhtiyaç Kredisi,Adana,2024-12,44,8000,76758,451,1,0,0,0,Başvuru,,,,0.4
BAS00469,İnternet,Konut Kredisi,Adana,2024-05,37,61389,1738348,640,1,1,0,0,Değerlendirme,Yaş Sınırı,2.4,,2.5
BAS00470,Mobil,Konut Kredisi,Bursa,2024-07,43,12621,1703279,503,1,1,1,1,Kullanım,,2.5,0.6,3.3
BAS00471,Şube,İhtiyaç Kredisi,Konya,2024-08,56,48273,102749,638,1,1,0,0,Değerlendirme,Teminat Yetersiz,1.5,,1.9
BAS00472,Mobil,Taşıt Kredisi,Konya,2024-04,38,20744,358703,449,1,1,0,0,Değerlendirme,Düşük Kredi Skoru,2.2,,2.5
BAS00473,Şube,İhtiyaç Kredisi,Konya,2024-07,40,51845,224217,572,1,1,1,1,Kullanım,,0.8,0.9,2.1
BAS00474,Mobil,İhtiyaç Kredisi,Ankara,2024-12,27,34927,86066,410,1,1,1,1,Kullanım,,1.7,0.8,2.6
BAS00475,Şube,Konut Kredisi,İzmir,2024-04,53,36299,1733350,704,1,1,1,1,Kullanım,,1.2,0.3,1.7
BAS00476,Şube,Konut Kredisi,Gaziantep,2024-02,33,22080,1818067,496,1,1,0,0,Değerlendirme,Düşük Kredi Skoru,-0.7,,-0.2
BAS00477,Mobil,Taşıt Kredisi,Gaziantep,2024-05,51,46594,362350,668,1,1,0,0,Değerlendirme,Yüksek Borç/Gelir,1.6,,1.7
BAS00478,Şube,İhtiyaç Kredisi,Gaziantep,2024-06,38,34021,27703,487,1,0,0,0,Başvuru,,,,0.4
BAS00479,Mobil,İhtiyaç Kredisi,Konya,2024-11,49,48562,10000,585,1,1,0,0,Değerlendirme,Yaş Sınırı,1.4,,1.8
BAS00480,Mobil,İhtiyaç Kredisi,Gaziantep,2024-05,55,11797,52933,554,1,1,0,0,Değerlendirme,Gelir Doğrulanamadı,2.0,,2.4
BAS00481,İnternet,İşletme Kredisi,İzmir,2024-03,24,8000,462321,435,1,1,0,0,Değerlendirme,Yüksek Borç/Gelir,1.6,,1.9
BAS00482,Mobil,İhtiyaç Kredisi,Ankara,2024-01,24,28946,183421,497,1,0,0,0,Başvuru,,,,0.4
BAS00483,Mobil,İhtiyaç Kredisi,İzmir,2024-07,35,8000,10000,568,1,1,1,1,Kullanım,,1.6,0.7,2.5
BAS00484,Mobil,İhtiyaç Kredisi,Adana,2024-03,35,16170,15509,525,1,1,0,0,Değerlendirme,Yaş Sınırı,1.5,,1.9
BAS00485,Mobil,Taşıt Kredisi,Antalya,2024-07,60,11195,211679,675,1,1,1,1,Kullanım,,1.8,0.6,2.8
BAS00486,İnternet,Taşıt Kredisi,Antalya,2024-03,44,29350,524007,725,1,0,0,0,Başvuru,,,,0.3
BAS00487,Mobil,Taşıt Kredisi,Bursa,2024-07,21,26620,174761,368,1,1,1,1,Kullanım,,2.2,0.8,3.5
BAS00488,İnternet,İhtiyaç Kredisi,Ankara,2024-02,38,21089,144626,560,1,0,0,0,Başvuru,,,,0.2
BAS00489,Şube,Taşıt Kredisi,İzmir,2024-03,60,8679,375144,602,1,1,1,1,Kullanım,,0.5,0.5,1.4
BAS00490,Mobil,İşletme Kredisi,Konya,2024-02,29,23911,412260,633,1,1,0,0,Değerlendirme,Yaş Sınırı,2.9,,3.1
BAS00491,Şube,İhtiyaç Kredisi,Ankara,2024-05,49,38001,48455,736,1,1,1,1,Kullanım,,1.2,0.3,1.8
BAS00492,Şube,İhtiyaç Kredisi,Bursa,2024-12,59,25271,94599,617,1,1,0,0,Değerlendirme,Eksik Belge,1.4,,1.7
BAS00493,Mobil,İhtiyaç Kredisi,İstanbul,2024-03,61,20739,170007,553,1,1,1,1,Kullanım,,1.7,0.5,2.3
BAS00494,Şube,Konut Kredisi,Adana,2024-02,31,32552,1930743,504,1,1,1,0,Onaylandı,,1.5,0.4,2.2
BAS00495,İnternet,İhtiyaç Kredisi,Bursa,2024-03,34,30286,132222,631,1,0,0,0,Başvuru,,,,0.1
BAS00496,Şube,Taşıt Kredisi,Antalya,2024-12,51,53796,408491,706,1,1,0,0,Değerlendirme,Gelir Doğrulanamadı,1.0,,1.4
BAS00497,İnternet,Taşıt Kredisi,Adana,2024-01,55,38221,414692,575,1,1,1,1,Kullanım,,2.5,0.7,3.6
BAS00498,İnternet,İhtiyaç Kredisi,Antalya,2024-06,51,25441,96197,536,1,0,0,0,Başvuru,,,,0.5
BAS00499,Mobil,Taşıt Kredisi,Konya,2024-06,21,23627,391357,449,1,1,0,0,Değerlendirme,Teminat Yetersiz,2.0,,2.3
BAS00500,Mobil,İşletme Kredisi,Ankara,2024-08,56,8512,374576,510,1,1,0,0,Değerlendirme,Düşük Kredi Skoru,2.1,,2.5
BAS00501,Mobil,Konut Kredisi,İzmir,2024-12,41,30189,1760740,770,1,1,1,0,Onaylandı,,1.8,0.6,2.7
BAS00502,Mobil,İhtiyaç Kredisi,Ankara,2024-03,49,11375,130393,717,1,0,0,0,Başvuru,,,,0.4
BAS00503,Şube,İşletme Kredisi,Konya,2024-03,20,41339,352982,583,1,1,1,1,Kullanım,,0.2,1.0,1.5
BAS00504,Mobil,İhtiyaç Kredisi,Konya,2024-02,46,29103,164836,570,1,1,1,1,Kullanım,,1.7,1.1,3.2
BAS00505,Çağrı Merkezi,İhtiyaç Kredisi,İstanbul,2024-10,40,38945,10000,407,1,0,0,0,Başvuru,,,,0.4
BAS00506,Mobil,Taşıt Kredisi,Ankara,2024-01,25,10926,415340,563,1,1,1,1,Kullanım,,2.4,0.9,3.6
BAS00507,Mobil,İşletme Kredisi,İzmir,2024-04,34,37254,652651,561,1,1,0,0,Değerlendirme,Yüksek Borç/Gelir,2.3,,2.7
BAS00508,Mobil,Taşıt Kredisi,Gaziantep,2024-01,37,13547,253059,375,1,1,0,0,Değerlendirme,Eksik Belge,1.4,,1.6
BAS00509,Mobil,İhtiyaç Kredisi,Konya,2024-01,35,27591,21777,545,1,1,0,0,Değerlendirme,Eksik Belge,2.2,,2.4
BAS00510,Şube,İhtiyaç Kredisi,İzmir,2024-06,41,18410,171025,432,1,1,1,1,Kullanım,,2.1,0.6,3.1
BAS00511,Çağrı Merkezi,Konut Kredisi,Bursa,2024-11,53,31498,1739634,671,1,1,0,0,Değerlendirme,Gelir Doğrulanamadı,2.3,,2.6
BAS00512,Mobil,İhtiyaç Kredisi,Gaziantep,2024-12,23,35402,197010,345,1,1,0,0,Değerlendirme,Eksik Belge,1.4,,1.6
BAS00513,Mobil,İhtiyaç Kredisi,Adana,2024-06,20,42804,137953,511,1,1,1,1,Kullanım,,0.7,0.5,1.5
BAS00514,Çağrı Merkezi,Taşıt Kredisi,İzmir,2024-11,30,8000,335542,432,1,1,1,1,Kullanım,,2.6,1.8,4.5
BAS00515,Mobil,İhtiyaç Kredisi,İstanbul,2024-05,31,29052,40581,591,1,1,1,1,Kullanım,,1.7,1.0,2.9
BAS00516,Mobil,İhtiyaç Kredisi,Antalya,2024-07,42,49445,49805,650,1,0,0,0,Başvuru,,,,0.4
BAS00517,İnternet,İşletme Kredisi,Ankara,2024-07,20,33547,355959,518,1,1,0,0,Değerlendirme,Yüksek Borç/Gelir,2.3,,2.7
BAS00518,İnternet,Konut Kredisi,Ankara,2024-11,44,43468,1746892,553,1,1,1,1,Kullanım,,1.6,0.8,2.6
BAS00519,Mobil,İhtiyaç Kredisi,Konya,2024-03,61,23133,10000,743,1,1,0,0,Değerlendirme,Yaş Sınırı,2.2,,2.4
BAS00520,İnternet,İhtiyaç Kredisi,İzmir,2024-02,20,9511,171480,300,1,1,1,1,Kullanım,,2.1,1.2,3.5
BAS00521,Mobil,Taşıt Kredisi,Antalya,2024-07,37,22544,372271,412,1,1,1,1,Kullanım,,1.2,1.0,2.5
BAS00522,Mobil,İhtiyaç Kredisi,Adana,2024-09,23,22947,155000,312,1,1,1,1,Kullanım,,2.5,0.6,3.5
BAS00523,Şube,Taşıt Kredisi,Gaziantep,2024-04,42,14998,372880,455,1,1,1,0,Onaylandı,,1.9,0.4,2.5
BAS00524,Şube,İşletme Kredisi,Antalya,2024-11,39,17306,527820,543,1,1,0,0,Değerlendirme,Gelir Doğrulanamadı,2.0,,2.2
BAS00525,İnternet,Konut Kredisi,Adana,2024-07,29,21348,1784285,454,1,1,0,0,Değerlendirme,Eksik Belge,2.7,,2.8
BAS00526,Şube,Konut Kredisi,Bursa,2024-02,57,38315,1700224,671,1,1,1,1,Kullanım,,1.5,0.5,2.4
BAS00527,Mobil,İhtiyaç Kredisi,Gaziantep,2024-03,53,11045,238366,658,1,0,0,0,Başvuru,,,,0.2
BAS00528,Mobil,İşletme Kredisi,İstanbul,2024-12,40,19108,617221,583,1,1,1,0,Onaylandı,,1.8,0.7,2.8
BAS00529,İnternet,Taşıt Kredisi,Konya,2024-01,45,16456,530941,616,1,1,1,0,Onaylandı,,2.0,1.0,3.3
BAS00530,Mobil,İşletme Kredisi,Ankara,2024-06,40,28981,377490,730,1,0,0,0,Başvuru,,,,0.2
BAS00531,Mobil,İşletme Kredisi,Adana,2024-03,46,38920,509765,572,1,1,1,1,Kullanım,,1.6,0.5,2.5
BAS00532,Şube,Konut Kredisi,Gaziantep,2024-03,62,20822,1884957,710,1,1,1,1,Kullanım,,0.3,0.6,1.3
BAS00533,Mobil,İşletme Kredisi,İstanbul,2024-08,26,9498,478248,615,1,1,0,0,Değerlendirme,Yaş Sınırı,3.5,,3.6
BAS00534,Mobil,İhtiyaç Kredisi,İzmir,2024-05,52,39076,99759,545,1,0,0,0,Başvuru,,,,0.4
BAS00535,Çağrı Merkezi,İhtiyaç Kredisi,Konya,2024-02,24,30163,24863,427,1,0,0,0,Başvuru,,,,0.3
BAS00536,İnternet,İhtiyaç Kredisi,İstanbul,2024-11,24,8000,99950,479,1,1,0,0,Değerlendirme,Teminat Yetersiz,2.0,,2.4
BAS00537,İnternet,Konut Kredisi,İzmir,2024-05,61,38294,1920244,580,1,1,0,0,Değerlendirme,Gelir Doğrulanamadı,2.5,,2.9
BAS00538,İnternet,Konut Kredisi,İzmir,2024-11,55,26684,1751754,538,1,1,1,1,Kullanım,,2.3,1.0,3.7
BAS00539,İnternet,İhtiyaç Kredisi,Konya,2024-01,37,19320,56682,489,1,1,1,1,Kullanım,,1.8,0.4,2.5
BAS00540,İnternet,İhtiyaç Kredisi,İzmir,2024-03,47,18738,176819,685,1,1,1,0,Onaylandı,,2.9,0.9,4.0
BAS00541,Şube,Konut Kredisi,Gaziantep,2024-03,23,25329,1773848,583,1,1,0,0,Değerlendirme,Gelir Doğrulanamadı,2.0,,2.5
BAS00542,Mobil,İhtiyaç Kredisi,İzmir,2024-04,38,30840,131661,654,1,0,0,0,Başvuru,,,,0.4
BAS00543,Şube,Taşıt Kredisi,Ankara,2024-05,48,17500,357761,538,1,1,1,0,Onaylandı,,1.6,0.4,2.3
BAS00544,Şube,İhtiyaç Kredisi,Ankara,2024-03,37,44136,228851,592,1,1,1,1,Kullanım,,0.4,0.1,0.8
BAS00545,İnternet,İhtiyaç Kredisi,Bursa,2024-06,58,9977,94563,535,1,1,1,1,Kullanım,,2.5,1.2,3.8
BAS00546,Mobil,Konut Kredisi,Adana,2024-11,40,25709,1853069,518,1,1,0,0,Değerlendirme,Eksik Belge,1.9,,2.0
BAS00547,Mobil,İhtiyaç Kredisi,İzmir,2024-09,36,18471,87527,437,1,1,1,0,Onaylandı,,0.8,0.5,1.6
BAS00548,İnternet,İhtiyaç Kredisi,Gaziantep,2024-02,50,46837,238821,579,1,1,0,0,Değerlendirme,Eksik Belge,2.5,,2.8
BAS00549,Mobil,İhtiyaç Kredisi,İzmir,2024-03,29,62227,181734,502,1,1,1,0,Onaylandı,,1.6,0.6,2.4
BAS00550,Mobil,İşletme Kredisi,Konya,2024-08,26,26224,459060,498,1,1,0,0,Değerlendirme,Yüksek Borç/Gelir,1.8,,2.2
BAS00551,Mobil,Taşıt Kredisi,İzmir,2024-10,47,8000,436834,430,1,1,1,1,Kullanım,,2.3,0.9,3.5
BAS00552,Şube,Taşıt Kredisi,Ankara,2024-11,46,8000,366812,474,1,1,1,1,Kullanım,,1.6,0.4,2.2
BAS00553,Mobil,İşletme Kredisi,İzmir,2024-11,41,39174,492761,622,1,0,0,0,Başvuru,,,,0.1
BAS00554,Mobil,İhtiyaç Kredisi,Konya,2024-06,55,35291,187459,463,1,0,0,0,Başvuru,,,,0.4
BAS00555,Mobil,Taşıt Kredisi,Konya,2024-06,46,8000,324568,453,1,0,0,0,Başvuru,,,,0.4
BAS00556,Şube,İhtiyaç Kredisi,Konya,2024-11,26,25877,35743,521,1,1,0,0,Değerlendirme,Gelir Doğrulanamadı,0.9,,1.1
BAS00557,Mobil,Taşıt Kredisi,İzmir,2024-07,43,24520,273948,482,1,1,0,0,Değerlendirme,Eksik Belge,2.0,,2.4
BAS00558,Mobil,Taşıt Kredisi,Antalya,2024-10,55,18557,289383,661,1,1,1,1,Kullanım,,2.4,1.5,4.1
BAS00559,Mobil,İhtiyaç Kredisi,İzmir,2024-06,44,38006,133482,604,1,1,0,0,Değerlendirme,Yüksek Borç/Gelir,1.8,,2.0
BAS00560,İnternet,Konut Kredisi,Antalya,2024-12,24,40355,1784687,571,1,0,0,0,Başvuru,,,,0.2
BAS00561,Şube,Konut Kredisi,Bursa,2024-06,56,20211,1851662,659,1,1,1,1,Kullanım,,2.0,0.7,3.0
BAS00562,Mobil,İhtiyaç Kredisi,Bursa,2024-01,60,51092,10915,740,1,1,1,0,Onaylandı,,2.3,0.9,3.6
BAS00563,İnternet,İşletme Kredisi,Antalya,2024-11,39,29027,506330,521,1,1,1,1,Kullanım,,2.4,0.8,3.6
BAS00564,İnternet,İhtiyaç Kredisi,Konya,2024-04,42,8000,89914,637,1,1,1,1,Kullanım,,1.9,1.2,3.4
BAS00565,Mobil,İhtiyaç Kredisi,Antalya,2024-08,45,36628,213129,685,1,0,0,0,Başvuru,,,,0.4
BAS00566,Mobil,İhtiyaç Kredisi,Adana,2024-06,61,43239,57214,689,1,1,0,0,Değerlendirme,Düşük Kredi Skoru,1.8,,2.2
BAS00567,Mobil,İhtiyaç Kredisi,Adana,2024-09,24,15964,48521,381,1,0,0,0,Başvuru,,,,0.4
BAS00568,İnternet,İhtiyaç Kredisi,Gaziantep,2024-01,56,19348,191510,749,1,1,1,1,Kullanım,,1.8,0.7,2.8
BAS00569,Şube,İhtiyaç Kredisi,Gaziantep,2024-06,25,37198,129481,555,1,1,1,1,Kullanım,,1.6,0.0,1.7
BAS00570,Şube,İşletme Kredisi,Bursa,2024-04,31,17917,557346,514,1,1,1,1,Kullanım,,1.0,0.2,1.5
BAS00571,Mobil,Konut Kredisi,Antalya,2024-02,36,40423,1651914,378,1,0,0,0,Başvuru,,,,0.4
BAS00572,Mobil,İşletme Kredisi,Bursa,2024-09,29,8000,428588,452,1,1,1,1,Kullanım,,2.2,0.9,3.2
BAS00573,Şube,İşletme Kredisi,İzmir,2024-12,46,8000,446503,578,1,1,1,1,Kullanım,,1.9,0.7,2.8
BAS00574,Şube,İhtiyaç Kredisi,Antalya,2024-06,57,50360,98742,662,1,0,0,0,Başvuru,,,,0.1
BAS00575,Mobil,İhtiyaç Kredisi,İzmir,2024-08,61,11227,151786,546,1,1,0,0,Değerlendirme,Eksik Belge,0.9,,1.3
BAS00576,Mobil,Konut Kredisi,İstanbul,2024-07,48,8183,1762065,470,1,1,0,0,Değerlendirme,Eksik Belge,2.0,,2.5
BAS00577,Şube,İhtiyaç Kredisi,Adana,2024-07,48,12744,155524,664,1,1,0,0,Değerlendirme,Yüksek Borç/Gelir,1.9,,2.2
BAS00578,Mobil,Taşıt Kredisi,Antalya,2024-12,53,15856,317177,469,1,0,0,0,Başvuru,,,,0.4
BAS00579,Şube,Taşıt Kredisi,Gaziantep,2024-07,61,25004,437632,525,1,1,1,1,Kullanım,,1.0,0.8,2.1
BAS00580,Mobil,Taşıt Kredisi,Bursa,2024-11,29,11014,398096,465,1,1,1,1,Kullanım,,1.4,1.1,2.7
BAS00581,İnternet,İhtiyaç Kredisi,İzmir,2024-03,62,8000,192945,623,1,0,0,0,Başvuru,,,,0.3
BAS00582,Mobil,Konut Kredisi,Ankara,2024-08,39,19183,1821923,543,1,1,0,0,Değerlendirme,Eksik Belge,1.0,,1.3
BAS00583,Mobil,İhtiyaç Kredisi,İzmir,2024-01,37,25211,10000,567,1,1,0,0,Değerlendirme,Düşük Kredi Skoru,1.7,,1.8
BAS00584,Mobil,İhtiyaç Kredisi,İstanbul,2024-05,34,13337,73127,577,1,1,0,0,Değerlendirme,Teminat Yetersiz,1.5,,1.9
BAS00585,Mobil,İşletme Kredisi,Ankara,2024-03,22,8000,481131,398,1,1,1,1,Kullanım,,1.6,0.6,2.5
BAS00586,Mobil,İhtiyaç Kredisi,Ankara,2024-10,59,23263,133465,583,1,1,0,0,Değerlendirme,Gelir Doğrulanamadı,1.0,,1.4
BAS00587,Şube,İşletme Kredisi,Adana,2024-11,52,44005,332728,747,1,1,1,1,Kullanım,,1.3,0.4,2.1
BAS00588,Mobil,İhtiyaç Kredisi,İzmir,2024-05,60,18531,217542,548,1,1,1,1,Kullanım,,2.6,0.9,3.9
BAS00589,İnternet,İhtiyaç Kredisi,Konya,2024-04,33,29089,145511,387,1,1,0,0,Değerlendirme,Gelir Doğrulanamadı,2.2,,2.4
BAS00590,İnternet,İhtiyaç Kredisi,İstanbul,2024-04,40,34249,92842,671,1,0,0,0,Başvuru,,,,0.4
BAS00591,İnternet,İşletme Kredisi,Konya,2024-08,55,56896,560595,651,1,1,0,0,Değerlendirme,Teminat Yetersiz,2.4,,2.5
BAS00592,Şube,İhtiyaç Kredisi,Antalya,2024-10,56,41445,10949,747,1,1,1,1,Kullanım,,1.3,0.0,1.8
BAS00593,Çağrı Merkezi,İşletme Kredisi,Gaziantep,2024-02,31,26523,404414,624,1,1,1,1,Kullanım,,3.2,1.1,4.5
BAS00594,İnternet,Konut Kredisi,Antalya,2024-05,24,8969,1768267,392,1,1,0,0,Değerlendirme,Yaş Sınırı,1.5,,1.6
BAS00595,Mobil,Konut Kredisi,Bursa,2024-05,39,18193,1823681,577,1,1,0,0,Değerlendirme,Eksik Belge,0.9,,1.3
BAS00596,Mobil,Konut Kredisi,Bursa,2024-06,24,31928,1817111,492,1,0,0,0,Başvuru,,,,0.5
BAS00597,İnternet,İhtiyaç Kredisi,Gaziantep,2024-01,51,19736,174865,608,1,0,0,0,Başvuru,,,,0.4
BAS00598,Şube,İşletme Kredisi,Antalya,2024-11,53,30634,566090,600,1,1,1,1,Kullanım,,1.3,0.4,1.9
BAS00599,Mobil,İhtiyaç Kredisi,İstanbul,2024-08,36,17942,197973,464,1,1,0,0,Değerlendirme,Teminat Yetersiz,1.9,,2.3
BAS00600,Şube,Konut Kredisi,Adana,2024-11,61,25693,1775172,738,1,1,1,1,Kullanım,,0.7,-0.4,0.7
BAS00601,Mobil,İhtiyaç Kredisi,İstanbul,2024-10,20,34854,345858,439,1,1,1,1,Kullanım,,0.9,1.2,2.3
BAS00602,İnternet,Konut Kredisi,Ankara,2024-09,59,18813,1876827,539,1,1,1,1,Kullanım,,2.5,0.9,3.5
BAS00603,Mobil,İhtiyaç Kredisi,Ankara,2024-07,39,16827,110131,621,1,1,1,1,Kullanım,,1.4,0.8,2.6
BAS00604,Şube,İşletme Kredisi,Konya,2024-01,34,34845,365423,543,1,1,1,1,Kullanım,,0.9,0.6,2.0
BAS00605,Mobil,İhtiyaç Kredisi,Adana,2024-08,48,53225,135423,631,1,0,0,0,Başvuru,,,,0.2
BAS00606,Şube,Konut Kredisi,Konya,2024-12,46,11878,1835726,615,1,0,0,0,Başvuru,,,,0.5
BAS00607,Mobil,İhtiyaç Kredisi,Ankara,2024-08,56,16204,79427,601,1,1,1,1,Kullanım,,1.3,2.0,3.5
BAS00608,Şube,İhtiyaç Kredisi,İzmir,2024-01,40,33481,85279,484,1,1,1,1,Kullanım,,1.1,0.4,1.8
BAS00609,Şube,İhtiyaç Kredisi,Antalya,2024-05,30,32550,10000,520,1,1,0,0,Değerlendirme,Düşük Kredi Skoru,1.2,,1.5
BAS00610,Mobil,İhtiyaç Kredisi,Bursa,2024-01,23,59174,145895,516,1,0,0,0,Başvuru,,,,0.1
BAS00611,İnternet,İhtiyaç Kredisi,Antalya,2024-03,39,21859,193695,633,1,1,0,0,Değerlendirme,Düşük Kredi Skoru,3.1,,3.4
BAS00612,Şube,Konut Kredisi,Antalya,2024-07,39,50391,1802104,628,1,1,1,1,Kullanım,,1.1,0.8,2.4
BAS00613,Mobil,Konut Kredisi,Antalya,2024-10,46,26158,1698166,564,1,0,0,0,Başvuru,,,,0.3
BAS00614,Mobil,İhtiyaç Kredisi,Gaziantep,2024-01,42,20972,182671,461,1,1,1,1,Kullanım,,1.4,1.5,3.0
BAS00615,İnternet,İşletme Kredisi,Ankara,2024-06,61,12125,494945,570,1,0,0,0,Başvuru,,,,0.4
BAS00616,Şube,İşletme Kredisi,Bursa,2024-02,31,44772,482293,568,1,1,1,1,Kullanım,,2.0,0.6,3.1
BAS00617,İnternet,Konut Kredisi,Antalya,2024-07,52,8000,1784496,627,1,0,0,0,Başvuru,,,,0.5
BAS00618,Mobil,Konut Kredisi,Ankara,2024-12,52,20597,1782814,616,1,1,1,1,Kullanım,,1.3,0.6,2.2
BAS00619,İnternet,İhtiyaç Kredisi,Adana,2024-11,59,32840,201580,869,1,1,1,0,Onaylandı,,1.8,1.2,3.2
BAS00620,Şube,İhtiyaç Kredisi,İstanbul,2024-08,56,9864,114786,380,1,1,1,0,Onaylandı,,1.3,0.5,2.2
BAS00621,Şube,İşletme Kredisi,Bursa,2024-05,50,34404,382647,644,1,1,0,0,Değerlendirme,Yüksek Borç/Gelir,0.9,,1.2
BAS00622,İnternet,İhtiyaç Kredisi,Gaziantep,2024-06,33,32851,52851,379,1,1,0,0,Değerlendirme,Yaş Sınırı,2.7,,2.9
BAS00623,Şube,Konut Kredisi,Bursa,2024-08,60,16862,1810782,732,1,1,0,0,Değerlendirme,Yaş Sınırı,2.1,,2.4
BAS00624,Mobil,İşletme Kredisi,Konya,2024-12,22,33697,552515,530,1,1,0,0,Değerlendirme,Eksik Belge,2.9,,3.3
BAS00625,Mobil,Konut Kredisi,İstanbul,2024-11,20,15833,1737824,343,1,0,0,0,Başvuru,,,,0.3
BAS00626,Şube,İhtiyaç Kredisi,İstanbul,2024-05,29,25480,73150,366,1,1,0,0,Değerlendirme,Yaş Sınırı,0.6,,0.7
BAS00627,Mobil,Konut Kredisi,Bursa,2024-09,32,20899,1877876,447,1,1,0,0,Değerlendirme,Teminat Yetersiz,1.4,,1.9
BAS00628,İnternet,İhtiyaç Kredisi,Ankara,2024-07,35,23701,75503,420,1,1,0,0,Değerlendirme,Yüksek Borç/Gelir,1.6,,2.0
BAS00629,Mobil,İhtiyaç Kredisi,Gaziantep,2024-11,57,29566,73539,546,1,1,0,0,Değerlendirme,Teminat Yetersiz,0.7,,0.9
BAS00630,Mobil,İhtiyaç Kredisi,Ankara,2024-07,59,47388,77878,721,1,1,1,0,Onaylandı,,2.5,0.6,3.2
BAS00631,Mobil,Taşıt Kredisi,Gaziantep,2024-05,58,45417,470510,733,1,1,0,0,Değerlendirme,Yüksek Borç/Gelir,1.6,,2.0
BAS00632,Mobil,Konut Kredisi,Antalya,2024-10,22,33385,1681874,300,1,1,0,0,Değerlendirme,Yaş Sınırı,2.0,,2.5
BAS00633,Şube,İhtiyaç Kredisi,Antalya,2024-02,41,24813,43047,553,1,1,1,1,Kullanım,,1.1,0.4,1.9
BAS00634,Mobil,Taşıt Kredisi,İzmir,2024-09,21,8198,318428,342,1,1,1,1,Kullanım,,1.3,0.8,2.3
BAS00635,İnternet,Konut Kredisi,Konya,2024-02,41,34512,1845391,481,1,0,0,0,Başvuru,,,,0.4
BAS00636,Mobil,Konut Kredisi,Bursa,2024-07,44,28314,1874126,631,1,1,1,1,Kullanım,,1.5,0.8,2.6
BAS00637,İnternet,İşletme Kredisi,İstanbul,2024-11,34,19388,576860,462,1,0,0,0,Başvuru,,,,0.2
BAS00638,Mobil,Taşıt Kredisi,Bursa,2024-03,35,19608,375595,393,1,1,0,0,Değerlendirme,Gelir Doğrulanamadı,0.8,,1.2
BAS00639,Mobil,İhtiyaç Kredisi,İstanbul,2024-02,62,8615,207090,537,1,1,1,0,Onaylandı,,0.3,0.8,1.5
BAS00640,Mobil,Konut Kredisi,Gaziantep,2024-08,37,49993,1683777,703,1,1,1,1,Kullanım,,2.7,1.5,4.5
BAS00641,Çağrı Merkezi,İhtiyaç Kredisi,Antalya,2024-09,33,49716,10000,523,1,0,0,0,Başvuru,,,,0.3
BAS00642,Şube,Konut Kredisi,Ankara,2024-05,42,36586,1835819,630,1,1,1,1,Kullanım,,1.0,0.2,1.6
BAS00643,İnternet,İhtiyaç Kredisi,Bursa,2024-01,47,19346,147047,645,1,1,1,0,Onaylandı,,2.5,1.2,4.1
BAS00644,Mobil,İşletme Kredisi,İstanbul,2024-04,45,8000,428456,640,1,0,0,0,Başvuru,,,,0.4
BAS00645,Şube,Konut Kredisi,Bursa,2024-04,58,13624,1789114,593,1,1,1,1,Kullanım,,1.2,0.7,2.2
BAS00646,Şube,Konut Kredisi,Ankara,2024-11,26,22581,1992422,540,1,1,1,1,Kullanım,,0.7,0.9,1.8
BAS00647,Şube,Taşıt Kredisi,Ankara,2024-11,61,40241,351412,766,1,1,1,1,Kullanım,,1.9,0.5,2.6
BAS00648,İnternet,Taşıt Kredisi,Gaziantep,2024-07,32,55366,483325,445,1,0,0,0,Başvuru,,,,0.5
BAS00649,Mobil,İhtiyaç Kredisi,Ankara,2024-10,25,38969,171684,515,1,1,1,0,Onaylandı,,1.1,1.3,2.6
BAS00650,Mobil,İhtiyaç Kredisi,İzmir,2024-03,27,24574,86301,467,1,0,0,0,Başvuru,,,,0.3
BAS00651,Çağrı Merkezi,İşletme Kredisi,Antalya,2024-03,42,33424,455357,522,1,1,1,0,Onaylandı,,2.0,1.2,3.4
BAS00652,Mobil,Konut Kredisi,Adana,2024-07,35,9030,2001078,550,1,1,1,1,Kullanım,,2.1,0.8,3.4
BAS00653,Çağrı Merkezi,Taşıt Kredisi,Bursa,2024-08,23,19098,321701,414,1,0,0,0,Başvuru,,,,0.4
BAS00654,Şube,İhtiyaç Kredisi,Konya,2024-10,54,25236,10000,629,1,1,1,1,Kullanım,,1.1,0.4,1.7
BAS00655,Mobil,İhtiyaç Kredisi,Ankara,2024-10,42,10889,150710,569,1,1,0,0,Değerlendirme,Yüksek Borç/Gelir,1.6,,2.0
BAS00656,Şube,İhtiyaç Kredisi,Gaziantep,2024-04,43,10110,150496,546,1,1,1,1,Kullanım,,2.5,0.5,3.3
BAS00657,Mobil,İhtiyaç Kredisi,Antalya,2024-08,32,9060,207816,538,1,1,0,0,Değerlendirme,Düşük Kredi Skoru,2.1,,2.2
BAS00658,Mobil,İhtiyaç Kredisi,İzmir,2024-11,20,12086,58187,527,1,1,0,0,Değerlendirme,Düşük Kredi Skoru,1.2,,1.5
BAS00659,Şube,İhtiyaç Kredisi,Antalya,2024-07,44,58147,48512,587,1,1,1,0,Onaylandı,,1.1,0.7,2.0
BAS00660,Mobil,İhtiyaç Kredisi,Bursa,2024-11,45,33365,145326,549,1,1,1,1,Kullanım,,1.3,0.8,2.3
BAS00661,Şube,Taşıt Kredisi,Ankara,2024-10,52,14324,379340,469,1,1,0,0,Değerlendirme,Yaş Sınırı,1.2,,1.3
BAS00662,Mobil,Taşıt Kredisi,Konya,2024-05,34,23600,446935,565,1,1,1,0,Onaylandı,,1.7,0.5,2.4
BAS00663,Çağrı Merkezi,İhtiyaç Kredisi,Bursa,2024-07,29,24381,85651,545,1,0,0,0,Başvuru,,,,0.2
BAS00664,Şube,Taşıt Kredisi,Antalya,2024-11,34,33719,382593,720,1,1,1,1,Kullanım,,0.3,0.4,0.9
BAS00665,Şube,Konut Kredisi,İstanbul,2024-08,21,30622,1941474,443,1,1,0,0,Değerlendirme,Gelir Doğrulanamadı,1.5,,1.7
BAS00666,Şube,İhtiyaç Kredisi,İstanbul,2024-09,34,14748,253611,534,1,1,1,1,Kullanım,,0.8,0.3,1.5
BAS00667,Şube,Taşıt Kredisi,İstanbul,2024-12,32,30407,429723,527,1,1,1,1,Kullanım,,1.4,0.8,2.5
BAS00668,Mobil,Konut Kredisi,İzmir,2024-11,46,53657,1869231,669,1,1,1,1,Kullanım,,2.1,0.9,3.2
BAS00669,İnternet,Konut Kredisi,İstanbul,2024-06,42,31507,1861933,644,1,1,0,0,Değerlendirme,Düşük Kredi Skoru,2.0,,2.3
BAS00670,Mobil,İşletme Kredisi,Konya,2024-06,26,19169,456196,502,1,0,0,0,Başvuru,,,,0.2
BAS00671,İnternet,Konut Kredisi,Gaziantep,2024-02,28,24368,1944550,479,1,1,0,0,Değerlendirme,Yaş Sınırı,2.2,,2.3
BAS00672,Şube,Taşıt Kredisi,Konya,2024-02,48,61300,330336,745,1,0,0,0,Başvuru,,,,0.3
BAS00673,Mobil,İhtiyaç Kredisi,Antalya,2024-10,46,35982,214693,469,1,0,0,0,Başvuru,,,,0.2
BAS00674,İnternet,İşletme Kredisi,İzmir,2024-11,23,33708,542707,368,1,0,0,0,Başvuru,,,,0.2
BAS00675,Mobil,İhtiyaç Kredisi,Gaziantep,2024-08,61,34190,160685,633,1,0,0,0,Başvuru,,,,0.3
BAS00676,Şube,İşletme Kredisi,Ankara,2024-03,42,26848,266431,554,1,0,0,0,Başvuru,,,,0.3
BAS00677,Şube,İşletme Kredisi,Konya,2024-08,21,8000,501904,425,1,1,0,0,Değerlendirme,Gelir Doğrulanamadı,0.7,,1.0
BAS00678,Mobil,Taşıt Kredisi,İzmir,2024-10,62,15337,415598,660,1,1,0,0,Değerlendirme,Düşük Kredi Skoru,2.4,,2.6
BAS00679,Mobil,İhtiyaç Kredisi,Bursa,2024-12,21,34996,173799,466,1,1,1,0,Onaylandı,,1.5,0.8,2.4
BAS00680,Mobil,İhtiyaç Kredisi,Konya,2024-12,59,15427,330729,637,1,1,1,1,Kullanım,,1.7,1.4,3.5
BAS00681,Şube,İhtiyaç Kredisi,İzmir,2024-12,51,24548,122622,608,1,1,0,0,Değerlendirme,Yüksek Borç/Gelir,1.0,,1.3
BAS00682,Mobil,Taşıt Kredisi,Antalya,2024-04,46,17246,603717,405,1,0,0,0,Başvuru,,,,0.2
BAS00683,Mobil,İhtiyaç Kredisi,İstanbul,2024-04,46,32388,106609,682,1,0,0,0,Başvuru,,,,0.4
BAS00684,Şube,Konut Kredisi,İzmir,2024-09,51,13610,1852415,653,1,1,0,0,Değerlendirme,Teminat Yetersiz,1.8,,2.2
BAS00685,İnternet,Konut Kredisi,Antalya,2024-10,51,17038,1862784,484,1,1,0,0,Değerlendirme,Gelir Doğrulanamadı,1.9,,2.1
BAS00686,Şube,Taşıt Kredisi,İzmir,2024-08,56,36611,275178,583,1,1,0,0,Değerlendirme,Yüksek Borç/Gelir,1.3,,1.6
BAS00687,Şube,İhtiyaç Kredisi,İzmir,2024-06,22,29018,176670,549,1,1,0,0,Değerlendirme,Düşük Kredi Skoru,1.2,,1.6
BAS00688,Şube,İhtiyaç Kredisi,Konya,2024-02,24,10837,172930,421,1,1,1,0,Onaylandı,,1.7,0.2,2.4
BAS00689,Mobil,İhtiyaç Kredisi,Konya,2024-10,23,13182,132274,422,1,1,0,0,Değerlendirme,Eksik Belge,1.4,,1.8
BAS00690,Şube,Konut Kredisi,Ankara,2024-11,42,53219,1729580,711,1,0,0,0,Başvuru,,,,0.2
BAS00691,Mobil,Konut Kredisi,İstanbul,2024-06,59,38680,1844144,582,1,1,0,0,Değerlendirme,Gelir Doğrulanamadı,2.6,,2.9
BAS00692,Mobil,İşletme Kredisi,Antalya,2024-01,39,20235,499414,423,1,1,0,0,Değerlendirme,Gelir Doğrulanamadı,2.5,,2.6
BAS00693,Şube,İhtiyaç Kredisi,Antalya,2024-05,42,37255,173391,473,1,1,1,1,Kullanım,,1.0,0.4,1.9
BAS00694,Çağrı Merkezi,İhtiyaç Kredisi,Antalya,2024-03,28,45557,138260,403,1,1,1,1,Kullanım,,2.2,1.4,4.0
BAS00695,Mobil,Konut Kredisi,Gaziantep,2024-12,59,30157,1839516,685,1,1,0,0,Değerlendirme,Eksik Belge,1.5,,2.0
BAS00696,Şube,İhtiyaç Kredisi,Adana,2024-08,35,40790,88478,633,1,1,1,1,Kullanım,,2.4,-0.0,2.6
BAS00697,Şube,İhtiyaç Kredisi,Bursa,2024-02,52,16452,176375,582,1,1,1,1,Kullanım,,1.0,0.8,2.0
BAS00698,Şube,Konut Kredisi,Bursa,2024-02,40,23972,1623781,544,1,1,0,0,Değerlendirme,Gelir Doğrulanamadı,1.1,,1.6
BAS00699,Şube,İhtiyaç Kredisi,Antalya,2024-12,28,42067,10000,453,1,1,0,0,Değerlendirme,Gelir Doğrulanamadı,1.6,,2.0
BAS00700,Şube,Konut Kredisi,Bursa,2024-03,33,42731,1722714,507,1,1,1,1,Kullanım,,1.4,0.1,1.8
BAS00701,Şube,Konut Kredisi,İstanbul,2024-01,60,32033,1746882,688,1,1,1,1,Kullanım,,1.3,0.6,2.3
BAS00702,İnternet,İhtiyaç Kredisi,İstanbul,2024-02,47,13861,111389,522,1,0,0,0,Başvuru,,,,0.4
BAS00703,Mobil,İhtiyaç Kredisi,Gaziantep,2024-08,42,8000,55257,513,1,1,1,1,Kullanım,,2.6,0.7,3.6
BAS00704,Mobil,İhtiyaç Kredisi,Ankara,2024-03,31,58090,153412,637,1,1,0,0,Değerlendirme,Gelir Doğrulanamadı,1.3,,1.7
BAS00705,Mobil,İşletme Kredisi,Antalya,2024-07,51,33758,539642,620,1,1,0,0,Değerlendirme,Teminat Yetersiz,1.5,,2.0
BAS00706,Mobil,İhtiyaç Kredisi,Gaziantep,2024-09,50,24092,40092,541,1,0,0,0,Başvuru,,,,0.2
BAS00707,Mobil,İhtiyaç Kredisi,Bursa,2024-12,59,30595,121886,713,1,0,0,0,Başvuru,,,,0.3
BAS00708,Şube,Konut Kredisi,İzmir,2024-08,57,15326,1800316,692,1,1,1,1,Kullanım,,0.9,0.8,2.1
BAS00709,Şube,Konut Kredisi,Antalya,2024-05,22,47719,1904628,599,1,1,1,1,Kullanım,,1.3,0.6,2.4
BAS00710,İnternet,Konut Kredisi,Bursa,2024-02,48,12126,1781542,485,1,0,0,0,Başvuru,,,,0.3
BAS00711,Şube,İhtiyaç Kredisi,Konya,2024-02,45,24645,126436,584,1,1,0,0,Değerlendirme,Yüksek Borç/Gelir,2.7,,2.9
BAS00712,Mobil,İhtiyaç Kredisi,Ankara,2024-07,62,21778,73980,612,1,1,0,0,Değerlendirme,Yaş Sınırı,2.2,,2.4
BAS00713,Mobil,İhtiyaç Kredisi,İzmir,2024-03,50,31469,316059,618,1,1,0,0,Değerlendirme,Eksik Belge,1.5,,2.0
BAS00714,İnternet,Taşıt Kredisi,Antalya,2024-03,52,19888,388519,479,1,1,0,0,Değerlendirme,Yüksek Borç/Gelir,2.0,,2.2
BAS00715,Mobil,Konut Kredisi,Adana,2024-07,30,30813,1903408,443,1,0,0,0,Başvuru,,,,0.1
BAS00716,Mobil,Konut Kredisi,İzmir,2024-11,30,8000,1830520,491,1,1,1,1,Kullanım,,1.1,0.5,2.0
BAS00717,Mobil,İhtiyaç Kredisi,İstanbul,2024-10,50,10468,149743,810,1,1,1,0,Onaylandı,,1.2,0.6,2.2
BAS00718,Mobil,Konut Kredisi,Antalya,2024-04,28,36900,1641333,468,1,1,1,1,Kullanım,,2.2,0.8,3.4
BAS00719,Mobil,Konut Kredisi,İzmir,2024-07,25,8000,1802257,430,1,1,0,0,Değerlendirme,Gelir Doğrulanamadı,2.2,,2.6
BAS00720,Mobil,İhtiyaç Kredisi,Adana,2024-01,33,39413,128595,615,1,1,1,0,Onaylandı,,1.7,0.9,2.9
BAS00721,Mobil,İhtiyaç Kredisi,Konya,2024-09,55,60022,200038,715,1,0,0,0,Başvuru,,,,0.1
BAS00722,Mobil,İhtiyaç Kredisi,Ankara,2024-07,49,25738,130332,534,1,1,1,0,Onaylandı,,2.4,0.5,3.1
BAS00723,Çağrı Merkezi,Konut Kredisi,Bursa,2024-04,39,18626,1785707,527,1,1,1,1,Kullanım,,2.3,1.0,3.4
BAS00724,Mobil,İşletme Kredisi,Konya,2024-04,33,45743,494440,502,1,0,0,0,Başvuru,,,,0.1
BAS00725,İnternet,Konut Kredisi,Konya,2024-03,40,31122,1901631,650,1,0,0,0,Başvuru,,,,0.5
BAS00726,Şube,Taşıt Kredisi,İstanbul,2024-02,58,44830,396306,621,1,1,0,0,Değerlendirme,Yüksek Borç/Gelir,0.8,,0.9
BAS00727,Şube,İhtiyaç Kredisi,Konya,2024-03,50,44891,62777,543,1,1,1,1,Kullanım,,0.7,0.2,1.4
BAS00728,Çağrı Merkezi,İşletme Kredisi,Gaziantep,2024-09,54,52513,509332,612,1,0,0,0,Başvuru,,,,0.3
BAS00729,Mobil,Konut Kredisi,Ankara,2024-08,53,32577,1807486,661,1,0,0,0,Başvuru,,,,0.3
BAS00730,Şube,Taşıt Kredisi,İzmir,2024-04,52,8000,283690,439,1,1,0,0,Değerlendirme,Düşük Kredi Skoru,0.4,,0.6
BAS00731,İnternet,İhtiyaç Kredisi,Bursa,2024-11,59,28492,147881,611,1,1,0,0,Değerlendirme,Düşük Kredi Skoru,2.7,,3.0
BAS00732,Şube,İhtiyaç Kredisi,Adana,2024-03,53,50126,86496,779,1,1,0,0,Değerlendirme,Eksik Belge,1.1,,1.5
BAS00733,Mobil,Taşıt Kredisi,Konya,2024-08,57,14637,467466,483,1,0,0,0,Başvuru,,,,0.2
BAS00734,Mobil,İşletme Kredisi,Gaziantep,2024-03,49,23899,447516,652,1,1,1,0,Onaylandı,,1.2,1.2,2.7
BAS00735,Mobil,İhtiyaç Kredisi,Konya,2024-07,30,36068,165515,519,1,1,0,0,Değerlendirme,Yaş Sınırı,1.5,,1.6
BAS00736,Mobil,İhtiyaç Kredisi,Ankara,2024-11,47,34069,192478,544,1,1,0,0,Değerlendirme,Yüksek Borç/Gelir,1.6,,1.9
BAS00737,Şube,İhtiyaç Kredisi,Ankara,2024-12,53,20266,10000,554,1,0,0,0,Başvuru,,,,0.1
BAS00738,İnternet,İhtiyaç Kredisi,Bursa,2024-01,36,45164,28988,540,1,1,1,1,Kullanım,,1.7,0.9,3.0
BAS00739,Şube,İhtiyaç Kredisi,Ankara,2024-12,45,15374,114798,535,1,1,1,1,Kullanım,,-0.3,0.1,0.2
BAS00740,Mobil,Konut Kredisi,Bursa,2024-03,41,49926,2028967,390,1,1,0,0,Değerlendirme,Yüksek Borç/Gelir,1.9,,2.2
BAS00741,İnternet,Taşıt Kredisi,Ankara,2024-03,61,41159,385005,677,1,1,1,0,Onaylandı,,2.0,1.0,3.2
BAS00742,Mobil,İşletme Kredisi,Bursa,2024-01,55,8000,362045,697,1,0,0,0,Başvuru,,,,0.2
BAS00743,Şube,Taşıt Kredisi,Antalya,2024-06,51,31029,339997,529,1,1,1,1,Kullanım,,0.9,0.3,1.5
BAS00744,Şube,İhtiyaç Kredisi,Gaziantep,2024-05,42,36169,207704,523,1,1,1,1,Kullanım,,1.6,0.6,2.4
BAS00745,İnternet,İhtiyaç Kredisi,Gaziantep,2024-07,22,26476,90170,464,1,1,1,1,Kullanım,,2.6,0.7,3.5
BAS00746,Şube,Taşıt Kredisi,Ankara,2024-01,28,19125,359861,611,1,1,0,0,Değerlendirme,Gelir Doğrulanamadı,0.5,,0.9
BAS00747,Şube,Taşıt Kredisi,Ankara,2024-12,39,41289,435218,464,1,1,1,0,Onaylandı,,0.3,-0.2,0.5
BAS00748,Şube,İhtiyaç Kredisi,İzmir,2024-08,31,8000,73967,442,1,1,1,1,Kullanım,,1.1,0.5,2.1
BAS00749,Şube,İhtiyaç Kredisi,Adana,2024-08,56,10753,140591,636,1,1,1,1,Kullanım,,1.1,0.1,1.6
BAS00750,Mobil,İhtiyaç Kredisi,Gaziantep,2024-01,46,24651,155208,590,1,0,0,0,Başvuru,,,,0.3
BAS00751,İnternet,İhtiyaç Kredisi,İstanbul,2024-05,39,41571,109077,690,1,1,0,0,Değerlendirme,Yüksek Borç/Gelir,2.2,,2.4
BAS00752,Mobil,İhtiyaç Kredisi,Antalya,2024-12,36,34416,73733,400,1,1,1,1,Kullanım,,1.7,0.1,2.1
BAS00753,Şube,İşletme Kredisi,İzmir,2024-06,60,50558,402682,832,1,1,1,1,Kullanım,,1.1,0.5,1.8
BAS00754,Şube,İşletme Kredisi,Ankara,2024-02,39,19729,437370,510,1,0,0,0,Başvuru,,,,0.1
BAS00755,Çağrı Merkezi,İhtiyaç Kredisi,İstanbul,2024-07,33,27495,34119,506,1,0,0,0,Başvuru,,,,0.1
BAS00756,Mobil,Taşıt Kredisi,Antalya,2024-08,54,42312,404280,660,1,1,0,0,Değerlendirme,Düşük Kredi Skoru,2.2,,2.3
BAS00757,Mobil,Taşıt Kredisi,Ankara,2024-04,21,26621,269491,461,1,0,0,0,Başvuru,,,,0.2
BAS00758,Şube,İşletme Kredisi,Konya,2024-05,49,35530,402196,509,1,0,0,0,Başvuru,,,,0.1
BAS00759,Şube,Konut Kredisi,Adana,2024-06,39,8000,1861074,504,1,1,0,0,Değerlendirme,Gelir Doğrulanamadı,1.2,,1.6
BAS00760,Mobil,Konut Kredisi,Konya,2024-10,49,22988,1699734,588,1,1,0,0,Değerlendirme,Yaş Sınırı,3.0,,3.4
BAS00761,Mobil,İşletme Kredisi,Gaziantep,2024-12,62,48631,539779,554,1,1,1,1,Kullanım,,1.2,1.3,2.8
BAS00762,Şube,Konut Kredisi,Gaziantep,2024-02,24,8000,1742246,402,1,1,1,1,Kullanım,,1.6,0.5,2.4
BAS00763,Şube,İhtiyaç Kredisi,İzmir,2024-01,61,14899,196540,632,1,1,1,1,Kullanım,,1.5,0.2,1.9
BAS00764,Şube,İhtiyaç Kredisi,Adana,2024-02,35,31890,110053,534,1,1,0,0,Değerlendirme,Yaş Sınırı,1.3,,1.4
BAS00765,Şube,Konut Kredisi,Adana,2024-02,21,40846,1858556,540,1,1,1,1,Kullanım,,1.3,0.7,2.1
BAS00766,Mobil,İhtiyaç Kredisi,Antalya,2024-12,38,24719,70267,588,1,1,1,0,Onaylandı,,2.6,0.8,3.5
BAS00767,Mobil,İhtiyaç Kredisi,Ankara,2024-04,42,22743,131418,542,1,1,0,0,Değerlendirme,Eksik Belge,1.7,,2.2
BAS00768,İnternet,Taşıt Kredisi,Konya,2024-07,53,18550,548404,637,1,1,1,1,Kullanım,,2.3,0.8,3.3
BAS00769,Mobil,Konut Kredisi,İstanbul,2024-04,30,23435,1752540,478,1,1,0,0,Değerlendirme,Teminat Yetersiz,2.0,,2.4
BAS00770,Mobil,Taşıt Kredisi,Konya,2024-09,61,44519,343743,543,1,1,0,0,Değerlendirme,Teminat Yetersiz,1.6,,2.0
BAS00771,Mobil,Konut Kredisi,Konya,2024-11,59,30590,1719038,728,1,1,0,0,Değerlendirme,Eksik Belge,2.2,,2.4
BAS00772,İnternet,Konut Kredisi,İstanbul,2024-07,44,21818,1740486,395,1,1,0,0,Değerlendirme,Düşük Kredi Skoru,2.0,,2.5
BAS00773,Şube,Taşıt Kredisi,İstanbul,2024-11,54,37831,358916,505,1,1,0,0,Değerlendirme,Yüksek Borç/Gelir,1.0,,1.5
BAS00774,Mobil,İhtiyaç Kredisi,Adana,2024-01,36,33352,36357,570,1,0,0,0,Başvuru,,,,0.4
BAS00775,Mobil,Konut Kredisi,Konya,2024-03,49,34477,1755448,531,1,1,0,0,Değerlendirme,Yaş Sınırı,1.9,,2.2
BAS00776,Mobil,İhtiyaç Kredisi,Bursa,2024-02,45,12263,237083,510,1,1,1,1,Kullanım,,2.6,0.8,3.7
BAS00777,Çağrı Merkezi,İhtiyaç Kredisi,Bursa,2024-04,20,22231,40387,415,1,0,0,0,Başvuru,,,,0.2
BAS00778,Şube,İhtiyaç Kredisi,Konya,2024-08,31,25471,86077,477,1,1,1,1,Kullanım,,0.6,0.8,1.7
BAS00779,Mobil,Konut Kredisi,İzmir,2024-02,46,25244,1697341,606,1,0,0,0,Başvuru,,,,0.2
BAS00780,İnternet,İşletme Kredisi,Konya,2024-07,21,29425,406614,422,1,1,1,0,Onaylandı,,2.0,0.7,2.8
BAS00781,Şube,İhtiyaç Kredisi,İstanbul,2024-08,55,22287,155651,590,1,1,1,1,Kullanım,,1.3,0.8,2.4
BAS00782,Mobil,İşletme Kredisi,İzmir,2024-05,35,42452,635279,527,1,1,0,0,Değerlendirme,Yaş Sınırı,2.0,,2.4
BAS00783,Mobil,Taşıt Kredisi,Antalya,2024-08,44,31404,355671,542,1,1,1,1,Kullanım,,2.4,0.2,3.1
BAS00784,Mobil,İhtiyaç Kredisi,İzmir,2024-07,33,21209,304826,471,1,0,0,0,Başvuru,,,,0.4
BAS00785,Şube,İhtiyaç Kredisi,Gaziantep,2024-09,55,41209,80329,565,1,1,1,1,Kullanım,,1.0,0.4,1.7
BAS00786,Mobil,İhtiyaç Kredisi,Ankara,2024-03,52,41621,279687,646,1,1,1,1,Kullanım,,1.9,1.1,3.1
BAS00787,Mobil,Konut Kredisi,Ankara,2024-01,21,8366,1733488,549,1,1,0,0,Değerlendirme,Teminat Yetersiz,1.6,,2.0
BAS00788,Mobil,Taşıt Kredisi,Gaziantep,2024-01,50,36368,482962,615,1,1,1,1,Kullanım,,1.4,1.2,3.1
BAS00789,Çağrı Merkezi,Konut Kredisi,İstanbul,2024-05,43,8000,1921840,607,1,0,0,0,Başvuru,,,,0.3
BAS00790,İnternet,Konut Kredisi,Bursa,2024-05,48,27470,1790047,692,1,1,0,0,Değerlendirme,Gelir Doğrulanamadı,1.9,,2.1
BAS00791,Mobil,Taşıt Kredisi,İstanbul,2024-05,55,34754,145424,745,1,0,0,0,Başvuru,,,,0.3
BAS00792,Şube,Konut Kredisi,Konya,2024-07,53,26745,1974872,560,1,1,1,1,Kullanım,,1.6,0.7,2.7
BAS00793,Şube,İhtiyaç Kredisi,Konya,2024-06,51,18469,41329,542,1,1,1,1,Kullanım,,0.7,0.6,1.4
BAS00794,Şube,İhtiyaç Kredisi,Gaziantep,2024-06,36,37974,204311,695,1,1,1,1,Kullanım,,0.8,0.6,1.6
BAS00795,Mobil,Konut Kredisi,Gaziantep,2024-04,21,31779,1754709,603,1,1,0,0,Değerlendirme,Yüksek Borç/Gelir,1.5,,1.8
BAS00796,Mobil,Taşıt Kredisi,İzmir,2024-08,33,29454,391622,568,1,1,1,1,Kullanım,,1.2,1.1,2.4
BAS00797,Mobil,Taşıt Kredisi,İzmir,2024-07,60,14981,294076,624,1,1,1,1,Kullanım,,2.6,0.8,3.7
BAS00798,Mobil,Konut Kredisi,Antalya,2024-03,47,20780,1805660,525,1,1,0,0,Değerlendirme,Düşük Kredi Skoru,2.3,,2.5
BAS00799,Mobil,İhtiyaç Kredisi,Konya,2024-08,20,11970,118866,315,1,1,0,0,Değerlendirme,Yüksek Borç/Gelir,1.9,,2.0
BAS00800,Şube,Konut Kredisi,Bursa,2024-05,41,38295,1841964,675,1,1,0,0,Değerlendirme,Düşük Kredi Skoru,1.4,,1.6
BAS00801,Mobil,İhtiyaç Kredisi,Bursa,2024-08,44,24119,171521,545,1,1,1,0,Onaylandı,,1.5,0.9,2.8
BAS00802,İnternet,Konut Kredisi,İzmir,2024-10,43,60888,1811355,542,1,1,0,0,Değerlendirme,Yüksek Borç/Gelir,1.6,,2.0
BAS00803,İnternet,İhtiyaç Kredisi,İzmir,2024-08,43,37138,80073,699,1,1,1,1,Kullanım,,2.5,1.2,4.1
BAS00804,Şube,Taşıt Kredisi,Ankara,2024-06,57,8000,198980,683,1,1,0,0,Değerlendirme,Eksik Belge,1.4,,1.7
BAS00805,Şube,Taşıt Kredisi,İstanbul,2024-01,60,35008,416587,641,1,1,0,0,Değerlendirme,Eksik Belge,0.9,,1.3
BAS00806,Şube,İhtiyaç Kredisi,Adana,2024-02,45,29256,144980,668,1,1,1,1,Kullanım,,0.1,0.5,0.9
BAS00807,Mobil,Taşıt Kredisi,İstanbul,2024-07,45,21970,320180,478,1,0,0,0,Başvuru,,,,0.1
BAS00808,Mobil,İhtiyaç Kredisi,Antalya,2024-04,40,8000,86117,463,1,1,0,0,Değerlendirme,Yaş Sınırı,2.5,,2.9
BAS00809,Mobil,İhtiyaç Kredisi,İstanbul,2024-08,24,21213,65569,510,1,1,1,1,Kullanım,,1.8,0.9,2.9
BAS00810,Şube,İşletme Kredisi,Gaziantep,2024-08,27,52319,481574,527,1,1,1,1,Kullanım,,1.6,0.6,2.6
BAS00811,Mobil,İhtiyaç Kredisi,İstanbul,2024-02,31,44569,228413,624,1,1,0,0,Değerlendirme,Düşük Kredi Skoru,1.8,,1.9
BAS00812,İnternet,Taşıt Kredisi,Ankara,2024-01,60,22893,415065,584,1,1,0,0,Değerlendirme,Gelir Doğrulanamadı,2.1,,2.5
BAS00813,Mobil,İhtiyaç Kredisi,Gaziantep,2024-03,32,12182,78192,330,1,1,1,0,Onaylandı,,1.7,0.8,2.9
BAS00814,Şube,İhtiyaç Kredisi,Ankara,2024-09,32,12413,347590,548,1,1,0,0,Değerlendirme,Düşük Kredi Skoru,0.7,,1.1
BAS00815,Şube,İhtiyaç Kredisi,İzmir,2024-10,24,8000,160198,506,1,1,1,1,Kullanım,,1.6,0.3,2.2
BAS00816,Şube,İhtiyaç Kredisi,Bursa,2024-06,37,24871,179905,366,1,1,1,0,Onaylandı,,1.8,0.8,2.9
BAS00817,Mobil,İşletme Kredisi,Adana,2024-02,56,19578,511368,583,1,1,1,0,Onaylandı,,1.7,0.9,3.0
BAS00818,Şube,İhtiyaç Kredisi,Antalya,2024-11,28,20307,151116,520,1,1,1,1,Kullanım,,1.5,-0.2,1.8
BAS00819,Mobil,İhtiyaç Kredisi,Konya,2024-09,24,8000,38515,463,1,0,0,0,Başvuru,,,,0.3
BAS00820,Şube,Taşıt Kredisi,Bursa,2024-01,56,8000,411602,600,1,0,0,0,Başvuru,,,,0.1
BAS00821,Şube,İhtiyaç Kredisi,İzmir,2024-07,41,18298,25653,517,1,1,1,1,Kullanım,,1.8,0.7,2.8
BAS00822,Şube,Konut Kredisi,İstanbul,2024-11,51,12439,1807154,549,1,0,0,0,Başvuru,,,,0.1
BAS00823,Mobil,İhtiyaç Kredisi,Gaziantep,2024-03,43,37145,164244,485,1,0,0,0,Başvuru,,,,0.1
BAS00824,Mobil,Taşıt Kredisi,Adana,2024-07,37,44911,421151,529,1,1,1,1,Kullanım,,2.3,1.5,3.9
BAS00825,Mobil,İhtiyaç Kredisi,İzmir,2024-10,54,35245,195034,642,1,0,0,0,Başvuru,,,,0.5
BAS00826,Çağrı Merkezi,Konut Kredisi,Ankara,2024-01,36,28146,1918674,484,1,1,1,1,Kullanım,,3.1,1.5,5.0
BAS00827,Mobil,Konut Kredisi,Konya,2024-08,28,26461,1872408,543,1,1,1,1,Kullanım,,2.2,1.0,3.5
BAS00828,Mobil,Taşıt Kredisi,Adana,2024-12,29,38527,334172,515,1,1,1,1,Kullanım,,0.8,0.9,1.9
BAS00829,Mobil,Taşıt Kredisi,İstanbul,2024-02,41,46884,353101,690,1,1,0,0,Değerlendirme,Yüksek Borç/Gelir,2.7,,3.0
BAS00830,Mobil,Konut Kredisi,İstanbul,2024-03,48,50405,1751675,651,1,0,0,0,Başvuru,,,,0.1
BAS00831,Şube,İşletme Kredisi,Bursa,2024-02,60,33442,596757,756,1,1,0,0,Değerlendirme,Düşük Kredi Skoru,1.2,,1.4
BAS00832,Mobil,İhtiyaç Kredisi,Antalya,2024-12,50,8000,157328,486,1,1,1,1,Kullanım,,2.8,0.9,4.1
BAS00833,Şube,Taşıt Kredisi,Antalya,2024-06,51,36060,444528,684,1,1,1,1,Kullanım,,1.7,0.1,2.1
BAS00834,Mobil,İşletme Kredisi,İstanbul,2024-08,27,83607,485381,619,1,1,1,1,Kullanım,,1.7,1.3,3.5
BAS00835,Şube,Taşıt Kredisi,İstanbul,2024-10,25,37920,389833,395,1,1,1,1,Kullanım,,0.4,1.5,2.4
BAS00836,Mobil,İhtiyaç Kredisi,İzmir,2024-01,43,34132,60640,681,1,1,1,1,Kullanım,,1.6,0.9,3.0
BAS00837,Şube,İhtiyaç Kredisi,Ankara,2024-12,48,32689,333744,535,1,1,0,0,Değerlendirme,Düşük Kredi Skoru,1.0,,1.3
BAS00838,Çağrı Merkezi,Taşıt Kredisi,Ankara,2024-03,29,35327,421959,528,1,0,0,0,Başvuru,,,,0.5
BAS00839,İnternet,Taşıt Kredisi,İzmir,2024-06,36,46010,333721,534,1,1,0,0,Değerlendirme,Gelir Doğrulanamadı,2.3,,2.5
BAS00840,Mobil,İhtiyaç Kredisi,Gaziantep,2024-07,58,14558,106114,473,1,1,0,0,Değerlendirme,Gelir Doğrulanamadı,1.4,,1.9
BAS00841,Mobil,Taşıt Kredisi,Ankara,2024-04,55,15637,386044,611,1,1,0,0,Değerlendirme,Eksik Belge,1.9,,2.3
BAS00842,Şube,Taşıt Kredisi,Antalya,2024-01,33,48449,411558,572,1,1,1,1,Kullanım,,1.0,0.6,2.1
BAS00843,Çağrı Merkezi,İhtiyaç Kredisi,Adana,2024-08,41,53259,188835,615,1,1,1,1,Kullanım,,1.7,1.3,3.3
BAS00844,İnternet,İhtiyaç Kredisi,Bursa,2024-05,35,21773,268583,484,1,1,1,1,Kullanım,,2.5,1.0,3.9
BAS00845,Şube,İhtiyaç Kredisi,Adana,2024-07,26,47576,68065,468,1,1,0,0,Değerlendirme,Gelir Doğrulanamadı,0.9,,1.1
BAS00846,Mobil,İhtiyaç Kredisi,Antalya,2024-11,62,35197,96098,544,1,0,0,0,Başvuru,,,,0.4
BAS00847,Mobil,İhtiyaç Kredisi,Antalya,2024-12,39,9149,77066,459,1,0,0,0,Başvuru,,,,0.4
BAS00848,Mobil,Taşıt Kredisi,Bursa,2024-08,53,39020,422304,718,1,1,1,1,Kullanım,,2.2,0.6,3.0
BAS00849,Şube,İhtiyaç Kredisi,İstanbul,2024-03,48,44309,132688,639,1,1,0,0,Değerlendirme,Eksik Belge,0.4,,0.6
BAS00850,Şube,İşletme Kredisi,Bursa,2024-08,33,24484,360185,506,1,1,0,0,Değerlendirme,Teminat Yetersiz,0.4,,0.6
BAS00851,Şube,İşletme Kredisi,Ankara,2024-10,35,43375,226086,526,1,1,1,1,Kullanım,,0.7,0.4,1.6
BAS00852,Mobil,Taşıt Kredisi,Adana,2024-05,35,25332,547276,563,1,1,1,1,Kullanım,,1.9,0.8,2.8
BAS00853,Çağrı Merkezi,Konut Kredisi,Gaziantep,2024-12,59,37375,1853773,700,1,1,1,1,Kullanım,,2.6,1.4,4.1
BAS00854,Mobil,İşletme Kredisi,Adana,2024-11,58,30800,547504,558,1,1,0,0,Değerlendirme,Yüksek Borç/Gelir,1.6,,1.9
BAS00855,Mobil,Konut Kredisi,İzmir,2024-01,52,17275,1719403,512,1,1,1,0,Onaylandı,,1.5,0.9,2.7
BAS00856,Şube,İşletme Kredisi,Ankara,2024-09,40,47924,455286,528,1,1,0,0,Değerlendirme,Teminat Yetersiz,1.2,,1.6
BAS00857,Mobil,İhtiyaç Kredisi,Gaziantep,2024-02,42,38902,201567,429,1,0,0,0,Başvuru,,,,0.2
BAS00858,İnternet,Taşıt Kredisi,Bursa,2024-09,53,24714,404296,597,1,1,1,1,Kullanım,,1.8,0.5,2.7
BAS00859,Çağrı Merkezi,Taşıt Kredisi,Antalya,2024-07,29,16566,368797,470,1,0,0,0,Başvuru,,,,0.5
BAS00860,Şube,İhtiyaç Kredisi,Konya,2024-02,44,28233,215521,555,1,1,1,1,Kullanım,,1.4,0.6,2.4
BAS00861,Mobil,Taşıt Kredisi,Gaziantep,2024-12,40,22838,430063,402,1,1,0,0,Değerlendirme,Gelir Doğrulanamadı,1.5,,2.0
BAS00862,İnternet,Konut Kredisi,Ankara,2024-09,35,35943,1715443,550,1,1,1,1,Kullanım,,2.2,1.3,3.9
BAS00863,Mobil,İhtiyaç Kredisi,Gaziantep,2024-10,40,33618,17114,730,1,1,0,0,Değerlendirme,Eksik Belge,1.0,,1.4
BAS00864,İnternet,İhtiyaç Kredisi,İstanbul,2024-01,33,25570,70529,512,1,1,0,0,Değerlendirme,Gelir Doğrulanamadı,2.3,,2.6
BAS00865,Şube,Taşıt Kredisi,Antalya,2024-12,26,10118,495875,376,1,1,0,0,Değerlendirme,Eksik Belge,1.1,,1.5
BAS00866,Mobil,Konut Kredisi,Adana,2024-11,49,45399,1787458,638,1,1,1,1,Kullanım,,2.2,1.0,3.4
BAS00867,Şube,Taşıt Kredisi,İstanbul,2024-04,35,23426,505437,447,1,1,0,0,Değerlendirme,Düşük Kredi Skoru,0.3,,0.4
BAS00868,Mobil,Konut Kredisi,Adana,2024-08,62,32277,1776068,598,1,1,1,1,Kullanım,,1.2,0.7,2.0
BAS00869,Çağrı Merkezi,Konut Kredisi,İzmir,2024-09,50,12171,1692987,526,1,0,0,0,Başvuru,,,,0.1
BAS00870,Mobil,İhtiyaç Kredisi,Bursa,2024-12,42,21829,122995,588,1,1,0,0,Değerlendirme,Düşük Kredi Skoru,1.5,,1.6
BAS00871,Şube,İşletme Kredisi,İzmir,2024-05,62,18778,384854,605,1,1,1,1,Kullanım,,0.8,0.4,1.5
BAS00872,Mobil,Konut Kredisi,Konya,2024-05,48,22369,1702392,678,1,1,1,0,Onaylandı,,2.5,0.8,3.6
BAS00873,Şube,Konut Kredisi,Konya,2024-10,47,31174,1777836,498,1,1,0,0,Değerlendirme,Düşük Kredi Skoru,1.7,,2.1
BAS00874,Şube,Konut Kredisi,Adana,2024-03,27,28900,1749563,300,1,1,0,0,Değerlendirme,Eksik Belge,0.9,,1.0
BAS00875,Çağrı Merkezi,Taşıt Kredisi,Gaziantep,2024-01,56,46384,471139,644,1,1,1,0,Onaylandı,,1.5,1.6,3.3
BAS00876,Mobil,İhtiyaç Kredisi,Antalya,2024-02,35,27446,156082,490,1,1,0,0,Değerlendirme,Eksik Belge,2.0,,2.4
BAS00877,Şube,Taşıt Kredisi,Ankara,2024-06,45,10827,224823,456,1,1,1,0,Onaylandı,,0.3,0.4,0.9
BAS00878,Şube,Konut Kredisi,Gaziantep,2024-06,29,19701,1861958,448,1,1,0,0,Değerlendirme,Eksik Belge,1.7,,1.8
BAS00879,Mobil,Taşıt Kredisi,Konya,2024-01,20,37152,559499,608,1,1,1,0,Onaylandı,,1.2,0.8,2.2
BAS00880,Şube,İhtiyaç Kredisi,Adana,2024-08,20,9343,30908,477,1,1,1,1,Kullanım,,1.3,-0.2,1.4
BAS00881,Şube,İhtiyaç Kredisi,Adana,2024-10,22,55756,89308,529,1,0,0,0,Başvuru,,,,0.3
BAS00882,İnternet,İşletme Kredisi,Antalya,2024-08,48,35832,434978,656,1,1,1,1,Kullanım,,2.2,0.7,3.2
BAS00883,Mobil,İhtiyaç Kredisi,Antalya,2024-04,51,27424,93317,757,1,1,0,0,Değerlendirme,Eksik Belge,1.9,,2.0
BAS00884,Şube,İhtiyaç Kredisi,Adana,2024-09,24,31798,145421,589,1,1,0,0,Değerlendirme,Düşük Kredi Skoru,1.7,,2.1
BAS00885,Mobil,İhtiyaç Kredisi,Bursa,2024-10,55,42620,195104,669,1,1,1,1,Kullanım,,1.8,0.9,3.1
BAS00886,Mobil,İhtiyaç Kredisi,Gaziantep,2024-01,59,25367,142625,757,1,1,1,0,Onaylandı,,2.2,0.8,3.2
BAS00887,Mobil,Konut Kredisi,İzmir,2024-03,37,27836,1758877,559,1,0,0,0,Başvuru,,,,0.1
BAS00888,Şube,Konut Kredisi,Konya,2024-07,32,36847,1777219,581,1,1,1,1,Kullanım,,1.1,0.6,2.1
BAS00889,Mobil,İşletme Kredisi,Gaziantep,2024-01,32,20086,448348,601,1,0,0,0,Başvuru,,,,0.4
BAS00890,Mobil,İhtiyaç Kredisi,Konya,2024-02,22,41065,225923,563,1,0,0,0,Başvuru,,,,0.3
BAS00891,Çağrı Merkezi,İşletme Kredisi,Adana,2024-08,24,10683,457871,334,1,1,1,1,Kullanım,,1.8,1.1,3.3
BAS00892,Mobil,Konut Kredisi,Adana,2024-01,51,32067,1688035,643,1,1,1,1,Kullanım,,3.1,0.7,4.2
BAS00893,Mobil,Taşıt Kredisi,Bursa,2024-07,34,15633,371937,516,1,1,0,0,Değerlendirme,Eksik Belge,1.2,,1.4
BAS00894,Mobil,İhtiyaç Kredisi,İstanbul,2024-08,45,33777,122168,666,1,1,1,1,Kullanım,,2.5,0.9,3.5
BAS00895,Mobil,İhtiyaç Kredisi,Konya,2024-10,49,29049,119946,705,1,1,1,1,Kullanım,,1.7,0.6,2.5
BAS00896,Mobil,Konut Kredisi,İstanbul,2024-11,34,24461,1780786,510,1,1,0,0,Değerlendirme,Gelir Doğrulanamadı,2.6,,2.9
BAS00897,Şube,İşletme Kredisi,Adana,2024-06,47,33560,375106,614,1,1,1,1,Kullanım,,1.7,0.7,2.7
BAS00898,Şube,İşletme Kredisi,Adana,2024-09,48,30348,388261,659,1,1,0,0,Değerlendirme,Yaş Sınırı,1.7,,1.9
BAS00899,Mobil,İhtiyaç Kredisi,Ankara,2024-07,57,27024,153216,659,1,0,0,0,Başvuru,,,,0.2
BAS00900,Mobil,İhtiyaç Kredisi,İzmir,2024-09,55,37238,183001,767,1,0,0,0,Başvuru,,,,0.3
BAS00901,Mobil,İşletme Kredisi,Adana,2024-02,56,15418,517211,810,1,1,1,1,Kullanım,,2.3,0.8,3.3
BAS00902,Mobil,İşletme Kredisi,Konya,2024-07,28,30661,332823,497,1,1,1,1,Kullanım,,1.0,0.6,1.9
BAS00903,Şube,Taşıt Kredisi,Adana,2024-04,38,50908,444297,610,1,1,1,1,Kullanım,,0.9,-0.5,0.8
BAS00904,Mobil,İhtiyaç Kredisi,Gaziantep,2024-08,22,8150,198849,389,1,1,0,0,Değerlendirme,Düşük Kredi Skoru,1.7,,1.9
BAS00905,Çağrı Merkezi,İhtiyaç Kredisi,Adana,2024-11,29,8000,61385,461,1,1,0,0,Değerlendirme,Teminat Yetersiz,2.8,,3.1
BAS00906,Şube,Taşıt Kredisi,Antalya,2024-03,21,26509,295173,568,1,1,1,1,Kullanım,,1.6,0.7,2.6
BAS00907,Mobil,Konut Kredisi,İzmir,2024-01,30,22359,1790974,423,1,0,0,0,Başvuru,,,,0.4
BAS00908,Çağrı Merkezi,Konut Kredisi,Adana,2024-09,42,8995,1776024,472,1,0,0,0,Başvuru,,,,0.5
BAS00909,Mobil,Konut Kredisi,Adana,2024-01,23,26474,1808433,300,1,0,0,0,Başvuru,,,,0.2
BAS00910,Mobil,Taşıt Kredisi,Konya,2024-01,54,62609,450161,489,1,1,0,0,Değerlendirme,Yüksek Borç/Gelir,1.6,,2.0
BAS00911,Mobil,İhtiyaç Kredisi,Bursa,2024-10,37,19071,54441,648,1,1,0,0,Değerlendirme,Yaş Sınırı,1.8,,2.0
BAS00912,Şube,Konut Kredisi,Antalya,2024-08,57,25271,1850954,717,1,1,0,0,Değerlendirme,Yüksek Borç/Gelir,0.4,,0.6
BAS00913,Mobil,İşletme Kredisi,Adana,2024-08,34,40706,305403,534,1,1,1,1,Kullanım,,2.7,0.8,3.9
BAS00914,İnternet,Konut Kredisi,İstanbul,2024-08,61,26384,1777072,702,1,1,0,0,Değerlendirme,Düşük Kredi Skoru,1.9,,2.2
BAS00915,Mobil,İşletme Kredisi,Gaziantep,2024-11,35,25455,443832,328,1,0,0,0,Başvuru,,,,0.4
BAS00916,İnternet,Konut Kredisi,Bursa,2024-12,25,21890,1839490,405,1,1,1,1,Kullanım,,2.3,1.6,4.1
BAS00917,Çağrı Merkezi,İşletme Kredisi,Gaziantep,2024-11,49,26988,426171,592,1,1,0,0,Değerlendirme,Yüksek Borç/Gelir,2.0,,2.2
BAS00918,Mobil,İhtiyaç Kredisi,Antalya,2024-11,22,9012,10000,378,1,1,0,0,Değerlendirme,Teminat Yetersiz,2.0,,2.3
BAS00919,Şube,İhtiyaç Kredisi,Adana,2024-04,22,33342,229200,453,1,1,1,1,Kullanım,,1.3,0.5,2.2
BAS00920,Şube,Taşıt Kredisi,Ankara,2024-03,62,37290,446011,707,1,1,1,1,Kullanım,,0.9,0.2,1.5
BAS00921,Şube,İhtiyaç Kredisi,Gaziantep,2024-03,36,45605,106577,447,1,1,1,1,Kullanım,,2.0,0.7,3.1
BAS00922,Mobil,Konut Kredisi,Ankara,2024-01,37,8000,1821198,444,1,1,0,0,Değerlendirme,Eksik Belge,1.9,,2.2
BAS00923,İnternet,Konut Kredisi,Gaziantep,2024-04,41,25295,1852825,545,1,1,1,1,Kullanım,,2.9,1.0,4.4
BAS00924,Şube,İhtiyaç Kredisi,İzmir,2024-12,27,29685,253867,450,1,1,1,1,Kullanım,,1.9,0.9,3.1
BAS00925,Mobil,Konut Kredisi,Ankara,2024-03,20,25628,1812872,446,1,0,0,0,Başvuru,,,,0.2
BAS00926,Mobil,İhtiyaç Kredisi,Adana,2024-09,31,21090,10000,347,1,1,0,0,Değerlendirme,Gelir Doğrulanamadı,2.5,,2.9
BAS00927,Şube,İşletme Kredisi,Antalya,2024-04,41,31986,483235,590,1,0,0,0,Başvuru,,,,0.3
BAS00928,Şube,Konut Kredisi,Gaziantep,2024-12,38,26628,2035079,456,1,1,1,1,Kullanım,,1.0,0.4,1.8
BAS00929,Mobil,Taşıt Kredisi,Adana,2024-06,47,34343,372858,561,1,1,0,0,Değerlendirme,Gelir Doğrulanamadı,1.8,,2.0
BAS00930,Mobil,Konut Kredisi,İstanbul,2024-07,59,24365,1802443,499,1,0,0,0,Başvuru,,,,0.2
BAS00931,Mobil,İşletme Kredisi,Antalya,2024-09,39,36440,456432,506,1,0,0,0,Başvuru,,,,0.3
BAS00932,Mobil,Taşıt Kredisi,Gaziantep,2024-11,60,18380,351611,637,1,1,1,1,Kullanım,,2.1,1.3,3.5
BAS00933,Çağrı Merkezi,Taşıt Kredisi,İzmir,2024-02,59,12699,320953,720,1,0,0,0,Başvuru,,,,0.4
BAS00934,Mobil,İşletme Kredisi,Konya,2024-07,26,16107,513057,510,1,1,1,1,Kullanım,,1.7,1.0,3.1
BAS00935,Çağrı Merkezi,İhtiyaç Kredisi,Adana,2024-12,58,44764,138750,677,1,0,0,0,Başvuru,,,,0.3
BAS00936,Şube,İhtiyaç Kredisi,Ankara,2024-04,62,30090,233436,634,1,1,0,0,Değerlendirme,Yaş Sınırı,0.7,,1.1
BAS00937,İnternet,İhtiyaç Kredisi,Ankara,2024-06,57,29128,182672,731,1,1,1,0,Onaylandı,,2.2,1.0,3.4
BAS00938,Çağrı Merkezi,İşletme Kredisi,Adana,2024-06,53,27958,422012,616,1,0,0,0,Başvuru,,,,0.2
BAS00939,Mobil,İhtiyaç Kredisi,Bursa,2024-04,53,11320,148907,627,1,0,0,0,Başvuru,,,,0.2
BAS00940,Şube,Konut Kredisi,Adana,2024-12,44,38695,1749259,540,1,1,0,0,Değerlendirme,Yüksek Borç/Gelir,1.5,,1.8
BAS00941,Şube,Taşıt Kredisi,Gaziantep,2024-08,27,23648,382943,478,1,1,1,1,Kullanım,,1.2,0.5,1.8
BAS00942,Mobil,Konut Kredisi,Adana,2024-05,26,23772,1825245,500,1,1,1,1,Kullanım,,1.0,0.9,2.0
BAS00943,İnternet,Konut Kredisi,Antalya,2024-05,46,24795,1695341,573,1,0,0,0,Başvuru,,,,0.2
BAS00944,Çağrı Merkezi,İhtiyaç Kredisi,Konya,2024-06,50,13090,152157,416,1,1,1,1,Kullanım,,2.5,1.4,4.1
BAS00945,Mobil,Konut Kredisi,Konya,2024-11,45,11545,1766313,630,1,1,0,0,Değerlendirme,Düşük Kredi Skoru,1.1,,1.4
BAS00946,Mobil,İhtiyaç Kredisi,Ankara,2024-02,21,8000,32441,410,1,0,0,0,Başvuru,,,,0.2
BAS00947,Şube,İhtiyaç Kredisi,Ankara,2024-01,33,39480,213298,445,1,1,1,1,Kullanım,,1.0,0.4,1.6
BAS00948,İnternet,Taşıt Kredisi,Adana,2024-11,50,12398,324479,605,1,1,1,1,Kullanım,,1.8,0.6,2.6
BAS00949,İnternet,İhtiyaç Kredisi,Bursa,2024-05,60,22675,152478,481,1,1,1,1,Kullanım,,1.6,1.4,3.2
BAS00950,Mobil,İhtiyaç Kredisi,Bursa,2024-06,21,30335,186133,439,1,1,0,0,Değerlendirme,Eksik Belge,2.3,,2.7
BAS00951,İnternet,Konut Kredisi,Adana,2024-02,30,8000,1912471,337,1,1,1,0,Onaylandı,,1.9,0.7,2.9
BAS00952,Mobil,İşletme Kredisi,Gaziantep,2024-04,61,11664,366566,496,1,0,0,0,Başvuru,,,,0.3
BAS00953,Çağrı Merkezi,Konut Kredisi,Gaziantep,2024-05,55,34475,1728865,732,1,1,0,0,Değerlendirme,Düşük Kredi Skoru,2.3,,2.4
BAS00954,Çağrı Merkezi,Taşıt Kredisi,Gaziantep,2024-12,41,26912,367157,404,1,0,0,0,Başvuru,,,,0.4
BAS00955,Şube,Konut Kredisi,Adana,2024-10,42,30700,1894469,487,1,1,1,1,Kullanım,,1.9,0.7,3.0
BAS00956,Mobil,İşletme Kredisi,Adana,2024-07,42,26508,337739,657,1,1,1,1,Kullanım,,2.4,0.9,3.4
BAS00957,Mobil,Konut Kredisi,Bursa,2024-10,33,18783,1860415,573,1,1,0,0,Değerlendirme,Teminat Yetersiz,0.4,,0.9
BAS00958,Mobil,İhtiyaç Kredisi,İstanbul,2024-08,42,34650,183080,610,1,1,1,1,Kullanım,,1.2,0.9,2.4
BAS00959,İnternet,İhtiyaç Kredisi,Konya,2024-11,36,20307,84391,497,1,0,0,0,Başvuru,,,,0.2
BAS00960,Mobil,İhtiyaç Kredisi,İstanbul,2024-09,39,22523,79966,569,1,1,0,0,Değerlendirme,Yüksek Borç/Gelir,1.5,,2.0
BAS00961,Çağrı Merkezi,Taşıt Kredisi,Konya,2024-06,59,18016,344565,633,1,1,0,0,Değerlendirme,Yüksek Borç/Gelir,3.2,,3.4
BAS00962,Şube,İhtiyaç Kredisi,Gaziantep,2024-03,30,42532,101348,566,1,1,1,1,Kullanım,,1.8,0.5,2.7
BAS00963,İnternet,İhtiyaç Kredisi,Bursa,2024-07,57,34001,52179,588,1,0,0,0,Başvuru,,,,0.5
BAS00964,Şube,Konut Kredisi,Ankara,2024-05,41,35594,1813892,624,1,1,0,0,Değerlendirme,Düşük Kredi Skoru,1.5,,1.9
BAS00965,Şube,İhtiyaç Kredisi,Adana,2024-02,62,36030,168691,649,1,0,0,0,Başvuru,,,,0.1
BAS00966,Mobil,İşletme Kredisi,İstanbul,2024-08,24,29095,380470,391,1,1,1,1,Kullanım,,1.5,1.0,2.7
BAS00967,Çağrı Merkezi,Taşıt Kredisi,Gaziantep,2024-07,59,45042,429125,785,1,1,0,0,Değerlendirme,Yaş Sınırı,2.4,,2.6
BAS00968,Şube,İşletme Kredisi,Adana,2024-09,46,8000,319146,500,1,1,1,1,Kullanım,,1.2,0.5,1.9
BAS00969,Şube,İhtiyaç Kredisi,Adana,2024-06,39,35637,11991,561,1,1,1,1,Kullanım,,0.6,0.7,1.5
BAS00970,Mobil,İhtiyaç Kredisi,Bursa,2024-08,36,8000,31594,582,1,0,0,0,Başvuru,,,,0.1
BAS00971,Mobil,Konut Kredisi,İzmir,2024-12,42,52685,1881507,549,1,1,0,0,Değerlendirme,Gelir Doğrulanamadı,0.9,,1.2
BAS00972,Mobil,Konut Kredisi,İzmir,2024-11,40,32342,1814988,518,1,0,0,0,Başvuru,,,,0.4
BAS00973,Mobil,Taşıt Kredisi,Adana,2024-05,49,38855,444491,647,1,1,0,0,Değerlendirme,Teminat Yetersiz,1.6,,1.8
BAS00974,Mobil,Taşıt Kredisi,İstanbul,2024-03,27,40335,444791,561,1,1,0,0,Değerlendirme,Yaş Sınırı,2.5,,2.6
BAS00975,Şube,Konut Kredisi,İzmir,2024-01,52,16778,1850472,631,1,1,1,1,Kullanım,,1.7,0.3,2.5
BAS00976,Çağrı Merkezi,Konut Kredisi,Ankara,2024-02,59,51280,1819156,596,1,0,0,0,Başvuru,,,,0.4
BAS00977,Şube,Taşıt Kredisi,Ankara,2024-12,42,8000,281865,477,1,1,1,1,Kullanım,,1.0,0.4,1.7
BAS00978,Mobil,Taşıt Kredisi,Antalya,2024-06,21,22863,519643,460,1,1,1,1,Kullanım,,1.1,0.7,2.1
BAS00979,İnternet,İhtiyaç Kredisi,İzmir,2024-09,30,8000,123317,402,1,1,1,1,Kullanım,,3.1,1.3,4.7
BAS00980,Çağrı Merkezi,Konut Kredisi,Gaziantep,2024-06,50,8000,1740109,681,1,1,0,0,Değerlendirme,Eksik Belge,2.5,,2.6
BAS00981,Şube,Konut Kredisi,Gaziantep,2024-11,23,21068,1676851,429,1,1,0,0,Değerlendirme,Gelir Doğrulanamadı,1.0,,1.1
BAS00982,İnternet,Konut Kredisi,Ankara,2024-01,46,10751,1856925,516,1,1,0,0,Değerlendirme,Gelir Doğrulanamadı,3.2,,3.5
BAS00983,Mobil,Taşıt Kredisi,İstanbul,2024-08,22,55480,364122,619,1,1,1,1,Kullanım,,1.6,1.1,3.0
BAS00984,Şube,Taşıt Kredisi,Antalya,2024-02,47,38057,427129,509,1,1,1,1,Kullanım,,0.7,0.4,1.3
BAS00985,Mobil,Taşıt Kredisi,İzmir,2024-04,43,29145,430549,704,1,1,0,0,Değerlendirme,Eksik Belge,1.7,,1.9
BAS00986,İnternet,İhtiyaç Kredisi,İstanbul,2024-07,44,35587,151587,540,1,0,0,0,Başvuru,,,,0.4
BAS00987,Çağrı Merkezi,Taşıt Kredisi,Gaziantep,2024-12,24,50760,562053,526,1,1,0,0,Değerlendirme,Yaş Sınırı,2.5,,3.0
BAS00988,Mobil,İhtiyaç Kredisi,Antalya,2024-01,20,40110,100152,534,1,1,1,1,Kullanım,,1.2,1.1,2.7
BAS00989,İnternet,Taşıt Kredisi,Konya,2024-10,60,31116,413257,609,1,0,0,0,Başvuru,,,,0.4
BAS00990,İnternet,İhtiyaç Kredisi,Bursa,2024-05,61,35264,44887,712,1,1,1,0,Onaylandı,,2.2,1.3,3.7
BAS00991,Çağrı Merkezi,İşletme Kredisi,Antalya,2024-12,25,25600,484979,531,1,1,0,0,Değerlendirme,Gelir Doğrulanamadı,2.5,,2.8
BAS00992,Mobil,İhtiyaç Kredisi,Ankara,2024-03,60,33468,126445,749,1,1,0,0,Değerlendirme,Yaş Sınırı,1.5,,1.7
BAS00993,Mobil,İhtiyaç Kredisi,Antalya,2024-07,20,41567,80595,531,1,1,1,1,Kullanım,,1.2,0.9,2.5
BAS00994,Mobil,Konut Kredisi,Gaziantep,2024-11,47,36141,1763516,586,1,1,0,0,Değerlendirme,Eksik Belge,1.7,,1.8
BAS00995,Mobil,İhtiyaç Kredisi,İzmir,2024-03,38,35829,133518,463,1,0,0,0,Başvuru,,,,0.1
BAS00996,Mobil,Taşıt Kredisi,Antalya,2024-05,33,39380,345409,586,1,0,0,0,Başvuru,,,,0.4
BAS00997,Şube,İhtiyaç Kredisi,Ankara,2024-05,51,27495,76716,713,1,1,0,0,Değerlendirme,Yaş Sınırı,1.4,,1.7
BAS00998,Şube,İhtiyaç Kredisi,Bursa,2024-05,25,17871,177039,544,1,1,1,1,Kullanım,,1.1,-0.2,1.2
BAS00999,Mobil,Konut Kredisi,Adana,2024-03,21,50796,1817439,551,1,0,0,0,Başvuru,,,,0.4
BAS01000,Çağrı Merkezi,İşletme Kredisi,Adana,2024-06,47,40055,505195,707,1,1,1,1,Kullanım,,2.1,1.3,3.8
BAS01001,Şube,Taşıt Kredisi,Gaziantep,2024-06,29,14224,476138,556,1,1,1,1,Kullanım,,1.1,0.4,1.7
BAS01002,İnternet,İhtiyaç Kredisi,Bursa,2024-05,48,41182,83348,533,1,0,0,0,Başvuru,,,,0.3
BAS01003,Şube,İhtiyaç Kredisi,Konya,2024-10,25,46475,58392,465,1,1,1,1,Kullanım,,1.0,0.8,2.2
BAS01004,Şube,İhtiyaç Kredisi,Antalya,2024-04,43,24814,10000,499,1,1,0,0,Değerlendirme,Teminat Yetersiz,2.1,,2.3
BAS01005,Şube,Konut Kredisi,İstanbul,2024-06,60,46903,1786809,731,1,1,1,1,Kullanım,,1.1,0.2,1.7
BAS01006,Mobil,İhtiyaç Kredisi,Gaziantep,2024-06,52,18106,17257,603,1,1,1,1,Kullanım,,2.1,1.1,3.4
BAS01007,İnternet,Konut Kredisi,Bursa,2024-01,21,9768,1912965,546,1,1,0,0,Değerlendirme,Eksik Belge,1.8,,2.1
BAS01008,Mobil,İhtiyaç Kredisi,Ankara,2024-06,36,38020,129797,609,1,1,1,1,Kullanım,,1.6,0.8,2.8
BAS01009,İnternet,İhtiyaç Kredisi,İzmir,2024-02,43,8000,83694,531,1,1,1,1,Kullanım,,2.5,0.6,3.3
BAS01010,Mobil,Konut Kredisi,Ankara,2024-01,54,38990,1782700,690,1,1,1,0,Onaylandı,,2.0,1.0,3.2
BAS01011,Mobil,İhtiyaç Kredisi,Ankara,2024-02,42,34690,11098,552,1,0,0,0,Başvuru,,,,0.4
BAS01012,Mobil,Taşıt Kredisi,Antalya,2024-10,25,19694,414643,377,1,1,1,1,Kullanım,,1.6,0.7,2.5
BAS01013,Mobil,Konut Kredisi,İzmir,2024-12,59,48220,1941100,762,1,0,0,0,Başvuru,,,,0.4
BAS01014,Mobil,İşletme Kredisi,Antalya,2024-12,36,14615,546917,607,1,1,1,1,Kullanım,,2.3,0.7,3.4
BAS01015,Şube,İhtiyaç Kredisi,Antalya,2024-02,32,50828,125997,566,1,1,0,0,Değerlendirme,Eksik Belge,1.6,,2.1
BAS01016,Mobil,İhtiyaç Kredisi,Antalya,2024-11,22,22150,132488,300,1,1,0,0,Değerlendirme,Teminat Yetersiz,1.5,,2.0
BAS01017,İnternet,İşletme Kredisi,İstanbul,2024-02,51,48735,416117,688,1,1,0,0,Değerlendirme,Düşük Kredi Skoru,1.8,,2.1
BAS01018,Mobil,Taşıt Kredisi,Adana,2024-08,53,36688,373516,627,1,1,0,0,Değerlendirme,Yüksek Borç/Gelir,2.5,,2.7
BAS01019,Şube,Konut Kredisi,Adana,2024-02,26,34364,1600895,435,1,1,1,1,Kullanım,,1.5,0.9,2.8
BAS01020,Çağrı Merkezi,Konut Kredisi,Gaziantep,2024-06,31,47700,1831391,683,1,0,0,0,Başvuru,,,,0.1
BAS01021,Şube,Taşıt Kredisi,Ankara,2024-10,56,40042,398504,664,1,1,1,1,Kullanım,,1.6,0.9,2.8
BAS01022,Mobil,Konut Kredisi,Adana,2024-06,47,29368,1733977,584,1,0,0,0,Başvuru,,,,0.3
BAS01023,Mobil,Konut Kredisi,Adana,2024-03,48,42395,1833598,750,1,1,1,1,Kullanım,,1.6,0.7,2.5
BAS01024,Şube,İşletme Kredisi,Antalya,2024-12,25,22627,404565,423,1,1,0,0,Değerlendirme,Yaş Sınırı,0.9,,1.1
BAS01025,Çağrı Merkezi,İhtiyaç Kredisi,İstanbul,2024-03,43,50906,24942,686,1,0,0,0,Başvuru,,,,0.2
BAS01026,Mobil,Taşıt Kredisi,Gaziantep,2024-08,60,35808,350683,599,1,1,1,1,Kullanım,,2.8,0.5,3.6
BAS01027,Şube,İhtiyaç Kredisi,Bursa,2024-12,36,50591,10000,613,1,1,1,1,Kullanım,,1.8,0.6,2.6
BAS01028,Mobil,Konut Kredisi,İstanbul,2024-07,57,26585,1836062,623,1,0,0,0,Başvuru,,,,0.3
BAS01029,Çağrı Merkezi,Konut Kredisi,Antalya,2024-02,35,28531,1791220,440,1,1,1,1,Kullanım,,2.5,1.2,4.0
BAS01030,Mobil,İşletme Kredisi,İstanbul,2024-03,46,29531,450668,565,1,1,0,0,Değerlendirme,Yüksek Borç/Gelir,2.3,,2.7
BAS01031,Mobil,İhtiyaç Kredisi,İstanbul,2024-12,60,8000,75573,643,1,0,0,0,Başvuru,,,,0.2
BAS01032,İnternet,Taşıt Kredisi,İzmir,2024-09,33,19954,420879,596,1,1,0,0,Değerlendirme,Teminat Yetersiz,2.6,,2.9
BAS01033,Şube,Taşıt Kredisi,Gaziantep,2024-05,25,29900,467077,305,1,1,0,0,Değerlendirme,Gelir Doğrulanamadı,1.3,,1.8
BAS01034,Şube,İşletme Kredisi,Adana,2024-09,37,10545,571855,442,1,1,1,1,Kullanım,,0.7,0.6,1.8
BAS01035,Çağrı Merkezi,Konut Kredisi,Antalya,2024-06,51,56763,1779870,419,1,1,1,1,Kullanım,,2.3,1.2,3.8
BAS01036,Mobil,Konut Kredisi,İstanbul,2024-01,20,31308,1788484,469,1,0,0,0,Başvuru,,,,0.5
BAS01037,Mobil,Konut Kredisi,İstanbul,2024-04,53,44710,1803153,680,1,0,0,0,Başvuru,,,,0.1
BAS01038,Çağrı Merkezi,İşletme Kredisi,Gaziantep,2024-09,58,8000,560230,525,1,1,1,1,Kullanım,,3.0,0.5,3.8
BAS01039,Şube,İhtiyaç Kredisi,Gaziantep,2024-06,46,39750,206780,714,1,0,0,0,Başvuru,,,,0.4
BAS01040,Şube,Konut Kredisi,İzmir,2024-11,24,24830,1752061,557,1,0,0,0,Başvuru,,,,0.2
BAS01041,Mobil,Konut Kredisi,Ankara,2024-03,37,53347,1914506,541,1,1,1,1,Kullanım,,2.1,1.2,3.5
BAS01042,Mobil,Konut Kredisi,İzmir,2024-06,59,26581,1843093,695,1,1,1,1,Kullanım,,1.8,1.1,3.3
BAS01043,Mobil,İhtiyaç Kredisi,Gaziantep,2024-01,29,44390,150146,489,1,0,0,0,Başvuru,,,,0.3
BAS01044,Şube,Taşıt Kredisi,Konya,2024-12,30,8000,422944,343,1,1,1,1,Kullanım,,1.1,0.5,2.1
BAS01045,Mobil,Konut Kredisi,Ankara,2024-06,45,23615,1789825,503,1,0,0,0,Başvuru,,,,0.3
BAS01046,Şube,İhtiyaç Kredisi,İstanbul,2024-08,33,47395,144401,669,1,1,1,1,Kullanım,,0.9,0.6,1.8
BAS01047,Şube,İhtiyaç Kredisi,Adana,2024-09,23,46530,119851,359,1,1,1,1,Kullanım,,1.3,0.6,2.1
BAS01048,Mobil,İhtiyaç Kredisi,İstanbul,2024-04,30,47918,25977,422,1,1,1,1,Kullanım,,1.3,0.9,2.5
BAS01049,Şube,İhtiyaç Kredisi,Bursa,2024-12,56,26904,263346,601,1,1,0,0,Değerlendirme,Düşük Kredi Skoru,1.1,,1.2
BAS01050,Mobil,Taşıt Kredisi,Gaziantep,2024-10,29,32449,336566,500,1,1,1,0,Onaylandı,,2.4,0.7,3.4
BAS01051,Şube,İhtiyaç Kredisi,Konya,2024-07,21,36768,146352,422,1,0,0,0,Başvuru,,,,0.4
BAS01052,İnternet,İhtiyaç Kredisi,İstanbul,2024-11,43,44843,107477,545,1,1,1,1,Kullanım,,2.0,0.9,3.1
BAS01053,Mobil,Konut Kredisi,Bursa,2024-01,34,47602,1940988,742,1,0,0,0,Başvuru,,,,0.2
BAS01054,Mobil,Konut Kredisi,İzmir,2024-01,44,11037,1828342,582,1,0,0,0,Başvuru,,,,0.1
BAS01055,Şube,Taşıt Kredisi,Adana,2024-04,56,33024,497830,600,1,1,1,0,Onaylandı,,1.5,0.7,2.5
BAS01056,Mobil,Konut Kredisi,Ankara,2024-02,50,43532,1707310,609,1,1,0,0,Değerlendirme,Eksik Belge,1.8,,2.3
BAS01057,Şube,Konut Kredisi,Adana,2024-09,42,37313,1806238,721,1,1,1,1,Kullanım,,1.3,0.9,2.6
BAS01058,Şube,İhtiyaç Kredisi,Bursa,2024-12,55,19943,78323,583,1,1,1,0,Onaylandı,,1.9,0.5,2.9
BAS01059,İnternet,Taşıt Kredisi,İzmir,2024-11,47,42073,506267,506,1,1,0,0,Değerlendirme,Teminat Yetersiz,2.2,,2.5
BAS01060,Mobil,İhtiyaç Kredisi,İzmir,2024-02,35,33165,38221,484,1,1,1,1,Kullanım,,1.3,1.0,2.5
BAS01061,Şube,İhtiyaç Kredisi,Antalya,2024-09,38,10654,10000,620,1,1,1,1,Kullanım,,1.2,0.3,1.8
BAS01062,Mobil,İhtiyaç Kredisi,Konya,2024-07,34,17042,14835,571,1,1,1,1,Kullanım,,1.5,0.6,2.3
BAS01063,Çağrı Merkezi,Taşıt Kredisi,Gaziantep,2024-12,45,55535,346486,502,1,1,0,0,Değerlendirme,Eksik Belge,4.1,,4.2
BAS01064,Şube,Konut Kredisi,Bursa,2024-08,42,27611,1765796,461,1,1,1,1,Kullanım,,1.4,0.6,2.2
BAS01065,İnternet,İhtiyaç Kredisi,İstanbul,2024-11,62,11140,122404,708,1,1,0,0,Değerlendirme,Yüksek Borç/Gelir,2.9,,3.1
BAS01066,Mobil,Konut Kredisi,Gaziantep,2024-05,45,46462,1811591,427,1,0,0,0,Başvuru,,,,0.2
BAS01067,İnternet,İhtiyaç Kredisi,Gaziantep,2024-08,34,14694,147142,584,1,0,0,0,Başvuru,,,,0.4
BAS01068,İnternet,İşletme Kredisi,Gaziantep,2024-11,47,28175,394107,583,1,1,0,0,Değerlendirme,Yüksek Borç/Gelir,2.7,,3.2
BAS01069,Şube,İhtiyaç Kredisi,Bursa,2024-12,59,21084,148992,532,1,1,1,1,Kullanım,,1.1,0.6,2.1
BAS01070,Mobil,Taşıt Kredisi,Ankara,2024-04,54,35728,238328,671,1,1,0,0,Değerlendirme,Yüksek Borç/Gelir,2.4,,2.7
BAS01071,Mobil,Konut Kredisi,Adana,2024-02,30,16242,1748757,554,1,1,0,0,Değerlendirme,Düşük Kredi Skoru,2.0,,2.3
BAS01072,Mobil,Konut Kredisi,İzmir,2024-03,50,10074,1868412,616,1,1,0,0,Değerlendirme,Teminat Yetersiz,1.4,,1.7
BAS01073,Şube,Konut Kredisi,Ankara,2024-05,41,32316,1721613,460,1,1,0,0,Değerlendirme,Yaş Sınırı,1.3,,1.6
BAS01074,Şube,Konut Kredisi,Bursa,2024-08,55,36189,1847850,561,1,0,0,0,Başvuru,,,,0.2
BAS01075,İnternet,Taşıt Kredisi,İzmir,2024-10,42,8000,367364,581,1,0,0,0,Başvuru,,,,0.5
BAS01076,Çağrı Merkezi,İhtiyaç Kredisi,Adana,2024-06,52,8000,160747,397,1,0,0,0,Başvuru,,,,0.3
BAS01077,Çağrı Merkezi,Konut Kredisi,Gaziantep,2024-04,27,19116,1838313,658,1,1,0,0,Değerlendirme,Yüksek Borç/Gelir,2.4,,2.7
BAS01078,İnternet,İhtiyaç Kredisi,Ankara,2024-10,44,31370,55364,560,1,1,0,0,Değerlendirme,Gelir Doğrulanamadı,2.0,,2.1
BAS01079,Mobil,İhtiyaç Kredisi,Ankara,2024-08,34,44453,147173,504,1,1,1,1,Kullanım,,3.0,0.8,4.0
BAS01080,Mobil,Taşıt Kredisi,Antalya,2024-11,31,22269,313986,534,1,0,0,0,Başvuru,,,,0.3
BAS01081,Mobil,İşletme Kredisi,İzmir,2024-05,25,41513,487734,479,1,1,0,0,Değerlendirme,Teminat Yetersiz,1.6,,1.9
BAS01082,Mobil,İşletme Kredisi,İstanbul,2024-05,42,27309,451046,571,1,0,0,0,Başvuru,,,,0.3
BAS01083,Çağrı Merkezi,İhtiyaç Kredisi,Antalya,2024-10,59,37653,73737,696,1,0,0,0,Başvuru,,,,0.2
BAS01084,Şube,İhtiyaç Kredisi,Konya,2024-04,56,29464,230865,532,1,1,1,1,Kullanım,,1.3,0.9,2.5
BAS01085,Şube,İhtiyaç Kredisi,İzmir,2024-09,23,56315,56915,604,1,1,1,1,Kullanım,,2.0,0.3,2.7
BAS01086,Mobil,İşletme Kredisi,Gaziantep,2024-05,60,38577,338563,569,1,1,1,1,Kullanım,,2.0,0.2,2.4
BAS01087,Mobil,Konut Kredisi,Ankara,2024-04,47,28497,1800629,380,1,0,0,0,Başvuru,,,,0.2
BAS01088,Mobil,Taşıt Kredisi,Ankara,2024-06,46,18160,578109,561,1,0,0,0,Başvuru,,,,0.3
BAS01089,Şube,İşletme Kredisi,Antalya,2024-11,36,45352,400482,544,1,1,1,1,Kullanım,,0.9,0.1,1.5
BAS01090,İnternet,Taşıt Kredisi,Gaziantep,2024-02,26,36795,368979,425,1,0,0,0,Başvuru,,,,0.4
BAS01091,Şube,Konut Kredisi,Bursa,2024-08,44,31399,1774028,517,1,1,1,1,Kullanım,,1.1,0.5,2.0
BAS01092,İnternet,İhtiyaç Kredisi,Bursa,2024-01,45,15015,153747,610,1,1,0,0,Değerlendirme,Yüksek Borç/Gelir,1.9,,2.1
BAS01093,Mobil,İşletme Kredisi,Gaziantep,2024-10,40,30395,561182,566,1,1,1,0,Onaylandı,,1.9,1.0,3.2
BAS01094,Mobil,İşletme Kredisi,Adana,2024-07,56,46513,466839,773,1,1,1,1,Kullanım,,1.7,0.9,2.7
BAS01095,Mobil,Konut Kredisi,Ankara,2024-11,20,35256,1757629,533,1,1,0,0,Değerlendirme,Eksik Belge,1.3,,1.5
BAS01096,İnternet,Taşıt Kredisi,Ankara,2024-12,29,22580,315288,418,1,1,1,1,Kullanım,,1.9,0.8,2.8
BAS01097,Çağrı Merkezi,İhtiyaç Kredisi,Bursa,2024-05,58,23043,134545,634,1,0,0,0,Başvuru,,,,0.1
BAS01098,Mobil,Konut Kredisi,İzmir,2024-07,54,28207,1791103,597,1,1,0,0,Değerlendirme,Yaş Sınırı,2.4,,2.5
BAS01099,Çağrı Merkezi,İhtiyaç Kredisi,Bursa,2024-10,53,55918,147828,636,1,1,0,0,Değerlendirme,Yaş Sınırı,2.0,,2.5
BAS01100,Mobil,İşletme Kredisi,Bursa,2024-01,52,32138,544574,510,1,1,1,1,Kullanım,,2.1,0.9,3.5
BAS01101,Şube,İhtiyaç Kredisi,Gaziantep,2024-06,22,8000,215452,542,1,1,0,0,Değerlendirme,Teminat Yetersiz,1.0,,1.4
BAS01102,Şube,İşletme Kredisi,İstanbul,2024-11,20,18897,419929,376,1,1,1,1,Kullanım,,0.9,0.7,1.7
BAS01103,Mobil,İhtiyaç Kredisi,Adana,2024-06,43,8000,176457,547,1,1,1,1,Kullanım,,0.8,0.6,1.8
BAS01104,Mobil,İhtiyaç Kredisi,Gaziantep,2024-06,27,8000,85775,439,1,0,0,0,Başvuru,,,,0.4
BAS01105,Şube,İhtiyaç Kredisi,Ankara,2024-04,38,42668,151414,400,1,1,1,1,Kullanım,,0.7,0.7,1.7
BAS01106,Şube,İhtiyaç Kredisi,Antalya,2024-06,60,25199,202166,648,1,1,0,0,Değerlendirme,Düşük Kredi Skoru,0.8,,1.2
BAS01107,Çağrı Merkezi,Konut Kredisi,Antalya,2024-01,35,19800,1854337,551,1,1,0,0,Değerlendirme,Yüksek Borç/Gelir,3.6,,3.9
BAS01108,Mobil,İhtiyaç Kredisi,Bursa,2024-04,22,21201,10000,485,1,1,1,1,Kullanım,,1.7,0.4,2.4
BAS01109,Mobil,İhtiyaç Kredisi,Bursa,2024-11,61,47606,189432,793,1,1,0,0,Değerlendirme,Gelir Doğrulanamadı,2.3,,2.7
BAS01110,Mobil,İhtiyaç Kredisi,Konya,2024-12,39,33476,213068,529,1,1,1,1,Kullanım,,1.8,0.3,2.3
BAS01111,Mobil,Konut Kredisi,Antalya,2024-02,52,39990,1845621,607,1,1,0,0,Değerlendirme,Gelir Doğrulanamadı,1.8,,1.9
BAS01112,Şube,İşletme Kredisi,Bursa,2024-08,57,31806,465336,705,1,1,1,1,Kullanım,,1.3,0.5,2.2
BAS01113,Şube,İhtiyaç Kredisi,Ankara,2024-05,61,22203,77683,654,1,1,1,0,Onaylandı,,2.1,0.4,2.7
BAS01114,Mobil,İşletme Kredisi,Adana,2024-08,56,8000,485723,632,1,0,0,0,Başvuru,,,,0.1
BAS01115,Mobil,Konut Kredisi,Gaziantep,2024-08,33,9978,1883285,537,1,1,0,0,Değerlendirme,Eksik Belge,1.9,,2.1
BAS01116,Mobil,Konut Kredisi,Konya,2024-11,34,9234,1929463,519,1,1,1,1,Kullanım,,1.9,0.9,3.2
BAS01117,Mobil,İhtiyaç Kredisi,Adana,2024-01,20,8000,129992,402,1,1,0,0,Değerlendirme,Yaş Sınırı,1.9,,2.1
BAS01118,Şube,Konut Kredisi,Antalya,2024-03,21,14603,1754357,518,1,0,0,0,Başvuru,,,,0.2
BAS01119,Mobil,İhtiyaç Kredisi,Gaziantep,2024-02,23,30367,56065,576,1,1,0,0,Değerlendirme,Yüksek Borç/Gelir,2.0,,2.5
BAS01120,Mobil,İhtiyaç Kredisi,Antalya,2024-11,58,8000,63650,627,1,1,1,1,Kullanım,,2.2,0.9,3.3
BAS01121,Mobil,Taşıt Kredisi,Gaziantep,2024-05,57,45240,404050,622,1,1,0,0,Değerlendirme,Yaş Sınırı,1.4,,1.9
BAS01122,Çağrı Merkezi,Konut Kredisi,Ankara,2024-08,51,29202,1821995,680,1,1,0,0,Değerlendirme,Eksik Belge,2.3,,2.6
BAS01123,İnternet,İşletme Kredisi,İzmir,2024-05,25,23851,453679,599,1,1,1,1,Kullanım,,2.3,0.8,3.5
BAS01124,Mobil,İhtiyaç Kredisi,Bursa,2024-08,32,31252,52456,635,1,1,0,0,Değerlendirme,Yüksek Borç/Gelir,0.4,,0.6
BAS01125,Mobil,İhtiyaç Kredisi,İstanbul,2024-02,26,12513,361877,478,1,0,0,0,Başvuru,,,,0.5
BAS01126,İnternet,Konut Kredisi,Bursa,2024-09,21,38298,1658852,565,1,1,0,0,Değerlendirme,Gelir Doğrulanamadı,2.6,,3.0
BAS01127,Çağrı Merkezi,İhtiyaç Kredisi,İstanbul,2024-02,25,13398,208284,475,1,0,0,0,Başvuru,,,,0.1
BAS01128,Mobil,Taşıt Kredisi,Antalya,2024-05,26,37403,321157,361,1,1,0,0,Değerlendirme,Teminat Yetersiz,2.1,,2.2
BAS01129,Mobil,Konut Kredisi,İzmir,2024-10,49,39704,1725204,596,1,0,0,0,Başvuru,,,,0.4
BAS01130,Çağrı Merkezi,İhtiyaç Kredisi,İstanbul,2024-08,57,38929,165355,739,1,1,1,1,Kullanım,,1.8,1.0,3.2
BAS01131,Şube,İhtiyaç Kredisi,Adana,2024-08,48,17253,48121,634,1,1,1,1,Kullanım,,1.4,0.5,2.3
BAS01132,İnternet,İhtiyaç Kredisi,İzmir,2024-05,48,27791,134818,554,1,1,0,0,Değerlendirme,Düşük Kredi Skoru,1.7,,1.8
BAS01133,İnternet,İşletme Kredisi,Gaziantep,2024-02,54,35525,497833,570,1,1,0,0,Değerlendirme,Düşük Kredi Skoru,1.8,,2.2
BAS01134,Şube,Konut Kredisi,İzmir,2024-06,51,35776,1709378,747,1,1,1,0,Onaylandı,,1.4,0.2,1.8
BAS01135,Şube,Taşıt Kredisi,Adana,2024-06,57,38103,317597,761,1,1,1,1,Kullanım,,1.2,0.6,1.9
BAS01136,Mobil,İşletme Kredisi,Konya,2024-11,54,30228,403188,429,1,1,0,0,Değerlendirme,Yüksek Borç/Gelir,1.2,,1.6
BAS01137,Şube,İhtiyaç Kredisi,Adana,2024-12,43,18494,61084,589,1,0,0,0,Başvuru,,,,0.2
BAS01138,Mobil,İhtiyaç Kredisi,Ankara,2024-12,27,18279,245079,619,1,1,1,1,Kullanım,,2.5,0.8,3.8
BAS01139,Mobil,Taşıt Kredisi,İstanbul,2024-08,23,23537,241960,359,1,1,0,0,Değerlendirme,Yaş Sınırı,1.8,,1.9
BAS01140,İnternet,İhtiyaç Kredisi,Bursa,2024-05,38,14722,69417,566,1,1,1,1,Kullanım,,1.9,0.9,3.2
BAS01141,İnternet,Konut Kredisi,Adana,2024-09,48,8000,1882552,539,1,1,0,0,Değerlendirme,Düşük Kredi Skoru,1.9,,2.0
BAS01142,Mobil,İhtiyaç Kredisi,Bursa,2024-10,36,32056,85557,575,1,0,0,0,Başvuru,,,,0.3
BAS01143,Mobil,Konut Kredisi,Bursa,2024-09,50,37919,1671514,550,1,1,1,0,Onaylandı,,1.7,0.9,2.9
BAS01144,Şube,İhtiyaç Kredisi,Konya,2024-08,40,56776,23276,581,1,1,1,0,Onaylandı,,1.0,0.6,1.9
BAS01145,Mobil,İhtiyaç Kredisi,İstanbul,2024-08,49,9729,219712,582,1,1,1,1,Kullanım,,1.4,0.6,2.4
BAS01146,Şube,İhtiyaç Kredisi,Antalya,2024-05,46,31961,90143,584,1,1,1,1,Kullanım,,1.2,0.5,1.9
BAS01147,Mobil,Taşıt Kredisi,Adana,2024-11,30,39428,392225,571,1,1,0,0,Değerlendirme,Düşük Kredi Skoru,2.4,,2.7
BAS01148,İnternet,İşletme Kredisi,Ankara,2024-11,40,18230,544063,542,1,1,1,1,Kullanım,,3.0,0.7,3.9
BAS01149,Mobil,İşletme Kredisi,Gaziantep,2024-11,59,18567,506838,749,1,1,1,1,Kullanım,,1.7,0.9,3.0
BAS01150,Mobil,Taşıt Kredisi,İstanbul,2024-02,27,12180,407758,399,1,1,0,0,Değerlendirme,Yaş Sınırı,1.8,,2.0
BAS01151,Mobil,İhtiyaç Kredisi,Ankara,2024-02,59,53084,103634,622,1,0,0,0,Başvuru,,,,0.3
BAS01152,Mobil,İhtiyaç Kredisi,Gaziantep,2024-04,29,21841,50139,380,1,1,1,0,Onaylandı,,1.4,1.3,3.1
BAS01153,Mobil,Taşıt Kredisi,Ankara,2024-10,23,12757,345066,527,1,1,0,0,Değerlendirme,Yaş Sınırı,0.8,,1.1
BAS01154,İnternet,İşletme Kredisi,Bursa,2024-01,61,47780,357889,733,1,0,0,0,Başvuru,,,,0.5
BAS01155,İnternet,Taşıt Kredisi,Antalya,2024-04,27,43125,529286,506,1,1,1,1,Kullanım,,1.8,0.9,3.1
BAS01156,İnternet,İşletme Kredisi,Adana,2024-05,44,38219,552463,568,1,1,0,0,Değerlendirme,Yaş Sınırı,2.3,,2.7
BAS01157,İnternet,İhtiyaç Kredisi,Adana,2024-03,23,30691,195013,482,1,1,0,0,Değerlendirme,Teminat Yetersiz,1.5,,1.7
BAS01158,Mobil,İşletme Kredisi,Ankara,2024-08,49,41750,409110,393,1,1,0,0,Değerlendirme,Düşük Kredi Skoru,1.9,,2.3
BAS01159,Mobil,İhtiyaç Kredisi,Gaziantep,2024-07,54,11844,182848,658,1,1,0,0,Değerlendirme,Eksik Belge,1.7,,2.0
BAS01160,Şube,Taşıt Kredisi,Gaziantep,2024-06,49,8678,427316,488,1,1,1,0,Onaylandı,,0.6,0.1,1.0
BAS01161,Şube,İhtiyaç Kredisi,Antalya,2024-05,44,53982,166198,619,1,1,1,0,Onaylandı,,1.0,0.9,2.4
BAS01162,Mobil,Konut Kredisi,Ankara,2024-11,48,24527,1783457,492,1,1,0,0,Değerlendirme,Gelir Doğrulanamadı,1.3,,1.4
BAS01163,İnternet,Taşıt Kredisi,Adana,2024-11,55,24872,511148,677,1,0,0,0,Başvuru,,,,0.4
BAS01164,Mobil,İhtiyaç Kredisi,Adana,2024-09,42,8000,238225,489,1,0,0,0,Başvuru,,,,0.3
BAS01165,Şube,İhtiyaç Kredisi,Ankara,2024-05,39,37506,64712,540,1,1,1,1,Kullanım,,1.1,0.5,1.8
BAS01166,Şube,İhtiyaç Kredisi,Konya,2024-06,58,30015,10000,643,1,1,1,1,Kullanım,,1.2,0.6,2.2
BAS01167,Mobil,Konut Kredisi,Antalya,2024-09,58,25957,1832250,647,1,1,0,0,Değerlendirme,Yaş Sınırı,1.7,,2.0
BAS01168,Mobil,İşletme Kredisi,İzmir,2024-01,47,41131,480130,521,1,0,0,0,Başvuru,,,,0.3
BAS01169,Mobil,Konut Kredisi,Antalya,2024-09,62,39033,1790942,677,1,1,0,0,Değerlendirme,Yüksek Borç/Gelir,2.1,,2.5
BAS01170,Mobil,İhtiyaç Kredisi,Gaziantep,2024-03,23,27615,10000,373,1,1,0,0,Değerlendirme,Gelir Doğrulanamadı,1.5,,1.9
BAS01171,İnternet,Konut Kredisi,Adana,2024-09,49,8595,1823908,483,1,0,0,0,Başvuru,,,,0.3
BAS01172,Çağrı Merkezi,Taşıt Kredisi,İstanbul,2024-05,59,29553,450318,515,1,1,0,0,Değerlendirme,Düşük Kredi Skoru,3.4,,3.7
BAS01173,Şube,İhtiyaç Kredisi,İstanbul,2024-05,36,31291,128958,534,1,1,0,0,Değerlendirme,Yaş Sınırı,0.9,,1.3
BAS01174,İnternet,Taşıt Kredisi,Konya,2024-02,42,13908,367671,700,1,1,1,0,Onaylandı,,1.3,1.4,2.9
BAS01175,Mobil,İhtiyaç Kredisi,İzmir,2024-08,20,18520,48547,385,1,1,1,1,Kullanım,,2.2,1.3,3.8
BAS01176,Mobil,Konut Kredisi,Adana,2024-05,38,21232,1873622,623,1,1,0,0,Değerlendirme,Gelir Doğrulanamadı,1.7,,2.0
BAS01177,Çağrı Merkezi,Konut Kredisi,İstanbul,2024-11,50,19583,1916752,640,1,0,0,0,Başvuru,,,,0.3
BAS01178,Şube,Konut Kredisi,Adana,2024-03,36,31055,1818900,552,1,1,0,0,Değerlendirme,Teminat Yetersiz,1.6,,2.1
BAS01179,Şube,Konut Kredisi,Konya,2024-05,62,59698,1851039,660,1,1,1,0,Onaylandı,,0.3,0.9,1.6
BAS01180,İnternet,İşletme Kredisi,İstanbul,2024-12,56,30200,344921,623,1,1,1,0,Onaylandı,,1.6,1.4,3.2
BAS01181,Mobil,Taşıt Kredisi,Konya,2024-08,53,8000,350643,645,1,0,0,0,Başvuru,,,,0.4
BAS01182,İnternet,İşletme Kredisi,Gaziantep,2024-11,44,15874,477524,547,1,0,0,0,Başvuru,,,,0.4
BAS01183,Mobil,İşletme Kredisi,Bursa,2024-03,29,26734,523743,377,1,1,1,1,Kullanım,,1.8,0.7,2.7
BAS01184,Şube,İhtiyaç Kredisi,Gaziantep,2024-09,29,25105,58775,464,1,1,1,1,Kullanım,,1.1,1.0,2.3
BAS01185,Şube,Taşıt Kredisi,İzmir,2024-09,25,25501,432671,513,1,1,1,1,Kullanım,,1.5,0.8,2.4
BAS01186,Şube,İhtiyaç Kredisi,Adana,2024-04,32,42828,73231,381,1,1,0,0,Değerlendirme,Gelir Doğrulanamadı,2.2,,2.3
BAS01187,Şube,Konut Kredisi,Adana,2024-07,33,24336,1789112,436,1,1,1,1,Kullanım,,1.1,0.1,1.6
BAS01188,Şube,Taşıt Kredisi,Adana,2024-08,37,36489,444627,443,1,1,1,1,Kullanım,,1.6,0.1,2.1
BAS01189,Mobil,İşletme Kredisi,Konya,2024-04,53,21911,390367,621,1,0,0,0,Başvuru,,,,0.3
BAS01190,Çağrı Merkezi,İhtiyaç Kredisi,Gaziantep,2024-08,21,18289,204468,574,1,1,0,0,Değerlendirme,Teminat Yetersiz,2.4,,2.6
BAS01191,Şube,Konut Kredisi,Ankara,2024-08,62,12430,1782552,655,1,1,0,0,Değerlendirme,Düşük Kredi Skoru,0.7,,0.9
BAS01192,Mobil,Konut Kredisi,Konya,2024-07,40,23812,1665768,521,1,1,1,1,Kullanım,,2.8,0.8,3.8
BAS01193,İnternet,İhtiyaç Kredisi,Ankara,2024-01,54,42730,247519,638,1,1,0,0,Değerlendirme,Eksik Belge,1.9,,2.0
BAS01194,Şube,İhtiyaç Kredisi,Antalya,2024-05,29,52470,143845,487,1,0,0,0,Başvuru,,,,0.4
BAS01195,Şube,İhtiyaç Kredisi,İstanbul,2024-02,36,26092,118841,341,1,1,0,0,Değerlendirme,Düşük Kredi Skoru,1.0,,1.5
BAS01196,Şube,İhtiyaç Kredisi,Antalya,2024-04,53,22858,61303,518,1,1,1,1,Kullanım,,0.3,0.5,1.0
BAS01197,Mobil,İşletme Kredisi,Antalya,2024-01,41,31945,618648,697,1,1,1,1,Kullanım,,1.1,0.5,1.8
BAS01198,Şube,Konut Kredisi,İzmir,2024-12,46,8000,1786231,560,1,1,1,1,Kullanım,,1.2,0.8,2.5
BAS01199,İnternet,İhtiyaç Kredisi,Adana,2024-01,23,9777,78105,544,1,1,1,1,Kullanım,,2.4,1.2,4.0
BAS01200,Şube,İhtiyaç Kredisi,Gaziantep,2024-10,44,31255,10000,605,1,1,1,1,Kullanım,,1.3,0.9,2.6
BAS01201,Şube,İhtiyaç Kredisi,Konya,2024-04,52,27199,20738,728,1,1,1,1,Kullanım,,1.1,0.7,2.0
BAS01202,Mobil,İhtiyaç Kredisi,Konya,2024-06,24,32413,166885,452,1,1,1,1,Kullanım,,2.3,0.8,3.5
BAS01203,Şube,Taşıt Kredisi,Gaziantep,2024-04,35,21791,298127,612,1,1,1,1,Kullanım,,1.0,0.5,1.8
BAS01204,Mobil,İşletme Kredisi,Ankara,2024-02,20,8000,409463,403,1,1,1,1,Kullanım,,2.2,1.1,3.8
BAS01205,Şube,İhtiyaç Kredisi,Adana,2024-04,58,34213,171453,693,1,0,0,0,Başvuru,,,,0.2
BAS01206,Şube,İhtiyaç Kredisi,Adana,2024-04,52,32773,120669,614,1,0,0,0,Başvuru,,,,0.2
BAS01207,Mobil,İhtiyaç Kredisi,Bursa,2024-10,22,33568,226756,430,1,1,0,0,Değerlendirme,Eksik Belge,2.1,,2.2
BAS01208,Şube,Taşıt Kredisi,İzmir,2024-11,33,9109,358406,435,1,1,1,1,Kullanım,,1.9,0.4,2.6
BAS01209,Şube,İhtiyaç Kredisi,İstanbul,2024-06,58,8000,227696,715,1,1,0,0,Değerlendirme,Düşük Kredi Skoru,0.5,,0.9
BAS01210,Şube,Konut Kredisi,Bursa,2024-01,38,21311,1765209,554,1,1,0,0,Değerlendirme,Yüksek Borç/Gelir,0.1,,0.3
BAS01211,Mobil,Konut Kredisi,İstanbul,2024-03,20,33602,1758713,526,1,1,1,0,Onaylandı,,1.7,1.1,3.2
BAS01212,Mobil,Taşıt Kredisi,İzmir,2024-03,26,53902,410563,542,1,1,1,1,Kullanım,,1.0,0.9,2.2
BAS01213,Şube,Konut Kredisi,Bursa,2024-03,33,37814,1679358,540,1,1,1,1,Kullanım,,1.9,0.6,2.9
BAS01214,İnternet,İhtiyaç Kredisi,İzmir,2024-12,47,13945,10000,525,1,1,1,1,Kullanım,,3.0,0.8,4.0
BAS01215,Şube,İhtiyaç Kredisi,Antalya,2024-11,36,35923,60160,576,1,1,1,1,Kullanım,,1.3,0.3,2.0
BAS01216,Şube,Konut Kredisi,İstanbul,2024-05,47,36508,1901326,733,1,0,0,0,Başvuru,,,,0.4
BAS01217,Şube,Taşıt Kredisi,Konya,2024-10,42,32895,276365,622,1,1,1,1,Kullanım,,1.5,0.7,2.6
BAS01218,İnternet,İhtiyaç Kredisi,Bursa,2024-11,62,11758,73514,557,1,1,0,0,Değerlendirme,Teminat Yetersiz,2.1,,2.3
BAS01219,İnternet,İhtiyaç Kredisi,İstanbul,2024-03,29,27875,156475,483,1,1,1,1,Kullanım,,2.5,0.5,3.1
BAS01220,Şube,İhtiyaç Kredisi,İzmir,2024-03,59,23041,136264,686,1,1,0,0,Değerlendirme,Eksik Belge,1.4,,1.7
BAS01221,Şube,İşletme Kredisi,Bursa,2024-09,28,54143,354180,512,1,1,1,0,Onaylandı,,1.3,0.3,2.0
BAS01222,Çağrı Merkezi,İhtiyaç Kredisi,Gaziantep,2024-09,59,44088,139644,674,1,1,0,0,Değerlendirme,Yaş Sınırı,2.9,,3.2
BAS01223,Mobil,Konut Kredisi,Konya,2024-04,44,33592,1711896,540,1,1,1,1,Kullanım,,1.2,0.7,2.2
BAS01224,Mobil,Taşıt Kredisi,Antalya,2024-08,30,52131,299470,563,1,0,0,0,Başvuru,,,,0.1
BAS01225,Mobil,İhtiyaç Kredisi,İstanbul,2024-09,32,43946,172490,545,1,0,0,0,Başvuru,,,,0.3
BAS01226,Mobil,Konut Kredisi,Bursa,2024-05,41,30520,1841765,463,1,1,1,1,Kullanım,,1.6,1.0,3.0
BAS01227,Şube,İşletme Kredisi,Konya,2024-07,56,8000,487535,569,1,1,0,0,Değerlendirme,Yüksek Borç/Gelir,0.9,,1.3
BAS01228,Şube,İhtiyaç Kredisi,Adana,2024-05,62,33964,86502,639,1,1,0,0,Değerlendirme,Yaş Sınırı,0.9,,1.1
BAS01229,Mobil,İhtiyaç Kredisi,Antalya,2024-12,55,31420,136052,492,1,1,1,1,Kullanım,,1.5,0.8,2.5
BAS01230,İnternet,Taşıt Kredisi,Bursa,2024-03,26,36538,553173,430,1,0,0,0,Başvuru,,,,0.4
BAS01231,Şube,Konut Kredisi,Bursa,2024-06,32,16994,1885528,436,1,1,0,0,Değerlendirme,Teminat Yetersiz,1.5,,1.7
BAS01232,Şube,Taşıt Kredisi,Ankara,2024-02,52,35540,465583,658,1,1,1,1,Kullanım,,0.9,-0.0,1.1
BAS01233,İnternet,Taşıt Kredisi,Bursa,2024-03,34,12599,291473,472,1,1,0,0,Değerlendirme,Düşük Kredi Skoru,2.5,,2.9
BAS01234,Şube,İhtiyaç Kredisi,Bursa,2024-02,46,35818,138464,691,1,1,1,1,Kullanım,,1.5,0.3,1.9
BAS01235,Mobil,Konut Kredisi,Gaziantep,2024-08,44,38317,1902618,643,1,1,0,0,Değerlendirme,Teminat Yetersiz,1.4,,1.6
BAS01236,İnternet,Konut Kredisi,Ankara,2024-10,54,23757,1711594,576,1,1,0,0,Değerlendirme,Gelir Doğrulanamadı,1.7,,1.9
BAS01237,Şube,Taşıt Kredisi,Konya,2024-08,23,41199,253314,474,1,1,0,0,Değerlendirme,Yaş Sınırı,1.6,,1.9
BAS01238,Şube,İhtiyaç Kredisi,Konya,2024-09,48,40163,117956,712,1,1,0,0,Değerlendirme,Düşük Kredi Skoru,1.4,,1.8
BAS01239,Şube,İhtiyaç Kredisi,Konya,2024-12,25,12244,38672,407,1,1,1,0,Onaylandı,,2.2,0.8,3.4
BAS01240,Şube,İşletme Kredisi,Bursa,2024-09,55,28949,420741,596,1,1,0,0,Değerlendirme,Gelir Doğrulanamadı,2.2,,2.5
BAS01241,İnternet,İhtiyaç Kredisi,İzmir,2024-04,24,26405,26419,437,1,1,1,1,Kullanım,,2.7,1.0,3.9
BAS01242,Mobil,İşletme Kredisi,Bursa,2024-02,27,8000,452105,384,1,0,0,0,Başvuru,,,,0.4
BAS01243,Şube,İhtiyaç Kredisi,İzmir,2024-10,29,33720,123296,483,1,1,0,0,Değerlendirme,Yüksek Borç/Gelir,1.2,,1.4
BAS01244,Mobil,Konut Kredisi,Gaziantep,2024-01,37,29314,1917158,514,1,1,0,0,Değerlendirme,Düşük Kredi Skoru,1.8,,2.3
BAS01245,Mobil,İhtiyaç Kredisi,Adana,2024-11,29,50782,10000,718,1,1,1,1,Kullanım,,1.6,0.8,2.6
BAS01246,Mobil,Taşıt Kredisi,Bursa,2024-06,56,22275,321675,741,1,1,0,0,Değerlendirme,Gelir Doğrulanamadı,1.7,,1.8
BAS01247,Çağrı Merkezi,Konut Kredisi,Ankara,2024-10,24,39409,1698416,509,1,0,0,0,Başvuru,,,,0.3
BAS01248,Mobil,İhtiyaç Kredisi,Antalya,2024-01,55,35957,116667,831,1,1,0,0,Değerlendirme,Gelir Doğrulanamadı,2.6,,2.9
BAS01249,Mobil,İhtiyaç Kredisi,İzmir,2024-10,43,34442,180880,571,1,1,0,0,Değerlendirme,Düşük Kredi Skoru,1.8,,2.1
BAS01250,Şube,Konut Kredisi,Antalya,2024-07,31,48048,1722187,686,1,1,0,0,Değerlendirme,Teminat Yetersiz,1.5,,1.8
BAS01251,İnternet,İhtiyaç Kredisi,Konya,2024-09,25,8000,113635,402,1,1,0,0,Değerlendirme,Gelir Doğrulanamadı,1.6,,2.1
BAS01252,İnternet,İhtiyaç Kredisi,İzmir,2024-09,57,43910,112180,757,1,1,1,0,Onaylandı,,2.2,1.3,3.8
BAS01253,Şube,İhtiyaç Kredisi,İzmir,2024-10,47,42337,65477,485,1,1,0,0,Değerlendirme,Gelir Doğrulanamadı,0.7,,1.2
BAS01254,Mobil,İhtiyaç Kredisi,Konya,2024-09,43,43954,295748,594,1,1,0,0,Değerlendirme,Eksik Belge,2.2,,2.3
BAS01255,Mobil,İşletme Kredisi,Gaziantep,2024-01,48,18095,403830,704,1,1,1,1,Kullanım,,1.6,1.2,3.2
BAS01256,Mobil,Konut Kredisi,Ankara,2024-05,40,29996,1919564,509,1,1,0,0,Değerlendirme,Düşük Kredi Skoru,1.9,,2.1
BAS01257,Şube,Konut Kredisi,Gaziantep,2024-09,34,36361,1851160,593,1,1,1,1,Kullanım,,1.1,0.5,1.8
BAS01258,Mobil,Taşıt Kredisi,Antalya,2024-01,21,17452,343670,309,1,1,1,1,Kullanım,,1.9,1.0,3.1
BAS01259,Şube,Taşıt Kredisi,Antalya,2024-02,44,49523,235637,604,1,1,1,1,Kullanım,,1.4,0.5,2.4
BAS01260,Şube,Taşıt Kredisi,Adana,2024-08,45,8000,327642,613,1,1,1,1,Kullanım,,1.1,0.5,1.7
BAS01261,Mobil,Konut Kredisi,İstanbul,2024-06,30,15646,1900664,417,1,0,0,0,Başvuru,,,,0.3
BAS01262,Mobil,Taşıt Kredisi,İzmir,2024-06,28,43310,433763,667,1,1,1,1,Kullanım,,2.1,1.0,3.4
BAS01263,İnternet,İhtiyaç Kredisi,İstanbul,2024-01,33,27649,166449,490,1,0,0,0,Başvuru,,,,0.4
BAS01264,Çağrı Merkezi,İşletme Kredisi,Gaziantep,2024-03,50,47383,528402,742,1,0,0,0,Başvuru,,,,0.1
BAS01265,Mobil,İhtiyaç Kredisi,Ankara,2024-03,24,20559,10000,401,1,1,1,1,Kullanım,,1.8,0.7,3.0
BAS01266,Mobil,İhtiyaç Kredisi,İzmir,2024-01,56,19274,97615,605,1,0,0,0,Başvuru,,,,0.3
BAS01267,Şube,İhtiyaç Kredisi,Antalya,2024-01,37,21242,60590,572,1,1,1,1,Kullanım,,1.7,0.8,2.8
BAS01268,Mobil,Taşıt Kredisi,Adana,2024-08,26,19457,210435,410,1,0,0,0,Başvuru,,,,0.2
BAS01269,Mobil,Taşıt Kredisi,Ankara,2024-02,52,37701,355342,627,1,0,0,0,Başvuru,,,,0.3
BAS01270,Mobil,İhtiyaç Kredisi,Adana,2024-12,49,18999,97533,488,1,1,1,1,Kullanım,,1.6,1.5,3.3
BAS01271,Mobil,Konut Kredisi,Gaziantep,2024-07,44,14522,1806409,452,1,1,1,1,Kullanım,,1.8,0.8,2.8
BAS01272,Şube,İhtiyaç Kredisi,Adana,2024-11,60,37737,188631,692,1,1,0,0,Değerlendirme,Yüksek Borç/Gelir,1.8,,2.0
BAS01273,Mobil,İhtiyaç Kredisi,İstanbul,2024-11,48,29545,56913,526,1,0,0,0,Başvuru,,,,0.5
BAS01274,Şube,Taşıt Kredisi,Antalya,2024-11,29,32142,418414,486,1,1,1,1,Kullanım,,1.5,0.0,1.8
BAS01275,Mobil,Konut Kredisi,Gaziantep,2024-08,29,28297,2004822,620,1,1,0,0,Değerlendirme,Yaş Sınırı,0.9,,1.0
BAS01276,Şube,İhtiyaç Kredisi,Adana,2024-12,35,20148,10000,564,1,1,1,1,Kullanım,,1.7,0.6,2.5
BAS01277,İnternet,Konut Kredisi,İzmir,2024-10,33,36863,1801608,647,1,0,0,0,Başvuru,,,,0.1
BAS01278,Şube,İşletme Kredisi,Bursa,2024-10,27,20639,380426,435,1,1,1,1,Kullanım,,0.4,0.3,1.1
BAS01279,Şube,Konut Kredisi,İstanbul,2024-08,25,26488,1838356,457,1,1,1,1,Kullanım,,2.2,0.9,3.3
BAS01280,Mobil,İhtiyaç Kredisi,İzmir,2024-01,49,29104,229631,627,1,1,1,1,Kullanım,,1.5,0.6,2.4
BAS01281,Mobil,Konut Kredisi,Gaziantep,2024-09,52,29566,1704752,636,1,1,1,1,Kullanım,,1.6,0.9,2.7
BAS01282,Mobil,Konut Kredisi,Ankara,2024-09,40,30983,1688807,650,1,0,0,0,Başvuru,,,,0.2
BAS01283,Mobil,Konut Kredisi,Antalya,2024-03,53,41562,1875853,681,1,1,0,0,Değerlendirme,Düşük Kredi Skoru,2.2,,2.6
BAS01284,Mobil,İşletme Kredisi,Bursa,2024-11,36,25413,441764,505,1,0,0,0,Başvuru,,,,0.2
BAS01285,Şube,Konut Kredisi,Adana,2024-10,31,48502,1679548,569,1,1,0,0,Değerlendirme,Teminat Yetersiz,1.8,,2.1
BAS01286,Şube,İşletme Kredisi,Gaziantep,2024-04,53,29571,464235,562,1,1,1,1,Kullanım,,1.0,0.6,1.8
BAS01287,Şube,Taşıt Kredisi,Ankara,2024-02,27,30783,352950,468,1,1,1,1,Kullanım,,0.9,0.4,1.6
BAS01288,Mobil,Taşıt Kredisi,İzmir,2024-08,42,16924,382055,469,1,1,1,0,Onaylandı,,2.4,0.5,3.3
BAS01289,Şube,İşletme Kredisi,Adana,2024-09,34,28574,500094,388,1,1,1,1,Kullanım,,1.8,0.7,2.9
BAS01290,Şube,Konut Kredisi,İzmir,2024-02,58,48253,1898828,600,1,1,0,0,Değerlendirme,Yaş Sınırı,0.9,,1.1
BAS01291,Şube,Konut Kredisi,İstanbul,2024-05,24,30669,1702610,558,1,1,0,0,Değerlendirme,Düşük Kredi Skoru,1.6,,1.8
BAS01292,Mobil,İhtiyaç Kredisi,Antalya,2024-04,62,44264,298381,622,1,1,1,1,Kullanım,,1.8,0.3,2.6
BAS01293,Şube,İşletme Kredisi,Gaziantep,2024-03,38,19165,454744,342,1,0,0,0,Başvuru,,,,0.2
BAS01294,Mobil,İhtiyaç Kredisi,Gaziantep,2024-08,35,8000,34991,416,1,0,0,0,Başvuru,,,,0.3
BAS01295,Mobil,İhtiyaç Kredisi,Konya,2024-08,24,24201,98182,413,1,1,1,1,Kullanım,,1.7,0.9,2.8
BAS01296,İnternet,Konut Kredisi,Konya,2024-08,62,27959,1817871,626,1,1,1,0,Onaylandı,,2.1,0.8,3.3
BAS01297,Şube,Konut Kredisi,Ankara,2024-05,28,19105,1757191,537,1,1,1,1,Kullanım,,0.4,0.9,1.8
BAS01298,Mobil,İhtiyaç Kredisi,Adana,2024-04,34,39207,47668,478,1,1,0,0,Değerlendirme,Düşük Kredi Skoru,2.3,,2.6
BAS01299,Mobil,İşletme Kredisi,Konya,2024-03,38,17481,482405,764,1,1,0,0,Değerlendirme,Teminat Yetersiz,2.3,,2.5
BAS01300,Mobil,Konut Kredisi,Adana,2024-01,54,33011,1751535,515,1,1,1,1,Kullanım,,1.7,0.7,2.8
BAS01301,Şube,Taşıt Kredisi,İstanbul,2024-06,52,47181,363630,831,1,1,1,1,Kullanım,,1.6,0.2,2.2
BAS01302,Mobil,Taşıt Kredisi,Adana,2024-09,54,24641,277213,688,1,0,0,0,Başvuru,,,,0.2
BAS01303,Mobil,Konut Kredisi,Antalya,2024-10,29,22954,1742203,540,1,0,0,0,Başvuru,,,,0.4
BAS01304,Mobil,Taşıt Kredisi,Bursa,2024-10,44,43963,537633,562,1,1,0,0,Değerlendirme,Gelir Doğrulanamadı,1.3,,1.7
BAS01305,Mobil,Konut Kredisi,Ankara,2024-05,30,26206,1698810,396,1,1,0,0,Değerlendirme,Eksik Belge,1.5,,1.8
BAS01306,İnternet,İşletme Kredisi,Ankara,2024-01,58,23802,342504,663,1,1,0,0,Değerlendirme,Gelir Doğrulanamadı,2.6,,3.0
BAS01307,İnternet,Konut Kredisi,Konya,2024-08,35,26368,1791601,668,1,0,0,0,Başvuru,,,,0.4
BAS01308,Şube,Taşıt Kredisi,Adana,2024-01,46,53969,441656,751,1,1,1,1,Kullanım,,0.5,0.4,1.1
BAS01309,Çağrı Merkezi,İşletme Kredisi,Gaziantep,2024-06,22,19691,451511,623,1,1,0,0,Değerlendirme,Teminat Yetersiz,2.2,,2.5
BAS01310,Mobil,Konut Kredisi,Bursa,2024-06,61,35003,1807478,823,1,1,1,0,Onaylandı,,1.6,1.3,3.3
BAS01311,Şube,İhtiyaç Kredisi,Adana,2024-06,30,25520,99411,402,1,1,0,0,Değerlendirme,Teminat Yetersiz,1.2,,1.3
BAS01312,Mobil,Taşıt Kredisi,İzmir,2024-10,25,30252,461770,486,1,1,0,0,Değerlendirme,Eksik Belge,1.8,,2.3
BAS01313,İnternet,Taşıt Kredisi,Konya,2024-08,31,37563,443772,459,1,1,1,1,Kullanım,,2.7,0.6,3.5
BAS01314,Mobil,İhtiyaç Kredisi,İstanbul,2024-08,27,14510,164315,503,1,1,0,0,Değerlendirme,Gelir Doğrulanamadı,1.7,,2.0
BAS01315,Şube,İşletme Kredisi,Bursa,2024-11,39,17031,444398,466,1,1,1,0,Onaylandı,,1.7,0.9,2.9
BAS01316,İnternet,İhtiyaç Kredisi,Adana,2024-02,58,51042,10000,724,1,1,0,0,Değerlendirme,Yaş Sınırı,2.3,,2.4
BAS01317,Mobil,Konut Kredisi,Konya,2024-10,46,8000,1702547,624,1,1,0,0,Değerlendirme,Yüksek Borç/Gelir,1.3,,1.8
BAS01318,Mobil,İhtiyaç Kredisi,İstanbul,2024-01,31,23325,60836,363,1,0,0,0,Başvuru,,,,0.1
BAS01319,Şube,Taşıt Kredisi,Gaziantep,2024-12,50,36510,306213,531,1,1,0,0,Değerlendirme,Gelir Doğrulanamadı,1.1,,1.4
BAS01320,İnternet,İşletme Kredisi,Gaziantep,2024-02,25,30618,482106,464,1,0,0,0,Başvuru,,,,0.2
BAS01321,Çağrı Merkezi,Taşıt Kredisi,Adana,2024-12,26,27613,419275,517,1,0,0,0,Başvuru,,,,0.3
BAS01322,Mobil,İhtiyaç Kredisi,Konya,2024-07,39,26417,205945,556,1,1,1,1,Kullanım,,2.6,0.8,3.9
BAS01323,Mobil,İşletme Kredisi,İstanbul,2024-11,55,38459,367325,727,1,1,1,1,Kullanım,,2.8,0.9,3.9
BAS01324,Şube,Taşıt Kredisi,Ankara,2024-05,46,24379,444892,644,1,1,0,0,Değerlendirme,Yüksek Borç/Gelir,1.0,,1.4
BAS01325,İnternet,Konut Kredisi,Antalya,2024-09,33,8000,1817952,451,1,0,0,0,Başvuru,,,,0.1
BAS01326,Mobil,Konut Kredisi,Gaziantep,2024-09,22,21836,1803816,593,1,1,0,0,Değerlendirme,Eksik Belge,1.8,,2.1
BAS01327,Şube,Taşıt Kredisi,Gaziantep,2024-02,58,23548,373277,585,1,1,1,1,Kullanım,,0.4,1.1,2.0
BAS01328,Şube,İhtiyaç Kredisi,İstanbul,2024-08,62,36594,116443,574,1,1,0,0,Değerlendirme,Gelir Doğrulanamadı,1.1,,1.6
BAS01329,Mobil,İşletme Kredisi,Konya,2024-08,43,46367,461941,509,1,1,1,1,Kullanım,,1.1,1.5,2.9
BAS01330,Şube,İşletme Kredisi,Gaziantep,2024-08,44,51020,535289,606,1,0,0,0,Başvuru,,,,0.4
BAS01331,Mobil,İhtiyaç Kredisi,İzmir,2024-04,24,32066,10000,380,1,1,0,0,Değerlendirme,Eksik Belge,1.3,,1.8
BAS01332,Şube,İhtiyaç Kredisi,Ankara,2024-03,45,27996,213925,647,1,1,0,0,Değerlendirme,Gelir Doğrulanamadı,0.6,,1.0
BAS01333,Şube,İhtiyaç Kredisi,Adana,2024-03,39,27537,100164,530,1,1,1,1,Kullanım,,1.5,0.4,2.2
BAS01334,Mobil,Taşıt Kredisi,Adana,2024-08,49,45099,418041,721,1,0,0,0,Başvuru,,,,0.1
BAS01335,Mobil,İşletme Kredisi,İstanbul,2024-07,44,36770,526057,572,1,1,0,0,Değerlendirme,Gelir Doğrulanamadı,2.8,,3.3
BAS01336,Mobil,Konut Kredisi,İstanbul,2024-05,46,31924,1731441,485,1,0,0,0,Başvuru,,,,0.2
BAS01337,Şube,İşletme Kredisi,Ankara,2024-06,24,38107,498258,507,1,1,1,1,Kullanım,,1.5,0.2,2.0
BAS01338,İnternet,İhtiyaç Kredisi,Bursa,2024-04,33,26065,130417,640,1,0,0,0,Başvuru,,,,0.4
BAS01339,Mobil,İhtiyaç Kredisi,İzmir,2024-08,33,32376,93215,431,1,1,1,1,Kullanım,,2.3,0.8,3.6
BAS01340,Mobil,Taşıt Kredisi,Adana,2024-09,50,37110,417521,603,1,1,0,0,Değerlendirme,Yaş Sınırı,2.0,,2.3
BAS01341,Mobil,Konut Kredisi,İstanbul,2024-05,40,8000,1838340,490,1,0,0,0,Başvuru,,,,0.5
BAS01342,İnternet,İhtiyaç Kredisi,İstanbul,2024-09,54,35146,109922,522,1,1,1,1,Kullanım,,2.8,0.3,3.4
BAS01343,Şube,Konut Kredisi,Adana,2024-09,59,19938,1688972,668,1,1,1,1,Kullanım,,1.1,0.6,2.0
BAS01344,Şube,Taşıt Kredisi,Bursa,2024-01,61,25063,364181,766,1,1,1,1,Kullanım,,1.0,1.0,2.4
BAS01345,Mobil,Konut Kredisi,İzmir,2024-04,25,18772,1832970,580,1,1,1,1,Kullanım,,1.9,0.9,3.1
BAS01346,Şube,Taşıt Kredisi,Ankara,2024-12,22,12069,427553,328,1,0,0,0,Başvuru,,,,0.4
BAS01347,Mobil,Taşıt Kredisi,Adana,2024-11,59,26840,430591,731,1,0,0,0,Başvuru,,,,0.2
BAS01348,Çağrı Merkezi,İşletme Kredisi,Bursa,2024-12,48,31607,485116,581,1,0,0,0,Başvuru,,,,0.4
BAS01349,Şube,Taşıt Kredisi,İzmir,2024-02,43,8000,262433,499,1,1,1,1,Kullanım,,1.3,0.8,2.2
BAS01350,Mobil,Taşıt Kredisi,Konya,2024-11,34,65367,328286,578,1,0,0,0,Başvuru,,,,0.5
BAS01351,İnternet,İhtiyaç Kredisi,Ankara,2024-01,41,33254,197237,520,1,1,1,0,Onaylandı,,1.8,1.0,2.9
BAS01352,Mobil,İşletme Kredisi,Konya,2024-05,29,27085,416596,606,1,1,1,0,Onaylandı,,1.8,0.8,2.8
BAS01353,Mobil,Konut Kredisi,Adana,2024-04,35,42295,1752378,592,1,0,0,0,Başvuru,,,,0.4
BAS01354,Mobil,İhtiyaç Kredisi,Bursa,2024-04,42,16136,173595,480,1,1,0,0,Değerlendirme,Yaş Sınırı,1.2,,1.5
BAS01355,Şube,Konut Kredisi,Ankara,2024-05,22,35636,1906808,484,1,1,0,0,Değerlendirme,Eksik Belge,0.7,,1.0
BAS01356,Şube,Taşıt Kredisi,Antalya,2024-06,42,29327,311081,654,1,1,0,0,Değerlendirme,Gelir Doğrulanamadı,1.5,,1.8
BAS01357,Şube,İşletme Kredisi,Adana,2024-04,22,55274,678679,524,1,1,1,1,Kullanım,,1.5,0.4,2.2
BAS01358,Şube,İhtiyaç Kredisi,Adana,2024-10,53,10032,160313,655,1,1,1,1,Kullanım,,0.1,0.2,0.5
BAS01359,Mobil,İhtiyaç Kredisi,Konya,2024-04,30,54131,10000,569,1,0,0,0,Başvuru,,,,0.5
BAS01360,Şube,İhtiyaç Kredisi,Konya,2024-06,39,53353,104166,612,1,1,0,0,Değerlendirme,Yaş Sınırı,1.1,,1.3
BAS01361,Şube,Taşıt Kredisi,Antalya,2024-02,55,24612,394059,559,1,1,1,1,Kullanım,,1.1,0.3,1.7
BAS01362,Mobil,Konut Kredisi,İzmir,2024-05,56,47845,1970603,632,1,1,0,0,Değerlendirme,Eksik Belge,1.8,,2.0
BAS01363,İnternet,İhtiyaç Kredisi,Konya,2024-04,50,33588,94845,631,1,1,0,0,Değerlendirme,Düşük Kredi Skoru,2.0,,2.2
BAS01364,Şube,Taşıt Kredisi,Antalya,2024-04,60,47362,202760,754,1,1,0,0,Değerlendirme,Yaş Sınırı,0.7,,1.0
BAS01365,Şube,Taşıt Kredisi,Gaziantep,2024-02,40,54937,186083,538,1,1,0,0,Değerlendirme,Teminat Yetersiz,0.7,,1.1
BAS01366,Mobil,Taşıt Kredisi,Konya,2024-10,24,63620,371318,554,1,1,1,1,Kullanım,,2.1,1.0,3.5
BAS01367,İnternet,İhtiyaç Kredisi,Gaziantep,2024-07,37,31469,269849,618,1,0,0,0,Başvuru,,,,0.2
BAS01368,İnternet,İhtiyaç Kredisi,Konya,2024-05,34,23922,127181,503,1,1,1,1,Kullanım,,1.5,0.5,2.4
BAS01369,İnternet,İhtiyaç Kredisi,Ankara,2024-08,44,20441,160643,612,1,1,0,0,Değerlendirme,Teminat Yetersiz,2.1,,2.5
BAS01370,Çağrı Merkezi,Konut Kredisi,Antalya,2024-06,59,8000,1769390,418,1,0,0,0,Başvuru,,,,0.4
BAS01371,Mobil,İhtiyaç Kredisi,Bursa,2024-01,59,17250,134192,525,1,1,0,0,Değerlendirme,Yaş Sınırı,1.9,,2.4
BAS01372,İnternet,Konut Kredisi,Adana,2024-10,39,8000,1812804,579,1,1,0,0,Değerlendirme,Eksik Belge,2.2,,2.7
BAS01373,Mobil,Taşıt Kredisi,Antalya,2024-08,36,14965,369031,332,1,1,0,0,Değerlendirme,Gelir Doğrulanamadı,1.4,,1.7
BAS01374,Mobil,İşletme Kredisi,Antalya,2024-02,32,23094,566469,481,1,1,0,0,Değerlendirme,Teminat Yetersiz,0.7,,1.1
BAS01375,Şube,Konut Kredisi,Konya,2024-09,27,51510,1996275,568,1,1,1,1,Kullanım,,1.8,1.1,3.0
BAS01376,Çağrı Merkezi,Konut Kredisi,Antalya,2024-04,46,42433,1886915,524,1,0,0,0,Başvuru,,,,0.4
BAS01377,Şube,Taşıt Kredisi,İstanbul,2024-02,50,26782,438490,601,1,1,1,0,Onaylandı,,1.0,0.8,2.3
BAS01378,Şube,İhtiyaç Kredisi,İstanbul,2024-05,22,44152,94160,572,1,1,0,0,Değerlendirme,Yaş Sınırı,1.1,,1.2
BAS01379,Çağrı Merkezi,Taşıt Kredisi,Bursa,2024-09,49,11113,319698,596,1,0,0,0,Başvuru,,,,0.1
BAS01380,İnternet,İhtiyaç Kredisi,Antalya,2024-03,26,21986,43010,533,1,1,0,0,Değerlendirme,Eksik Belge,2.4,,2.6
BAS01381,Şube,İhtiyaç Kredisi,Ankara,2024-11,51,8000,99144,484,1,1,1,1,Kullanım,,1.6,0.2,2.3
BAS01382,Şube,Konut Kredisi,Gaziantep,2024-01,61,20315,1771949,630,1,1,1,1,Kullanım,,1.0,0.4,1.8
BAS01383,Şube,Konut Kredisi,Adana,2024-01,31,36707,1775623,422,1,1,1,1,Kullanım,,0.9,0.5,1.8
BAS01384,Şube,İhtiyaç Kredisi,Konya,2024-08,48,25190,116712,581,1,1,1,1,Kullanım,,1.7,0.6,2.7
BAS01385,Mobil,Konut Kredisi,Bursa,2024-02,59,27672,1901040,751,1,1,0,0,Değerlendirme,Gelir Doğrulanamadı,1.7,,1.8
BAS01386,Şube,Konut Kredisi,İstanbul,2024-09,27,31561,1755020,433,1,1,0,0,Değerlendirme,Eksik Belge,1.8,,2.0
BAS01387,İnternet,Taşıt Kredisi,Konya,2024-07,33,22415,439375,404,1,1,1,0,Onaylandı,,1.7,0.9,3.1
BAS01388,Mobil,Konut Kredisi,Gaziantep,2024-01,30,61910,1855790,471,1,1,1,1,Kullanım,,2.3,0.6,3.2
BAS01389,Şube,Taşıt Kredisi,Bursa,2024-03,52,26078,288942,653,1,1,1,0,Onaylandı,,0.3,0.4,0.8
BAS01390,Mobil,Konut Kredisi,Ankara,2024-11,35,8000,1856874,467,1,0,0,0,Başvuru,,,,0.1
BAS01391,İnternet,İşletme Kredisi,Konya,2024-01,38,8000,529131,328,1,1,0,0,Değerlendirme,Eksik Belge,2.4,,2.5
BAS01392,Şube,Konut Kredisi,Adana,2024-03,48,23700,1787684,490,1,0,0,0,Başvuru,,,,0.5
BAS01393,İnternet,İhtiyaç Kredisi,Antalya,2024-05,50,47459,86920,603,1,1,1,1,Kullanım,,1.8,1.0,3.0
BAS01394,İnternet,İhtiyaç Kredisi,İzmir,2024-06,24,29122,258914,508,1,1,1,1,Kullanım,,2.1,1.7,4.0
BAS01395,Mobil,İhtiyaç Kredisi,İstanbul,2024-06,33,8000,105843,417,1,1,0,0,Değerlendirme,Yüksek Borç/Gelir,2.0,,2.3
BAS01396,Şube,Taşıt Kredisi,Ankara,2024-02,23,27765,359275,525,1,1,1,1,Kullanım,,1.1,0.4,1.6
BAS01397,Şube,İhtiyaç Kredisi,Ankara,2024-07,60,35161,172347,682,1,1,1,1,Kullanım,,1.5,0.6,2.4
BAS01398,Çağrı Merkezi,İhtiyaç Kredisi,Antalya,2024-03,25,30359,90089,558,1,1,0,0,Değerlendirme,Düşük Kredi Skoru,2.5,,3.0
BAS01399,Çağrı Merkezi,İşletme Kredisi,Ankara,2024-02,62,40665,420542,664,1,1,0,0,Değerlendirme,Yüksek Borç/Gelir,3.2,,3.4
BAS01400,Mobil,Taşıt Kredisi,Konya,2024-10,51,32051,401215,524,1,1,1,0,Onaylandı,,1.8,0.9,2.9
BAS01401,Mobil,Taşıt Kredisi,İstanbul,2024-11,53,22556,407456,672,1,1,1,0,Onaylandı,,1.8,0.5,2.6
BAS01402,Şube,İşletme Kredisi,İstanbul,2024-07,62,40104,388987,767,1,1,1,1,Kullanım,,1.2,0.8,2.4
BAS01403,İnternet,Konut Kredisi,İzmir,2024-08,53,15278,1747421,531,1,0,0,0,Başvuru,,,,0.3
BAS01404,Mobil,Konut Kredisi,Bursa,2024-09,56,23688,1704407,450,1,1,0,0,Değerlendirme,Yüksek Borç/Gelir,1.9,,2.3
BAS01405,Şube,Konut Kredisi,İstanbul,2024-06,27,36000,1729427,529,1,0,0,0,Başvuru,,,,0.3
BAS01406,İnternet,İşletme Kredisi,Antalya,2024-11,21,56091,543021,507,1,1,0,0,Değerlendirme,Düşük Kredi Skoru,2.9,,3.4
BAS01407,Şube,Konut Kredisi,Gaziantep,2024-02,60,33317,1956454,831,1,0,0,0,Başvuru,,,,0.3
BAS01408,Şube,İşletme Kredisi,Antalya,2024-05,60,27597,328808,676,1,0,0,0,Başvuru,,,,0.4
BAS01409,Mobil,İhtiyaç Kredisi,Adana,2024-05,45,14147,93270,536,1,1,1,0,Onaylandı,,1.4,1.0,2.8
BAS01410,Mobil,İhtiyaç Kredisi,Konya,2024-01,28,17845,146681,610,1,1,1,1,Kullanım,,1.7,0.7,2.5
BAS01411,Şube,Taşıt Kredisi,Antalya,2024-11,22,27102,353338,578,1,1,1,1,Kullanım,,1.5,0.1,1.9
BAS01412,İnternet,Konut Kredisi,Konya,2024-06,45,11789,1669490,500,1,1,1,1,Kullanım,,2.0,0.9,3.4
BAS01413,Mobil,Konut Kredisi,İzmir,2024-06,29,40442,1812998,520,1,1,1,1,Kullanım,,2.5,0.4,3.3
BAS01414,İnternet,Taşıt Kredisi,Ankara,2024-03,35,29684,305325,460,1,0,0,0,Başvuru,,,,0.5
BAS01415,İnternet,İhtiyaç Kredisi,İzmir,2024-02,37,47949,167188,570,1,1,1,0,Onaylandı,,1.9,0.4,2.6
BAS01416,Şube,Taşıt Kredisi,İzmir,2024-06,40,34855,347163,540,1,1,0,0,Değerlendirme,Gelir Doğrulanamadı,1.0,,1.1
BAS01417,Mobil,İhtiyaç Kredisi,İzmir,2024-01,33,18156,34140,518,1,1,0,0,Değerlendirme,Teminat Yetersiz,1.2,,1.5
BAS01418,Mobil,İhtiyaç Kredisi,Adana,2024-12,20,44173,101925,456,1,1,0,0,Değerlendirme,Yüksek Borç/Gelir,1.2,,1.6
BAS01419,Çağrı Merkezi,İhtiyaç Kredisi,Ankara,2024-11,48,13499,148284,657,1,1,0,0,Değerlendirme,Gelir Doğrulanamadı,3.0,,3.4
BAS01420,Mobil,İhtiyaç Kredisi,Ankara,2024-10,26,25000,186032,409,1,0,0,0,Başvuru,,,,0.5
BAS01421,Mobil,Konut Kredisi,Adana,2024-12,57,40687,1805910,833,1,0,0,0,Başvuru,,,,0.2
BAS01422,Şube,Konut Kredisi,Gaziantep,2024-10,21,18903,1818148,362,1,1,0,0,Değerlendirme,Teminat Yetersiz,1.2,,1.7
BAS01423,Mobil,Konut Kredisi,Konya,2024-03,20,38874,1853420,492,1,1,0,0,Değerlendirme,Düşük Kredi Skoru,2.2,,2.3
BAS01424,Mobil,İşletme Kredisi,İstanbul,2024-11,24,23738,368993,573,1,1,1,1,Kullanım,,1.8,0.6,2.9
BAS01425,Mobil,Konut Kredisi,İstanbul,2024-06,44,32583,1899078,442,1,1,0,0,Değerlendirme,Yüksek Borç/Gelir,2.5,,2.6
BAS01426,Şube,İhtiyaç Kredisi,Bursa,2024-10,61,25000,10000,717,1,1,1,1,Kullanım,,1.4,0.9,2.7
BAS01427,Mobil,Konut Kredisi,İstanbul,2024-01,55,19453,1860125,634,1,1,0,0,Değerlendirme,Teminat Yetersiz,1.0,,1.4
BAS01428,Mobil,İhtiyaç Kredisi,Antalya,2024-11,58,32645,320377,455,1,1,0,0,Değerlendirme,Düşük Kredi Skoru,0.8,,0.9
BAS01429,Mobil,İhtiyaç Kredisi,İstanbul,2024-03,44,40294,267549,675,1,1,0,0,Değerlendirme,Yaş Sınırı,1.9,,2.2
BAS01430,Şube,Konut Kredisi,Adana,2024-10,35,21775,1991151,516,1,1,1,1,Kullanım,,1.5,-0.0,1.7
BAS01431,Şube,İşletme Kredisi,Ankara,2024-04,48,8000,378364,484,1,1,1,1,Kullanım,,1.7,0.1,2.1
BAS01432,Şube,İhtiyaç Kredisi,Gaziantep,2024-07,31,32200,131835,497,1,0,0,0,Başvuru,,,,0.5
BAS01433,Mobil,Konut Kredisi,Bursa,2024-08,26,43060,1874699,640,1,1,1,1,Kullanım,,2.5,0.7,3.6
BAS01434,Mobil,Taşıt Kredisi,İstanbul,2024-08,29,27552,416384,453,1,0,0,0,Başvuru,,,,0.5
BAS01435,İnternet,Konut Kredisi,Ankara,2024-03,34,22767,1891436,590,1,0,0,0,Başvuru,,,,0.4
BAS01436,Mobil,İhtiyaç Kredisi,Ankara,2024-08,54,29295,237141,574,1,0,0,0,Başvuru,,,,0.2
BAS01437,Mobil,Taşıt Kredisi,Konya,2024-08,22,35415,395369,373,1,1,1,1,Kullanım,,2.7,1.1,4.3
BAS01438,Şube,İhtiyaç Kredisi,İstanbul,2024-07,39,13145,218039,473,1,1,1,1,Kullanım,,1.4,0.7,2.3
BAS01439,Mobil,Konut Kredisi,İzmir,2024-05,40,55971,1919409,632,1,1,0,0,Değerlendirme,Yüksek Borç/Gelir,2.0,,2.2
BAS01440,Çağrı Merkezi,İhtiyaç Kredisi,İstanbul,2024-04,52,38284,70048,755,1,1,0,0,Değerlendirme,Gelir Doğrulanamadı,2.4,,2.8
BAS01441,İnternet,Taşıt Kredisi,Bursa,2024-06,57,27861,257291,565,1,1,1,1,Kullanım,,2.8,0.7,3.8
BAS01442,Şube,İhtiyaç Kredisi,Ankara,2024-08,28,8000,106608,577,1,1,1,0,Onaylandı,,1.2,0.4,1.7
BAS01443,Mobil,Taşıt Kredisi,Gaziantep,2024-03,58,21453,356734,661,1,0,0,0,Başvuru,,,,0.4
BAS01444,Mobil,İhtiyaç Kredisi,İzmir,2024-05,52,9067,206234,564,1,1,1,1,Kullanım,,2.5,0.5,3.1
BAS01445,Şube,İhtiyaç Kredisi,Adana,2024-04,46,24523,52191,552,1,1,0,0,Değerlendirme,Yüksek Borç/Gelir,0.6,,0.9
BAS01446,Mobil,İşletme Kredisi,Konya,2024-10,57,57233,472599,663,1,1,0,0,Değerlendirme,Gelir Doğrulanamadı,1.9,,2.2
BAS01447,Çağrı Merkezi,İhtiyaç Kredisi,Gaziantep,2024-03,57,19956,128485,682,1,1,1,1,Kullanım,,2.7,1.1,4.1
BAS01448,Mobil,İşletme Kredisi,Antalya,2024-11,52,44344,593470,592,1,1,0,0,Değerlendirme,Yüksek Borç/Gelir,1.3,,1.8
BAS01449,İnternet,İhtiyaç Kredisi,Antalya,2024-10,36,39400,10000,490,1,1,1,1,Kullanım,,2.1,0.9,3.4
BAS01450,Mobil,İhtiyaç Kredisi,İzmir,2024-09,51,16777,94193,696,1,1,1,1,Kullanım,,2.2,1.2,3.8
BAS01451,Mobil,İhtiyaç Kredisi,Adana,2024-08,62,19819,147620,772,1,0,0,0,Başvuru,,,,0.2
BAS01452,Şube,İhtiyaç Kredisi,Gaziantep,2024-12,43,27965,202164,573,1,1,1,1,Kullanım,,0.9,0.4,1.7
BAS01453,Mobil,İhtiyaç Kredisi,İstanbul,2024-06,54,34906,151820,599,1,1,0,0,Değerlendirme,Yüksek Borç/Gelir,1.6,,1.7
BAS01454,İnternet,Konut Kredisi,Ankara,2024-05,26,36081,1897924,512,1,1,0,0,Değerlendirme,Yüksek Borç/Gelir,2.6,,3.0
BAS01455,İnternet,İşletme Kredisi,Adana,2024-02,51,33217,513219,617,1,1,1,1,Kullanım,,2.2,0.6,3.0
BAS01456,Mobil,Taşıt Kredisi,Gaziantep,2024-05,35,44344,438563,385,1,0,0,0,Başvuru,,,,0.1
BAS01457,Mobil,Taşıt Kredisi,Gaziantep,2024-11,32,31972,458506,606,1,1,1,1,Kullanım,,2.0,0.6,2.7
BAS01458,Şube,İhtiyaç Kredisi,İzmir,2024-12,24,42967,127030,351,1,1,1,1,Kullanım,,1.8,0.4,2.4
BAS01459,Şube,İhtiyaç Kredisi,İstanbul,2024-01,46,36808,126418,575,1,1,1,1,Kullanım,,1.2,0.7,2.1
BAS01460,Şube,İhtiyaç Kredisi,İzmir,2024-06,56,8000,54209,626,1,1,1,1,Kullanım,,2.1,0.3,2.6
BAS01461,Mobil,İhtiyaç Kredisi,Ankara,2024-08,36,34770,279987,480,1,1,0,0,Değerlendirme,Gelir Doğrulanamadı,3.0,,3.3
BAS01462,Mobil,İhtiyaç Kredisi,Konya,2024-12,46,18016,211596,492,1,1,0,0,Değerlendirme,Yüksek Borç/Gelir,2.3,,2.6
BAS01463,Mobil,İşletme Kredisi,Gaziantep,2024-11,49,44268,537669,690,1,0,0,0,Başvuru,,,,0.2
BAS01464,Mobil,İhtiyaç Kredisi,Ankara,2024-09,46,36016,21691,631,1,0,0,0,Başvuru,,,,0.2
BAS01465,İnternet,İhtiyaç Kredisi,Adana,2024-10,51,43670,206658,720,1,1,0,0,Değerlendirme,Düşük Kredi Skoru,2.8,,3.2
BAS01466,Çağrı Merkezi,Taşıt Kredisi,Ankara,2024-01,56,31995,331710,811,1,1,0,0,Değerlendirme,Yaş Sınırı,2.6,,2.9
BAS01467,Mobil,İhtiyaç Kredisi,İzmir,2024-06,50,8000,186969,558,1,0,0,0,Başvuru,,,,0.4
BAS01468,Şube,Konut Kredisi,Adana,2024-05,56,47514,1841900,603,1,1,1,1,Kullanım,,1.7,0.5,2.5
BAS01469,Mobil,Taşıt Kredisi,Ankara,2024-11,32,8145,369439,481,1,1,1,1,Kullanım,,1.8,1.1,3.2
BAS01470,Şube,İhtiyaç Kredisi,Bursa,2024-08,23,42404,126228,528,1,1,1,1,Kullanım,,1.7,0.5,2.5
BAS01471,Şube,İşletme Kredisi,Bursa,2024-10,30,11894,481067,320,1,1,1,1,Kullanım,,1.6,0.9,2.8
BAS01472,Mobil,İşletme Kredisi,Konya,2024-10,25,40646,318917,499,1,0,0,0,Başvuru,,,,0.4
BAS01473,Mobil,Taşıt Kredisi,Adana,2024-11,35,49591,501053,541,1,1,0,0,Değerlendirme,Gelir Doğrulanamadı,1.8,,1.9
BAS01474,Mobil,İhtiyaç Kredisi,Antalya,2024-07,53,41276,102814,795,1,1,1,1,Kullanım,,1.8,1.1,3.1
BAS01475,Mobil,İhtiyaç Kredisi,Konya,2024-01,21,27163,54126,435,1,0,0,0,Başvuru,,,,0.1
BAS01476,Çağrı Merkezi,Taşıt Kredisi,İstanbul,2024-05,20,38530,379508,518,1,1,1,1,Kullanım,,2.3,1.1,3.8
BAS01477,İnternet,İhtiyaç Kredisi,Gaziantep,2024-09,54,41013,76584,772,1,1,1,1,Kullanım,,2.3,0.7,3.4
BAS01478,Şube,İşletme Kredisi,Adana,2024-05,22,30776,515489,398,1,1,1,0,Onaylandı,,0.6,0.7,1.5
BAS01479,Mobil,İhtiyaç Kredisi,Bursa,2024-03,33,26786,205269,519,1,1,1,1,Kullanım,,1.5,1.1,2.8
BAS01480,Şube,Taşıt Kredisi,Adana,2024-10,41,22373,366795,670,1,1,0,0,Değerlendirme,Yüksek Borç/Gelir,1.6,,1.9
BAS01481,Mobil,İhtiyaç Kredisi,İstanbul,2024-07,52,8000,173787,685,1,1,1,1,Kullanım,,1.6,1.0,2.7
BAS01482,Şube,Konut Kredisi,Antalya,2024-04,31,25575,1866229,518,1,1,0,0,Değerlendirme,Yüksek Borç/Gelir,0.5,,0.7
BAS01483,Mobil,Taşıt Kredisi,Ankara,2024-12,59,39996,401362,664,1,1,1,0,Onaylandı,,1.5,0.7,2.6
BAS01484,Mobil,İşletme Kredisi,Bursa,2024-06,24,29592,431246,514,1,0,0,0,Başvuru,,,,0.3
BAS01485,Mobil,Konut Kredisi,Antalya,2024-07,58,14962,1767546,474,1,1,1,1,Kullanım,,2.1,0.9,3.1
BAS01486,Çağrı Merkezi,İhtiyaç Kredisi,Gaziantep,2024-05,21,24116,182500,460,1,0,0,0,Başvuru,,,,0.5
BAS01487,Mobil,İhtiyaç Kredisi,İzmir,2024-08,20,8000,21486,407,1,0,0,0,Başvuru,,,,0.2
BAS01488,Mobil,Konut Kredisi,Gaziantep,2024-06,34,27211,1809735,399,1,1,1,1,Kullanım,,1.7,0.9,3.1
BAS01489,Mobil,İhtiyaç Kredisi,Konya,2024-12,56,57486,140241,720,1,1,1,1,Kullanım,,2.1,0.8,3.3
BAS01490,Şube,İhtiyaç Kredisi,Konya,2024-04,55,27149,193747,630,1,1,1,1,Kullanım,,0.6,0.5,1.2
BAS01491,Şube,İhtiyaç Kredisi,Ankara,2024-03,49,20381,115816,618,1,0,0,0,Başvuru,,,,0.1
BAS01492,İnternet,Taşıt Kredisi,İstanbul,2024-05,58,41613,476039,679,1,1,1,0,Onaylandı,,1.7,0.7,2.8
BAS01493,Mobil,Taşıt Kredisi,Ankara,2024-06,43,8000,427587,521,1,1,1,1,Kullanım,,2.2,1.2,3.5
BAS01494,Mobil,Konut Kredisi,Antalya,2024-12,50,47103,1794524,768,1,0,0,0,Başvuru,,,,0.5
BAS01495,Mobil,İhtiyaç Kredisi,Gaziantep,2024-11,32,23035,108361,569,1,1,0,0,Değerlendirme,Yaş Sınırı,1.1,,1.5
BAS01496,Mobil,İhtiyaç Kredisi,Bursa,2024-07,59,27246,183263,757,1,1,0,0,Değerlendirme,Gelir Doğrulanamadı,2.5,,3.0
BAS01497,Şube,İhtiyaç Kredisi,Konya,2024-02,58,8966,125239,591,1,1,1,1,Kullanım,,0.9,0.4,1.5
BAS01498,Mobil,Taşıt Kredisi,Gaziantep,2024-11,49,23368,368741,635,1,1,0,0,Değerlendirme,Eksik Belge,1.9,,2.3
BAS01499,Şube,İhtiyaç Kredisi,Gaziantep,2024-08,23,43838,163900,357,1,1,1,1,Kullanım,,0.7,1.0,2.1
BAS01500,Şube,İhtiyaç Kredisi,İstanbul,2024-11,22,42093,204467,426,1,1,0,0,Değerlendirme,Yüksek Borç/Gelir,1.4,,1.7
BAS01501,Mobil,İşletme Kredisi,Antalya,2024-05,41,46470,461923,593,1,1,1,0,Onaylandı,,1.9,0.5,2.8
BAS01502,Mobil,İşletme Kredisi,Konya,2024-10,34,44020,497223,606,1,1,1,1,Kullanım,,1.8,1.1,3.2
BAS01503,İnternet,İşletme Kredisi,İstanbul,2024-01,45,18630,396734,508,1,0,0,0,Başvuru,,,,0.3
BAS01504,Mobil,İhtiyaç Kredisi,Ankara,2024-02,23,43893,132728,450,1,1,1,1,Kullanım,,2.4,0.5,3.1
BAS01505,Şube,Konut Kredisi,İstanbul,2024-06,25,18209,1874087,642,1,1,0,0,Değerlendirme,Gelir Doğrulanamadı,0.8,,1.1
BAS01506,Mobil,İhtiyaç Kredisi,Bursa,2024-10,21,31179,45912,499,1,1,1,1,Kullanım,,1.6,0.8,2.7
BAS01507,İnternet,Taşıt Kredisi,Konya,2024-02,42,13086,435883,465,1,1,1,0,Onaylandı,,1.9,1.1,3.2
BAS01508,Mobil,İhtiyaç Kredisi,İzmir,2024-06,33,31454,170005,440,1,1,1,1,Kullanım,,2.1,0.6,3.0
BAS01509,Mobil,Taşıt Kredisi,Adana,2024-05,48,24980,392729,614,1,1,0,0,Değerlendirme,Düşük Kredi Skoru,1.2,,1.6
BAS01510,Şube,İşletme Kredisi,Gaziantep,2024-06,54,37543,460241,678,1,0,0,0,Başvuru,,,,0.5
BAS01511,Mobil,Konut Kredisi,İstanbul,2024-07,28,43456,1809170,522,1,1,1,1,Kullanım,,2.5,0.6,3.6
BAS01512,Çağrı Merkezi,İhtiyaç Kredisi,Ankara,2024-09,58,31712,318755,555,1,1,0,0,Değerlendirme,Teminat Yetersiz,2.1,,2.3
BAS01513,Şube,İşletme Kredisi,Ankara,2024-01,49,34224,582488,622,1,1,0,0,Değerlendirme,Gelir Doğrulanamadı,1.2,,1.7
BAS01514,İnternet,Konut Kredisi,İstanbul,2024-10,54,24293,1975063,668,1,1,0,0,Değerlendirme,Düşük Kredi Skoru,2.2,,2.7
BAS01515,Mobil,İşletme Kredisi,Ankara,2024-04,22,26847,547710,377,1,1,0,0,Değerlendirme,Teminat Yetersiz,1.9,,2.3
BAS01516,Mobil,İhtiyaç Kredisi,Antalya,2024-04,56,26021,183695,628,1,1,0,0,Değerlendirme,Düşük Kredi Skoru,1.2,,1.3
BAS01517,Şube,İhtiyaç Kredisi,İstanbul,2024-03,40,24407,97655,591,1,0,0,0,Başvuru,,,,0.5
BAS01518,Şube,İşletme Kredisi,Gaziantep,2024-10,51,21672,377207,529,1,1,1,1,Kullanım,,1.9,0.1,2.2
BAS01519,İnternet,İhtiyaç Kredisi,Antalya,2024-04,45,16677,10000,647,1,1,0,0,Değerlendirme,Yüksek Borç/Gelir,2.2,,2.4
BAS01520,Mobil,Konut Kredisi,İstanbul,2024-04,31,37009,1681395,619,1,1,0,0,Değerlendirme,Yüksek Borç/Gelir,2.4,,2.6
BAS01521,Mobil,İşletme Kredisi,Bursa,2024-12,38,30918,415867,524,1,1,0,0,Değerlendirme,Teminat Yetersiz,1.2,,1.6
BAS01522,Mobil,Taşıt Kredisi,Bursa,2024-02,23,15348,474085,572,1,1,1,1,Kullanım,,1.5,0.7,2.5
BAS01523,Mobil,İhtiyaç Kredisi,Ankara,2024-08,45,40882,53556,592,1,1,1,1,Kullanım,,1.4,1.1,2.8
BAS01524,Şube,İhtiyaç Kredisi,Antalya,2024-12,36,8000,220619,453,1,1,1,0,Onaylandı,,0.9,0.3,1.5
BAS01525,Mobil,Taşıt Kredisi,Antalya,2024-05,25,51232,303156,475,1,0,0,0,Başvuru,,,,0.3
BAS01526,Şube,İşletme Kredisi,Gaziantep,2024-08,31,28553,459800,481,1,1,1,1,Kullanım,,0.8,0.4,1.6
BAS01527,Şube,Konut Kredisi,Gaziantep,2024-07,55,49252,1785647,868,1,1,1,1,Kullanım,,1.8,0.4,2.5
BAS01528,Şube,İhtiyaç Kredisi,Antalya,2024-10,37,24337,108195,465,1,1,1,1,Kullanım,,1.1,0.1,1.6
BAS01529,İnternet,İşletme Kredisi,Ankara,2024-07,26,35227,339472,353,1,1,0,0,Değerlendirme,Yüksek Borç/Gelir,1.8,,1.9
BAS01530,İnternet,İhtiyaç Kredisi,Adana,2024-04,41,26096,193329,627,1,1,1,1,Kullanım,,1.2,0.3,1.9
BAS01531,Mobil,İhtiyaç Kredisi,İstanbul,2024-06,53,35766,183583,613,1,1,0,0,Değerlendirme,Yüksek Borç/Gelir,1.6,,1.7
BAS01532,Şube,Konut Kredisi,Adana,2024-09,42,49188,1764053,594,1,0,0,0,Başvuru,,,,0.2
BAS01533,İnternet,İhtiyaç Kredisi,Ankara,2024-10,54,22794,198706,583,1,0,0,0,Başvuru,,,,0.4
BAS01534,Şube,İhtiyaç Kredisi,Adana,2024-09,31,29247,116897,407,1,1,1,1,Kullanım,,1.6,0.7,2.6
BAS01535,Şube,İhtiyaç Kredisi,Antalya,2024-11,31,8000,231438,400,1,1,1,1,Kullanım,,1.2,0.3,1.9
BAS01536,İnternet,Konut Kredisi,Bursa,2024-07,54,19780,1753983,702,1,1,1,0,Onaylandı,,2.4,0.8,3.3
BAS01537,Mobil,Konut Kredisi,Konya,2024-04,28,32331,1884843,601,1,0,0,0,Başvuru,,,,0.3
BAS01538,Şube,İhtiyaç Kredisi,Gaziantep,2024-01,59,18607,70986,709,1,1,1,1,Kullanım,,1.3,0.8,2.5
BAS01539,İnternet,İhtiyaç Kredisi,Antalya,2024-03,49,29433,217337,550,1,1,1,1,Kullanım,,1.7,0.9,2.8
BAS01540,Mobil,İhtiyaç Kredisi,Antalya,2024-07,28,28474,136846,533,1,1,0,0,Değerlendirme,Gelir Doğrulanamadı,1.9,,2.2
BAS01541,Şube,İşletme Kredisi,İzmir,2024-03,60,19204,512558,589,1,1,1,1,Kullanım,,1.6,0.4,2.2
BAS01542,Mobil,İhtiyaç Kredisi,Adana,2024-08,40,39621,57013,445,1,0,0,0,Başvuru,,,,0.2
BAS01543,Mobil,Taşıt Kredisi,İzmir,2024-07,43,22406,443473,504,1,1,0,0,Değerlendirme,Teminat Yetersiz,1.8,,2.3
BAS01544,İnternet,Konut Kredisi,İstanbul,2024-11,41,26077,2022549,497,1,1,0,0,Değerlendirme,Gelir Doğrulanamadı,2.6,,2.9
BAS01545,Mobil,Konut Kredisi,İstanbul,2024-03,29,12991,1834942,561,1,1,0,0,Değerlendirme,Teminat Yetersiz,1.7,,1.8
BAS01546,Mobil,İhtiyaç Kredisi,İzmir,2024-08,29,34709,195518,617,1,1,0,0,Değerlendirme,Düşük Kredi Skoru,2.2,,2.4
BAS01547,Mobil,İhtiyaç Kredisi,İzmir,2024-04,48,64646,145118,550,1,1,1,1,Kullanım,,1.1,0.6,2.1
BAS01548,Şube,İşletme Kredisi,İzmir,2024-04,23,19761,435674,432,1,1,0,0,Değerlendirme,Eksik Belge,0.7,,0.8
BAS01549,Şube,Taşıt Kredisi,Bursa,2024-05,43,36581,405468,526,1,1,1,1,Kullanım,,1.5,0.6,2.3
BAS01550,İnternet,İşletme Kredisi,Ankara,2024-05,28,32293,513060,536,1,1,1,1,Kullanım,,1.9,0.9,3.0
BAS01551,Çağrı Merkezi,Taşıt Kredisi,Gaziantep,2024-02,31,48419,418504,612,1,1,1,0,Onaylandı,,1.9,1.2,3.4
BAS01552,İnternet,Taşıt Kredisi,Ankara,2024-03,32,53017,422553,584,1,1,1,1,Kullanım,,0.8,1.0,2.1
BAS01553,Mobil,İhtiyaç Kredisi,Bursa,2024-09,45,26158,235936,576,1,1,1,1,Kullanım,,1.6,0.7,2.5
BAS01554,Şube,İhtiyaç Kredisi,Bursa,2024-11,20,38084,152988,499,1,1,1,1,Kullanım,,1.9,0.4,2.6
BAS01555,Şube,İhtiyaç Kredisi,Antalya,2024-01,35,26806,10000,594,1,1,0,0,Değerlendirme,Gelir Doğrulanamadı,0.4,,0.5
BAS01556,Mobil,İhtiyaç Kredisi,İzmir,2024-08,56,14558,10000,711,1,1,1,1,Kullanım,,2.9,0.8,4.1
BAS01557,İnternet,İşletme Kredisi,İstanbul,2024-07,30,30924,503794,389,1,1,1,0,Onaylandı,,1.8,0.6,2.6
BAS01558,Mobil,İhtiyaç Kredisi,Antalya,2024-03,25,39986,132433,391,1,1,1,1,Kullanım,,1.0,0.9,2.2
BAS01559,İnternet,Konut Kredisi,Gaziantep,2024-10,38,19848,1852075,611,1,1,0,0,Değerlendirme,Gelir Doğrulanamadı,0.5,,1.0
BAS01560,Şube,İhtiyaç Kredisi,İstanbul,2024-08,61,30958,171119,756,1,1,1,1,Kullanım,,1.1,0.7,2.2
BAS01561,Şube,İhtiyaç Kredisi,Bursa,2024-07,28,29367,10000,582,1,1,1,1,Kullanım,,0.8,0.8,2.0
BAS01562,Mobil,Konut Kredisi,Bursa,2024-12,50,11620,1751076,542,1,1,1,1,Kullanım,,2.0,1.1,3.6
BAS01563,İnternet,Konut Kredisi,İstanbul,2024-12,52,49329,1787545,524,1,0,0,0,Başvuru,,,,0.4
BAS01564,Mobil,İşletme Kredisi,Antalya,2024-09,23,49958,390853,446,1,0,0,0,Başvuru,,,,0.3
BAS01565,Mobil,İhtiyaç Kredisi,Antalya,2024-09,59,25850,97085,648,1,1,1,1,Kullanım,,1.3,0.6,2.2
BAS01566,Şube,İhtiyaç Kredisi,Antalya,2024-07,44,27944,22918,564,1,1,1,1,Kullanım,,1.5,0.9,2.6
BAS01567,Çağrı Merkezi,Konut Kredisi,İzmir,2024-05,55,53884,1805121,708,1,0,0,0,Başvuru,,,,0.3
BAS01568,Mobil,Konut Kredisi,Adana,2024-06,28,17149,1771030,609,1,1,1,1,Kullanım,,1.4,0.9,2.7
BAS01569,Mobil,Taşıt Kredisi,Gaziantep,2024-06,29,23155,413370,419,1,1,1,1,Kullanım,,2.2,0.6,3.1
BAS01570,Mobil,Taşıt Kredisi,İzmir,2024-12,28,17769,331655,415,1,1,1,1,Kullanım,,2.5,1.0,3.8
BAS01571,Mobil,İşletme Kredisi,İzmir,2024-03,42,26238,447667,634,1,1,0,0,Değerlendirme,Eksik Belge,2.3,,2.6
BAS01572,Mobil,İhtiyaç Kredisi,Gaziantep,2024-03,35,26891,163187,527,1,0,0,0,Başvuru,,,,0.1
BAS01573,İnternet,Konut Kredisi,Antalya,2024-05,47,38340,1744933,525,1,1,1,0,Onaylandı,,2.5,0.8,3.6
BAS01574,Şube,Taşıt Kredisi,Antalya,2024-05,20,29722,196477,337,1,1,1,1,Kullanım,,1.1,0.7,1.9
BAS01575,Şube,İhtiyaç Kredisi,İzmir,2024-03,59,9845,24334,599,1,1,0,0,Değerlendirme,Düşük Kredi Skoru,0.7,,1.1
BAS01576,Mobil,İşletme Kredisi,İstanbul,2024-01,41,51386,355665,565,1,1,1,1,Kullanım,,2.2,1.3,3.7
BAS01577,İnternet,Taşıt Kredisi,Ankara,2024-01,53,19199,334976,639,1,1,0,0,Değerlendirme,Gelir Doğrulanamadı,3.0,,3.1
BAS01578,Şube,Taşıt Kredisi,İzmir,2024-03,31,38618,342489,478,1,1,1,1,Kullanım,,1.5,0.4,2.3
BAS01579,Mobil,İhtiyaç Kredisi,Ankara,2024-12,51,43021,120997,702,1,1,0,0,Değerlendirme,Gelir Doğrulanamadı,2.2,,2.6
BAS01580,İnternet,İhtiyaç Kredisi,Bursa,2024-04,37,15297,228978,429,1,1,1,1,Kullanım,,2.2,1.2,3.9
BAS01581,Şube,Konut Kredisi,Gaziantep,2024-03,45,17923,1731947,671,1,1,0,0,Değerlendirme,Teminat Yetersiz,1.5,,1.9
BAS01582,İnternet,Konut Kredisi,Bursa,2024-07,50,27890,1736968,612,1,1,1,1,Kullanım,,2.3,0.6,3.3
BAS01583,Şube,İşletme Kredisi,İstanbul,2024-09,58,34639,439060,706,1,1,1,1,Kullanım,,1.3,0.6,2.3
BAS01584,Mobil,İhtiyaç Kredisi,İstanbul,2024-06,22,48210,52618,467,1,0,0,0,Başvuru,,,,0.1
BAS01585,Şube,Taşıt Kredisi,İzmir,2024-08,53,30593,376944,610,1,1,0,0,Değerlendirme,Eksik Belge,1.0,,1.5
BAS01586,İnternet,Taşıt Kredisi,İstanbul,2024-12,40,33420,485338,522,1,1,1,0,Onaylandı,,2.7,1.0,4.2
BAS01587,Çağrı Merkezi,Taşıt Kredisi,Antalya,2024-11,22,17299,360966,446,1,0,0,0,Başvuru,,,,0.2
BAS01588,Şube,Konut Kredisi,Adana,2024-06,33,9405,1831210,349,1,0,0,0,Başvuru,,,,0.5
BAS01589,Mobil,İhtiyaç Kredisi,Adana,2024-10,60,42018,122013,596,1,0,0,0,Başvuru,,,,0.2
BAS01590,Şube,İhtiyaç Kredisi,Bursa,2024-08,60,18237,212081,716,1,1,1,1,Kullanım,,1.2,0.4,1.8
BAS01591,Şube,Konut Kredisi,Ankara,2024-12,60,25745,1767036,737,1,1,0,0,Değerlendirme,Yaş Sınırı,0.9,,1.1
BAS01592,İnternet,İhtiyaç Kredisi,Antalya,2024-05,31,8000,133954,575,1,0,0,0,Başvuru,,,,0.2
BAS01593,Şube,İhtiyaç Kredisi,Konya,2024-05,59,36562,148363,570,1,1,1,1,Kullanım,,1.0,-0.1,1.4
BAS01594,Şube,Konut Kredisi,Ankara,2024-07,61,30758,1874569,733,1,1,0,0,Değerlendirme,Eksik Belge,1.5,,1.7
BAS01595,Mobil,İhtiyaç Kredisi,Ankara,2024-08,33,41860,186916,641,1,1,1,1,Kullanım,,1.4,1.1,2.8
BAS01596,Mobil,İhtiyaç Kredisi,Ankara,2024-03,34,36991,10000,381,1,1,1,1,Kullanım,,1.7,0.5,2.4
BAS01597,İnternet,İhtiyaç Kredisi,Bursa,2024-01,49,42353,100428,470,1,1,1,1,Kullanım,,1.2,0.8,2.4
BAS01598,Mobil,İhtiyaç Kredisi,Antalya,2024-08,40,41672,136108,679,1,1,1,1,Kullanım,,3.0,0.6,4.0
BAS01599,Mobil,İşletme Kredisi,İstanbul,2024-11,41,46162,434553,490,1,1,0,0,Değerlendirme,Düşük Kredi Skoru,1.7,,1.9
BAS01600,Şube,Taşıt Kredisi,Adana,2024-02,50,32402,279067,563,1,1,1,1,Kullanım,,1.3,-0.2,1.3
BAS01601,Mobil,İhtiyaç Kredisi,Konya,2024-06,55,8651,211935,557,1,1,1,1,Kullanım,,0.8,0.9,1.9
BAS01602,Mobil,İşletme Kredisi,Konya,2024-03,46,40460,459183,689,1,1,0,0,Değerlendirme,Teminat Yetersiz,1.6,,2.0
BAS01603,Mobil,İşletme Kredisi,Antalya,2024-11,27,19350,476509,435,1,1,1,1,Kullanım,,2.5,0.9,3.7
BAS01604,Mobil,Taşıt Kredisi,Ankara,2024-07,31,8000,405310,580,1,1,1,1,Kullanım,,2.3,1.0,3.7
BAS01605,Mobil,İhtiyaç Kredisi,Gaziantep,2024-05,49,12252,110703,486,1,0,0,0,Başvuru,,,,0.3
BAS01606,Mobil,Konut Kredisi,İstanbul,2024-02,53,26501,1758221,649,1,1,0,0,Değerlendirme,Gelir Doğrulanamadı,2.1,,2.5
BAS01607,Mobil,Taşıt Kredisi,Adana,2024-04,25,20912,376876,463,1,0,0,0,Başvuru,,,,0.4
BAS01608,Şube,İşletme Kredisi,Gaziantep,2024-02,22,34659,349097,528,1,1,0,0,Değerlendirme,Gelir Doğrulanamadı,1.0,,1.5
BAS01609,İnternet,İhtiyaç Kredisi,Bursa,2024-05,50,8000,58867,601,1,1,0,0,Değerlendirme,Düşük Kredi Skoru,2.5,,2.9
BAS01610,Mobil,Taşıt Kredisi,Antalya,2024-12,26,40195,382059,530,1,1,1,1,Kullanım,,1.8,0.7,2.7
BAS01611,Şube,Taşıt Kredisi,Ankara,2024-08,22,24453,403946,511,1,1,0,0,Değerlendirme,Düşük Kredi Skoru,-0.1,,0.0
BAS01612,Mobil,Taşıt Kredisi,İstanbul,2024-08,51,38290,370811,747,1,1,1,1,Kullanım,,1.6,0.9,2.9
BAS01613,Şube,İşletme Kredisi,Antalya,2024-05,40,46463,329509,480,1,1,1,1,Kullanım,,1.9,-0.0,2.3
BAS01614,İnternet,İşletme Kredisi,Ankara,2024-04,61,15372,580255,716,1,1,0,0,Değerlendirme,Teminat Yetersiz,2.0,,2.3
BAS01615,Mobil,İhtiyaç Kredisi,Bursa,2024-06,31,25970,87824,415,1,0,0,0,Başvuru,,,,0.5
BAS01616,Mobil,Taşıt Kredisi,Gaziantep,2024-04,49,33711,426897,729,1,0,0,0,Başvuru,,,,0.5
BAS01617,İnternet,İhtiyaç Kredisi,Gaziantep,2024-10,35,8000,178429,524,1,0,0,0,Başvuru,,,,0.4
BAS01618,Mobil,İhtiyaç Kredisi,Adana,2024-01,57,27900,253284,754,1,1,0,0,Değerlendirme,Yüksek Borç/Gelir,1.9,,2.2
BAS01619,Şube,İşletme Kredisi,Konya,2024-12,55,8127,520187,623,1,1,0,0,Değerlendirme,Gelir Doğrulanamadı,0.2,,0.4
BAS01620,Şube,İhtiyaç Kredisi,Antalya,2024-02,48,23209,138089,683,1,1,1,1,Kullanım,,0.1,1.0,1.5
BAS01621,İnternet,Taşıt Kredisi,İstanbul,2024-03,21,35414,378869,430,1,1,0,0,Değerlendirme,Yaş Sınırı,2.0,,2.4
BAS01622,Mobil,İşletme Kredisi,Antalya,2024-02,39,34725,289064,558,1,1,1,1,Kullanım,,1.5,0.4,2.4
BAS01623,Şube,Taşıt Kredisi,Gaziantep,2024-04,21,17729,341235,510,1,1,1,1,Kullanım,,1.8,0.3,2.4
BAS01624,Mobil,İhtiyaç Kredisi,Bursa,2024-11,32,19827,206459,462,1,1,1,1,Kullanım,,2.3,0.6,3.3
BAS01625,İnternet,İhtiyaç Kredisi,Konya,2024-07,21,35778,171782,516,1,0,0,0,Başvuru,,,,0.5
BAS01626,Şube,İşletme Kredisi,Antalya,2024-01,22,24805,366306,411,1,0,0,0,Başvuru,,,,0.3
BAS01627,Şube,İhtiyaç Kredisi,İstanbul,2024-10,55,31932,131468,534,1,0,0,0,Başvuru,,,,0.4
BAS01628,Mobil,İşletme Kredisi,Adana,2024-09,42,28333,517140,523,1,1,0,0,Değerlendirme,Teminat Yetersiz,0.6,,0.8
BAS01629,Mobil,İşletme Kredisi,Gaziantep,2024-06,44,22749,579439,502,1,0,0,0,Başvuru,,,,0.2
BAS01630,Mobil,İşletme Kredisi,İzmir,2024-10,35,27571,545886,490,1,1,0,0,Değerlendirme,Eksik Belge,0.6,,0.9
BAS01631,İnternet,İhtiyaç Kredisi,Konya,2024-06,37,24998,237744,450,1,1,0,0,Değerlendirme,Teminat Yetersiz,2.3,,2.7
BAS01632,İnternet,İhtiyaç Kredisi,Gaziantep,2024-07,21,28450,269196,527,1,0,0,0,Başvuru,,,,0.2
BAS01633,Mobil,İhtiyaç Kredisi,İzmir,2024-05,36,26950,135198,401,1,1,1,0,Onaylandı,,2.3,0.8,3.4
BAS01634,Çağrı Merkezi,İhtiyaç Kredisi,Antalya,2024-03,20,38906,10000,421,1,1,1,1,Kullanım,,2.5,1.3,4.2
BAS01635,Mobil,Taşıt Kredisi,Gaziantep,2024-07,29,8000,331385,684,1,0,0,0,Başvuru,,,,0.3
BAS01636,İnternet,İhtiyaç Kredisi,İzmir,2024-05,54,8000,147769,602,1,1,1,1,Kullanım,,2.1,0.8,3.1
BAS01637,Şube,İhtiyaç Kredisi,Ankara,2024-07,30,8000,217585,530,1,1,0,0,Değerlendirme,Gelir Doğrulanamadı,1.1,,1.4
BAS01638,İnternet,İhtiyaç Kredisi,Bursa,2024-06,31,23372,15644,440,1,1,1,1,Kullanım,,2.6,1.3,4.3
BAS01639,Mobil,İhtiyaç Kredisi,Ankara,2024-12,50,16558,279312,644,1,0,0,0,Başvuru,,,,0.1
BAS01640,Mobil,İhtiyaç Kredisi,İstanbul,2024-07,27,8000,185075,494,1,1,0,0,Değerlendirme,Yaş Sınırı,1.5,,2.0
BAS01641,Çağrı Merkezi,Taşıt Kredisi,Ankara,2024-10,58,8000,455912,509,1,1,0,0,Değerlendirme,Teminat Yetersiz,3.1,,3.5
BAS01642,Mobil,İhtiyaç Kredisi,Ankara,2024-06,40,31027,99915,430,1,0,0,0,Başvuru,,,,0.3
BAS01643,Mobil,İşletme Kredisi,İstanbul,2024-11,62,23596,603997,654,1,1,0,0,Değerlendirme,Teminat Yetersiz,1.3,,1.8
BAS01644,Şube,İhtiyaç Kredisi,Ankara,2024-03,48,40813,119769,530,1,0,0,0,Başvuru,,,,0.2
BAS01645,Şube,İhtiyaç Kredisi,İstanbul,2024-08,31,27544,216259,506,1,1,0,0,Değerlendirme,Yaş Sınırı,0.6,,0.8
BAS01646,Çağrı Merkezi,İhtiyaç Kredisi,Bursa,2024-11,24,42487,302182,410,1,1,1,1,Kullanım,,3.5,1.4,5.2
BAS01647,Şube,Konut Kredisi,Adana,2024-08,45,27043,1740007,758,1,1,0,0,Değerlendirme,Eksik Belge,1.4,,1.8
BAS01648,Mobil,İşletme Kredisi,Konya,2024-02,46,16616,522768,386,1,1,0,0,Değerlendirme,Yaş Sınırı,1.2,,1.4
BAS01649,Şube,İhtiyaç Kredisi,Adana,2024-02,31,23807,47709,391,1,1,0,0,Değerlendirme,Yaş Sınırı,1.9,,2.2
BAS01650,Mobil,İhtiyaç Kredisi,İstanbul,2024-06,55,30687,297778,684,1,1,1,1,Kullanım,,2.0,0.7,2.9
BAS01651,İnternet,İhtiyaç Kredisi,Adana,2024-10,24,8294,65954,401,1,1,1,1,Kullanım,,2.6,0.7,3.7
BAS01652,Mobil,İhtiyaç Kredisi,Gaziantep,2024-01,21,36143,117253,337,1,1,1,1,Kullanım,,1.4,0.7,2.2
BAS01653,Şube,İhtiyaç Kredisi,İzmir,2024-10,54,44859,51340,489,1,1,0,0,Değerlendirme,Teminat Yetersiz,1.1,,1.5
BAS01654,İnternet,İhtiyaç Kredisi,İstanbul,2024-01,36,45240,10000,620,1,0,0,0,Başvuru,,,,0.3
BAS01655,İnternet,İşletme Kredisi,Gaziantep,2024-04,44,15650,551764,585,1,0,0,0,Başvuru,,,,0.4
BAS01656,Mobil,Taşıt Kredisi,İzmir,2024-06,26,21980,461172,444,1,1,1,1,Kullanım,,1.4,0.9,2.5
BAS01657,Çağrı Merkezi,İşletme Kredisi,Konya,2024-12,42,49210,422289,499,1,1,1,0,Onaylandı,,2.6,0.6,3.3
BAS01658,Şube,İhtiyaç Kredisi,Ankara,2024-02,31,22447,209164,481,1,0,0,0,Başvuru,,,,0.4
BAS01659,Mobil,Taşıt Kredisi,Ankara,2024-01,35,43605,403885,596,1,1,1,1,Kullanım,,1.1,0.7,2.2
BAS01660,İnternet,Konut Kredisi,Konya,2024-09,35,40279,1777459,662,1,1,0,0,Değerlendirme,Eksik Belge,2.4,,2.8
BAS01661,Çağrı Merkezi,Konut Kredisi,Bursa,2024-03,34,29795,1627136,505,1,0,0,0,Başvuru,,,,0.5
BAS01662,Şube,Taşıt Kredisi,Antalya,2024-05,40,39199,361789,661,1,1,1,1,Kullanım,,1.6,0.4,2.5
BAS01663,Çağrı Merkezi,İşletme Kredisi,İstanbul,2024-11,54,40535,423545,534,1,1,1,0,Onaylandı,,2.2,1.0,3.7
BAS01664,Mobil,Taşıt Kredisi,Bursa,2024-01,58,21042,336013,696,1,1,1,1,Kullanım,,1.6,0.3,2.0
BAS01665,Mobil,İşletme Kredisi,Antalya,2024-08,47,16054,498232,602,1,1,1,1,Kullanım,,1.4,1.1,3.0
BAS01666,Şube,Taşıt Kredisi,İzmir,2024-02,57,34919,385673,606,1,0,0,0,Başvuru,,,,0.1
BAS01667,Şube,İhtiyaç Kredisi,Bursa,2024-10,50,24964,45776,593,1,1,1,1,Kullanım,,1.0,0.1,1.2
BAS01668,İnternet,Taşıt Kredisi,Gaziantep,2024-12,38,25924,470431,799,1,0,0,0,Başvuru,,,,0.2
BAS01669,Mobil,İhtiyaç Kredisi,Ankara,2024-11,57,39034,113140,750,1,1,1,1,Kullanım,,2.2,0.7,3.4
BAS01670,Şube,İhtiyaç Kredisi,İzmir,2024-11,59,18571,138727,771,1,1,1,1,Kullanım,,0.8,0.8,2.0
BAS01671,Mobil,İhtiyaç Kredisi,İzmir,2024-07,62,34259,190509,754,1,1,0,0,Değerlendirme,Yüksek Borç/Gelir,2.0,,2.4
BAS01672,Çağrı Merkezi,İhtiyaç Kredisi,Gaziantep,2024-07,39,31574,10000,713,1,1,1,1,Kullanım,,1.4,0.6,2.4
BAS01673,Mobil,İhtiyaç Kredisi,Konya,2024-10,45,31172,105080,490,1,1,0,0,Değerlendirme,Teminat Yetersiz,1.3,,1.4
BAS01674,İnternet,İşletme Kredisi,Adana,2024-05,48,31501,442081,602,1,1,1,1,Kullanım,,1.8,0.9,2.9
BAS01675,İnternet,Konut Kredisi,İzmir,2024-09,34,38683,1745415,543,1,1,1,1,Kullanım,,1.8,1.1,3.3
BAS01676,İnternet,Konut Kredisi,Ankara,2024-11,32,33713,1825971,640,1,0,0,0,Başvuru,,,,0.3
BAS01677,Mobil,Konut Kredisi,Antalya,2024-10,52,35525,1752304,603,1,1,0,0,Değerlendirme,Düşük Kredi Skoru,1.6,,1.8
BAS01678,Mobil,İhtiyaç Kredisi,Ankara,2024-03,34,8926,138042,371,1,0,0,0,Başvuru,,,,0.5
BAS01679,Şube,İhtiyaç Kredisi,İstanbul,2024-11,52,37264,77951,636,1,1,1,1,Kullanım,,0.5,0.4,1.2
BAS01680,Mobil,İhtiyaç Kredisi,Konya,2024-03,60,25759,110471,613,1,0,0,0,Başvuru,,,,0.5
BAS01681,Şube,İhtiyaç Kredisi,Gaziantep,2024-11,60,21905,196324,527,1,1,0,0,Değerlendirme,Teminat Yetersiz,1.3,,1.8
BAS01682,Mobil,Taşıt Kredisi,Konya,2024-04,29,30672,280736,548,1,1,0,0,Değerlendirme,Yüksek Borç/Gelir,1.6,,2.1
BAS01683,Mobil,Konut Kredisi,İstanbul,2024-10,49,14676,1851143,641,1,1,0,0,Değerlendirme,Yaş Sınırı,2.4,,2.7
BAS01684,İnternet,İşletme Kredisi,Gaziantep,2024-11,36,34143,410485,462,1,0,0,0,Başvuru,,,,0.2
BAS01685,Mobil,Konut Kredisi,İzmir,2024-02,39,21007,1715423,515,1,1,0,0,Değerlendirme,Gelir Doğrulanamadı,1.5,,1.7
BAS01686,İnternet,İhtiyaç Kredisi,Konya,2024-02,43,14474,135528,608,1,1,1,1,Kullanım,,2.2,1.4,3.9
BAS01687,Şube,Konut Kredisi,Konya,2024-09,40,40107,1752837,522,1,1,1,1,Kullanım,,1.7,0.5,2.5
BAS01688,Mobil,Taşıt Kredisi,İzmir,2024-11,26,35441,566730,540,1,1,0,0,Değerlendirme,Yaş Sınırı,1.7,,2.2
BAS01689,İnternet,İhtiyaç Kredisi,Adana,2024-02,56,27406,46300,756,1,1,0,0,Değerlendirme,Teminat Yetersiz,2.2,,2.5
BAS01690,Mobil,İşletme Kredisi,Adana,2024-06,52,28678,400271,719,1,0,0,0,Başvuru,,,,0.4
BAS01691,İnternet,İhtiyaç Kredisi,Antalya,2024-06,50,8746,199205,525,1,1,1,1,Kullanım,,1.7,0.6,2.8
BAS01692,Mobil,Taşıt Kredisi,Antalya,2024-10,30,43815,372003,640,1,1,1,1,Kullanım,,2.5,0.6,3.4
BAS01693,İnternet,İşletme Kredisi,Antalya,2024-01,23,35548,552829,365,1,1,1,1,Kullanım,,2.4,1.1,4.0
BAS01694,Mobil,İşletme Kredisi,Ankara,2024-03,34,25226,584513,534,1,1,1,1,Kullanım,,1.1,1.4,2.9
BAS01695,Mobil,İşletme Kredisi,Antalya,2024-10,35,24055,452935,689,1,1,0,0,Değerlendirme,Yüksek Borç/Gelir,2.5,,2.7
BAS01696,Mobil,Konut Kredisi,Antalya,2024-01,30,32546,1810877,507,1,0,0,0,Başvuru,,,,0.1
BAS01697,Mobil,Taşıt Kredisi,Konya,2024-06,33,27635,340234,426,1,1,0,0,Değerlendirme,Eksik Belge,2.0,,2.1
BAS01698,Mobil,İhtiyaç Kredisi,Adana,2024-09,25,39694,16145,499,1,1,1,1,Kullanım,,1.9,0.5,2.8
BAS01699,Mobil,Taşıt Kredisi,İzmir,2024-07,49,26558,294454,510,1,1,0,0,Değerlendirme,Eksik Belge,1.5,,1.8
BAS01700,Çağrı Merkezi,İhtiyaç Kredisi,Gaziantep,2024-06,54,44714,153492,900,1,1,1,1,Kullanım,,3.1,1.2,4.4
BAS01701,Şube,Konut Kredisi,Gaziantep,2024-04,62,28242,1896666,638,1,1,1,1,Kullanım,,1.5,0.8,2.7
BAS01702,Mobil,İhtiyaç Kredisi,Ankara,2024-08,25,49246,26224,513,1,1,1,1,Kullanım,,2.2,0.5,3.0
BAS01703,Şube,İhtiyaç Kredisi,Konya,2024-12,32,39248,98098,481,1,1,1,1,Kullanım,,1.3,0.4,2.0
BAS01704,Şube,İşletme Kredisi,İstanbul,2024-09,50,23664,333260,608,1,0,0,0,Başvuru,,,,0.5
BAS01705,Mobil,Taşıt Kredisi,Ankara,2024-05,36,48307,336979,736,1,1,0,0,Değerlendirme,Yüksek Borç/Gelir,2.2,,2.5
BAS01706,Mobil,İhtiyaç Kredisi,İstanbul,2024-10,30,28692,87100,477,1,0,0,0,Başvuru,,,,0.3
BAS01707,Mobil,Konut Kredisi,Gaziantep,2024-08,24,56658,1689563,538,1,0,0,0,Başvuru,,,,0.3
BAS01708,Mobil,Konut Kredisi,Gaziantep,2024-06,49,16410,1599587,625,1,1,1,1,Kullanım,,1.1,0.4,1.9
BAS01709,Mobil,İhtiyaç Kredisi,Adana,2024-01,62,41849,80509,737,1,1,1,1,Kullanım,,1.8,1.6,3.6
BAS01710,Mobil,İhtiyaç Kredisi,İstanbul,2024-07,48,34752,154624,553,1,0,0,0,Başvuru,,,,0.1
BAS01711,Şube,İhtiyaç Kredisi,Konya,2024-11,59,21720,181100,544,1,1,0,0,Değerlendirme,Gelir Doğrulanamadı,1.1,,1.4
BAS01712,Çağrı Merkezi,Konut Kredisi,Adana,2024-09,60,39535,1751399,759,1,1,1,0,Onaylandı,,2.8,1.1,4.3
BAS01713,Mobil,İhtiyaç Kredisi,Ankara,2024-04,51,36022,68506,692,1,0,0,0,Başvuru,,,,0.3
BAS01714,Şube,İhtiyaç Kredisi,Adana,2024-05,35,17764,10000,500,1,1,0,0,Değerlendirme,Düşük Kredi Skoru,0.7,,1.0
BAS01715,Mobil,Taşıt Kredisi,İstanbul,2024-11,55,12093,366675,542,1,1,1,0,Onaylandı,,2.6,1.3,4.0
BAS01716,Şube,İşletme Kredisi,Konya,2024-11,52,34296,400213,500,1,1,1,0,Onaylandı,,0.6,0.4,1.2
BAS01717,Mobil,İşletme Kredisi,İzmir,2024-01,27,48667,611128,546,1,1,1,1,Kullanım,,2.2,0.9,3.4
BAS01718,Çağrı Merkezi,İhtiyaç Kredisi,İstanbul,2024-05,44,37387,213768,620,1,0,0,0,Başvuru,,,,0.2
BAS01719,İnternet,Konut Kredisi,Antalya,2024-04,58,42730,1860111,601,1,0,0,0,Başvuru,,,,0.2
BAS01720,İnternet,İşletme Kredisi,Konya,2024-05,62,22190,447617,579,1,0,0,0,Başvuru,,,,0.3
BAS01721,İnternet,Taşıt Kredisi,Konya,2024-02,25,37815,393762,386,1,1,0,0,Değerlendirme,Düşük Kredi Skoru,1.7,,2.1
BAS01722,Mobil,Konut Kredisi,İzmir,2024-10,46,15463,1694793,517,1,1,1,0,Onaylandı,,1.8,0.4,2.5
BAS01723,Çağrı Merkezi,İhtiyaç Kredisi,Antalya,2024-07,58,25929,196667,587,1,0,0,0,Başvuru,,,,0.3
BAS01724,Şube,İhtiyaç Kredisi,Antalya,2024-11,56,32056,260645,632,1,1,0,0,Değerlendirme,Teminat Yetersiz,1.5,,1.8
BAS01725,Mobil,İşletme Kredisi,Bursa,2024-11,30,27409,286041,539,1,1,0,0,Değerlendirme,Yüksek Borç/Gelir,2.2,,2.4
BAS01726,İnternet,İhtiyaç Kredisi,Konya,2024-11,50,20241,97510,590,1,1,0,0,Değerlendirme,Düşük Kredi Skoru,3.2,,3.7
BAS01727,Mobil,Taşıt Kredisi,İstanbul,2024-09,25,11885,461548,494,1,1,0,0,Değerlendirme,Gelir Doğrulanamadı,2.3,,2.4
BAS01728,Mobil,Konut Kredisi,Bursa,2024-12,58,25831,1869858,605,1,0,0,0,Başvuru,,,,0.3
BAS01729,Şube,Taşıt Kredisi,Bursa,2024-08,42,15705,230255,661,1,1,1,1,Kullanım,,1.1,0.4,1.9
BAS01730,İnternet,İşletme Kredisi,Ankara,2024-07,49,28267,467531,596,1,1,0,0,Değerlendirme,Gelir Doğrulanamadı,3.1,,3.3
BAS01731,Şube,İşletme Kredisi,İstanbul,2024-04,58,8000,490456,715,1,1,1,1,Kullanım,,1.3,0.5,2.2
BAS01732,Şube,Konut Kredisi,Konya,2024-08,43,55713,1819876,638,1,1,1,1,Kullanım,,1.3,0.4,1.8
BAS01733,Mobil,Taşıt Kredisi,İzmir,2024-02,24,29115,388657,619,1,1,1,0,Onaylandı,,1.6,1.0,3.0
BAS01734,İnternet,Konut Kredisi,Konya,2024-01,31,30366,1888493,553,1,1,1,1,Kullanım,,1.8,1.2,3.3
BAS01735,Şube,İşletme Kredisi,İstanbul,2024-06,44,29695,483918,364,1,1,1,1,Kullanım,,1.0,0.7,2.2
BAS01736,İnternet,İhtiyaç Kredisi,Antalya,2024-08,48,39392,112477,750,1,0,0,0,Başvuru,,,,0.4
BAS01737,Mobil,Konut Kredisi,İzmir,2024-03,25,18961,1709175,471,1,1,1,1,Kullanım,,2.2,0.7,3.3
BAS01738,İnternet,Taşıt Kredisi,Konya,2024-06,23,48391,396734,475,1,1,0,0,Değerlendirme,Eksik Belge,1.9,,2.4
BAS01739,Çağrı Merkezi,Konut Kredisi,Konya,2024-12,56,8000,1750841,713,1,1,1,1,Kullanım,,2.7,1.3,4.3
BAS01740,Çağrı Merkezi,Taşıt Kredisi,Antalya,2024-04,41,22935,357198,710,1,0,0,0,Başvuru,,,,0.3
BAS01741,Şube,İhtiyaç Kredisi,Konya,2024-03,43,47584,80696,536,1,1,0,0,Değerlendirme,Yaş Sınırı,0.4,,0.6
BAS01742,İnternet,Konut Kredisi,Bursa,2024-08,29,42130,1907397,518,1,1,1,1,Kullanım,,2.6,0.8,3.5
BAS01743,İnternet,İhtiyaç Kredisi,Bursa,2024-05,50,17248,53395,434,1,1,0,0,Değerlendirme,Yüksek Borç/Gelir,1.3,,1.6
BAS01744,Şube,İhtiyaç Kredisi,Gaziantep,2024-09,53,27340,93182,707,1,1,0,0,Değerlendirme,Yaş Sınırı,1.6,,1.8
BAS01745,Şube,İhtiyaç Kredisi,Bursa,2024-02,26,33380,27869,506,1,1,1,1,Kullanım,,1.3,0.3,1.7
BAS01746,Şube,Konut Kredisi,Adana,2024-08,54,12649,1915563,713,1,1,1,1,Kullanım,,1.2,1.1,2.5
BAS01747,Şube,Konut Kredisi,İstanbul,2024-05,25,27104,1766749,404,1,1,1,1,Kullanım,,0.7,0.9,2.0
BAS01748,Mobil,İhtiyaç Kredisi,Konya,2024-07,44,23679,99731,541,1,1,1,1,Kullanım,,2.1,1.1,3.6
BAS01749,Mobil,Taşıt Kredisi,İstanbul,2024-12,53,40481,511635,734,1,0,0,0,Başvuru,,,,0.1
BAS01750,Mobil,İhtiyaç Kredisi,İstanbul,2024-01,61,50733,141096,796,1,1,0,0,Değerlendirme,Teminat Yetersiz,1.5,,1.7
BAS01751,Mobil,İhtiyaç Kredisi,Gaziantep,2024-02,22,42404,145777,532,1,1,1,0,Onaylandı,,2.2,0.6,3.3
BAS01752,İnternet,Konut Kredisi,İstanbul,2024-11,31,32750,1753439,515,1,1,1,1,Kullanım,,1.6,1.3,3.1
BAS01753,Mobil,İhtiyaç Kredisi,İstanbul,2024-06,24,17656,175616,432,1,0,0,0,Başvuru,,,,0.4
BAS01754,İnternet,Taşıt Kredisi,Gaziantep,2024-10,51,23222,261591,695,1,1,1,1,Kullanım,,1.6,0.8,2.5
BAS01755,Mobil,İhtiyaç Kredisi,Konya,2024-04,46,31299,183393,605,1,0,0,0,Başvuru,,,,0.1
BAS01756,Çağrı Merkezi,İşletme Kredisi,Antalya,2024-08,56,48439,505342,707,1,1,0,0,Değerlendirme,Eksik Belge,2.9,,3.3
BAS01757,Şube,İhtiyaç Kredisi,Antalya,2024-10,58,37017,302379,671,1,1,1,1,Kullanım,,1.3,0.6,2.2
BAS01758,Mobil,İhtiyaç Kredisi,Antalya,2024-11,41,46212,155954,380,1,1,0,0,Değerlendirme,Yaş Sınırı,2.4,,2.8
BAS01759,Şube,İhtiyaç Kredisi,İstanbul,2024-02,22,12007,111328,564,1,1,1,0,Onaylandı,,1.4,0.6,2.2
BAS01760,Mobil,Taşıt Kredisi,Gaziantep,2024-08,36,52029,245264,586,1,1,0,0,Değerlendirme,Teminat Yetersiz,1.8,,2.2
BAS01761,Mobil,İşletme Kredisi,Adana,2024-02,42,9047,588127,402,1,1,1,1,Kullanım,,1.9,0.2,2.4
BAS01762,Çağrı Merkezi,İhtiyaç Kredisi,Bursa,2024-03,27,36372,91624,441,1,1,0,0,Değerlendirme,Eksik Belge,2.2,,2.7
BAS01763,Çağrı Merkezi,İhtiyaç Kredisi,Adana,2024-02,47,14010,90945,520,1,1,1,0,Onaylandı,,2.7,1.2,4.2
BAS01764,Mobil,Konut Kredisi,İzmir,2024-05,42,23459,1899554,585,1,1,0,0,Değerlendirme,Yaş Sınırı,2.2,,2.4
BAS01765,Mobil,Taşıt Kredisi,İstanbul,2024-04,35,28993,310075,493,1,1,0,0,Değerlendirme,Eksik Belge,1.3,,1.6
BAS01766,Çağrı Merkezi,İşletme Kredisi,Ankara,2024-07,45,16393,646637,614,1,1,1,0,Onaylandı,,2.3,1.1,3.8
BAS01767,İnternet,Konut Kredisi,İstanbul,2024-12,37,42872,1851635,536,1,1,1,1,Kullanım,,2.2,0.8,3.3
BAS01768,Çağrı Merkezi,İhtiyaç Kredisi,İzmir,2024-08,51,26211,10000,597,1,1,1,0,Onaylandı,,1.7,1.4,3.5
BAS01769,İnternet,İhtiyaç Kredisi,Bursa,2024-03,20,46606,295982,546,1,0,0,0,Başvuru,,,,0.2
BAS01770,Şube,İhtiyaç Kredisi,Konya,2024-12,55,29364,278133,683,1,1,1,1,Kullanım,,1.4,0.2,1.8
BAS01771,Çağrı Merkezi,Konut Kredisi,Ankara,2024-01,29,34454,1812330,576,1,1,1,1,Kullanım,,2.7,1.6,4.7
BAS01772,Mobil,İhtiyaç Kredisi,Ankara,2024-11,45,29543,170753,533,1,0,0,0,Başvuru,,,,0.2
BAS01773,İnternet,Konut Kredisi,İzmir,2024-08,57,16552,1915803,721,1,1,0,0,Değerlendirme,Eksik Belge,2.8,,3.0
BAS01774,Mobil,İhtiyaç Kredisi,Ankara,2024-08,39,21159,198010,671,1,0,0,0,Başvuru,,,,0.1
BAS01775,Çağrı Merkezi,Taşıt Kredisi,İstanbul,2024-05,34,19115,342881,554,1,1,1,1,Kullanım,,1.6,1.8,3.5
BAS01776,Mobil,İhtiyaç Kredisi,Konya,2024-07,49,35063,76159,539,1,1,0,0,Değerlendirme,Düşük Kredi Skoru,0.8,,0.9
BAS01777,Mobil,İşletme Kredisi,Konya,2024-11,54,54709,445369,687,1,1,1,1,Kullanım,,1.1,0.7,2.1
BAS01778,Mobil,İhtiyaç Kredisi,Adana,2024-02,40,47004,203337,478,1,1,0,0,Değerlendirme,Düşük Kredi Skoru,1.7,,2.1
BAS01779,Şube,Konut Kredisi,Gaziantep,2024-09,25,47231,1824786,540,1,1,0,0,Değerlendirme,Eksik Belge,1.6,,1.7
BAS01780,Mobil,İhtiyaç Kredisi,Konya,2024-06,35,9374,180951,580,1,1,0,0,Değerlendirme,Gelir Doğrulanamadı,1.2,,1.3
BAS01781,Mobil,İşletme Kredisi,İzmir,2024-09,39,58528,498682,674,1,1,0,0,Değerlendirme,Yüksek Borç/Gelir,2.0,,2.5
BAS01782,Mobil,İhtiyaç Kredisi,Ankara,2024-03,54,26022,100899,692,1,1,0,0,Değerlendirme,Yüksek Borç/Gelir,2.4,,2.5
BAS01783,Şube,İhtiyaç Kredisi,Bursa,2024-01,60,8000,10000,611,1,1,1,1,Kullanım,,0.7,0.4,1.3
BAS01784,Şube,Konut Kredisi,İstanbul,2024-07,44,13146,1869741,571,1,1,1,1,Kullanım,,0.8,0.5,1.5
BAS01785,Çağrı Merkezi,Taşıt Kredisi,Antalya,2024-09,31,14581,220311,456,1,1,1,0,Onaylandı,,3.4,1.1,4.9
BAS01786,Mobil,İhtiyaç Kredisi,Gaziantep,2024-07,42,39956,10000,512,1,1,1,1,Kullanım,,2.2,1.1,3.5
BAS01787,Mobil,Konut Kredisi,Konya,2024-05,51,34110,1814155,564,1,1,1,1,Kullanım,,2.1,0.5,2.9
BAS01788,Şube,İşletme Kredisi,Gaziantep,2024-12,23,22946,498411,519,1,1,1,1,Kullanım,,1.9,0.3,2.7
BAS01789,Şube,İşletme Kredisi,Konya,2024-11,35,34642,493904,613,1,1,0,0,Değerlendirme,Teminat Yetersiz,1.0,,1.3
BAS01790,Şube,İhtiyaç Kredisi,Antalya,2024-03,53,36939,52474,669,1,1,1,1,Kullanım,,1.3,0.5,2.2
BAS01791,Mobil,Taşıt Kredisi,Ankara,2024-08,40,8000,241106,529,1,0,0,0,Başvuru,,,,0.2
BAS01792,Mobil,Konut Kredisi,İstanbul,2024-04,59,48741,1791426,613,1,1,0,0,Değerlendirme,Gelir Doğrulanamadı,1.7,,1.9
BAS01793,Çağrı Merkezi,Taşıt Kredisi,İzmir,2024-01,24,37397,332124,486,1,0,0,0,Başvuru,,,,0.3
BAS01794,Şube,İhtiyaç Kredisi,Antalya,2024-12,39,41562,55066,540,1,1,0,0,Değerlendirme,Eksik Belge,1.0,,1.5
BAS01795,Şube,İhtiyaç Kredisi,Ankara,2024-09,32,28335,92642,512,1,0,0,0,Başvuru,,,,0.4
BAS01796,Şube,İşletme Kredisi,İstanbul,2024-12,54,29701,460887,739,1,1,0,0,Değerlendirme,Gelir Doğrulanamadı,0.6,,1.0
BAS01797,Mobil,İşletme Kredisi,Konya,2024-06,35,9842,473497,540,1,0,0,0,Başvuru,,,,0.4
BAS01798,Mobil,İhtiyaç Kredisi,Gaziantep,2024-10,60,8000,262822,571,1,1,0,0,Değerlendirme,Eksik Belge,1.5,,1.9
BAS01799,Mobil,İhtiyaç Kredisi,Gaziantep,2024-09,22,28006,54962,498,1,1,1,1,Kullanım,,1.6,0.3,2.1
BAS01800,Mobil,İhtiyaç Kredisi,Ankara,2024-04,61,13193,245615,859,1,0,0,0,Başvuru,,,,0.3
BAS01801,Şube,Konut Kredisi,Antalya,2024-06,56,23592,1829288,614,1,1,0,0,Değerlendirme,Yüksek Borç/Gelir,1.2,,1.6
BAS01802,Şube,Taşıt Kredisi,Adana,2024-03,33,10911,452168,423,1,1,0,0,Değerlendirme,Yüksek Borç/Gelir,0.9,,1.3
BAS01803,İnternet,Taşıt Kredisi,Antalya,2024-01,50,58097,356009,762,1,1,1,1,Kullanım,,2.1,0.7,3.2
BAS01804,Mobil,Taşıt Kredisi,Gaziantep,2024-04,49,47178,350225,617,1,1,1,1,Kullanım,,1.8,0.3,2.3
BAS01805,Şube,İhtiyaç Kredisi,Adana,2024-08,36,30743,69878,647,1,1,1,1,Kullanım,,1.2,0.7,2.1
BAS01806,Şube,İşletme Kredisi,Antalya,2024-03,53,42681,509784,506,1,1,0,0,Değerlendirme,Yaş Sınırı,0.8,,1.3
BAS01807,Şube,İhtiyaç Kredisi,Adana,2024-11,43,9629,99378,396,1,1,1,1,Kullanım,,2.0,0.5,3.0
BAS01808,İnternet,İşletme Kredisi,İzmir,2024-12,51,24887,380250,481,1,1,0,0,Değerlendirme,Gelir Doğrulanamadı,2.1,,2.5
BAS01809,İnternet,Konut Kredisi,Bursa,2024-02,62,41861,1873438,655,1,1,0,0,Değerlendirme,Gelir Doğrulanamadı,2.7,,3.1
BAS01810,Mobil,Taşıt Kredisi,İstanbul,2024-12,28,30240,460864,527,1,0,0,0,Başvuru,,,,0.2
BAS01811,Şube,Taşıt Kredisi,İstanbul,2024-11,21,48010,358405,424,1,1,1,1,Kullanım,,2.1,0.3,2.6
BAS01812,İnternet,Taşıt Kredisi,Gaziantep,2024-04,35,13878,470914,546,1,0,0,0,Başvuru,,,,0.1
BAS01813,Mobil,İhtiyaç Kredisi,İzmir,2024-03,29,39836,174399,386,1,1,1,1,Kullanım,,1.1,0.7,2.0
BAS01814,Şube,İhtiyaç Kredisi,Bursa,2024-08,32,42208,182780,486,1,0,0,0,Başvuru,,,,0.4
BAS01815,Mobil,İhtiyaç Kredisi,İzmir,2024-03,50,36191,125283,663,1,1,1,1,Kullanım,,2.8,1.3,4.4
BAS01816,Şube,İhtiyaç Kredisi,Gaziantep,2024-08,23,39231,181029,537,1,1,1,1,Kullanım,,0.9,1.0,2.3
BAS01817,Mobil,Taşıt Kredisi,Antalya,2024-09,57,71986,393119,732,1,1,1,1,Kullanım,,1.3,0.7,2.3
BAS01818,Çağrı Merkezi,İhtiyaç Kredisi,İzmir,2024-05,20,8000,111916,437,1,1,0,0,Değerlendirme,Yüksek Borç/Gelir,2.1,,2.3
BAS01819,Mobil,İşletme Kredisi,Gaziantep,2024-02,25,15021,465624,521,1,1,0,0,Değerlendirme,Düşük Kredi Skoru,2.0,,2.3
BAS01820,İnternet,Konut Kredisi,Gaziantep,2024-01,37,12777,1900155,479,1,1,1,1,Kullanım,,1.5,0.8,2.7
BAS01821,Mobil,Taşıt Kredisi,Bursa,2024-03,21,28127,635620,330,1,1,1,1,Kullanım,,1.4,0.8,2.5
BAS01822,Mobil,Konut Kredisi,İzmir,2024-11,49,38271,1836570,532,1,1,0,0,Değerlendirme,Düşük Kredi Skoru,1.1,,1.4
BAS01823,Mobil,İşletme Kredisi,İstanbul,2024-05,28,37082,404224,448,1,1,1,1,Kullanım,,1.9,1.1,3.4
BAS01824,Şube,İşletme Kredisi,Gaziantep,2024-05,56,13130,546697,561,1,1,1,1,Kullanım,,1.2,0.8,2.4
BAS01825,İnternet,Taşıt Kredisi,Adana,2024-12,32,27659,310021,538,1,1,0,0,Değerlendirme,Yaş Sınırı,2.7,,2.9
BAS01826,Mobil,İşletme Kredisi,İzmir,2024-07,35,8000,509067,460,1,1,0,0,Değerlendirme,Yüksek Borç/Gelir,2.4,,2.6
BAS01827,İnternet,Konut Kredisi,İzmir,2024-01,42,29947,1775168,489,1,1,0,0,Değerlendirme,Yaş Sınırı,1.8,,2.1
BAS01828,Mobil,Konut Kredisi,Adana,2024-04,53,14053,1787274,543,1,1,0,0,Değerlendirme,Yüksek Borç/Gelir,1.9,,2.1
BAS01829,İnternet,Konut Kredisi,Ankara,2024-08,42,41130,1885316,661,1,0,0,0,Başvuru,,,,0.3
BAS01830,Şube,Konut Kredisi,Bursa,2024-09,61,14676,1834777,577,1,0,0,0,Başvuru,,,,0.1
BAS01831,Mobil,Konut Kredisi,Bursa,2024-03,28,14262,1734254,300,1,1,1,1,Kullanım,,2.6,0.9,3.9
BAS01832,İnternet,İşletme Kredisi,Konya,2024-05,47,8000,479353,610,1,1,1,1,Kullanım,,1.6,1.2,2.9
BAS01833,Şube,İşletme Kredisi,Gaziantep,2024-12,55,8000,414425,465,1,0,0,0,Başvuru,,,,0.5
BAS01834,Mobil,Taşıt Kredisi,Konya,2024-04,46,22293,468311,524,1,0,0,0,Başvuru,,,,0.5
BAS01835,Mobil,İhtiyaç Kredisi,Konya,2024-11,31,26491,100836,449,1,0,0,0,Başvuru,,,,0.2
BAS01836,Mobil,Konut Kredisi,Gaziantep,2024-11,24,31803,1796213,523,1,1,0,0,Değerlendirme,Gelir Doğrulanamadı,2.4,,2.6
BAS01837,Mobil,Taşıt Kredisi,Adana,2024-12,48,34267,345629,756,1,1,0,0,Değerlendirme,Yaş Sınırı,1.3,,1.6
BAS01838,Mobil,İhtiyaç Kredisi,İzmir,2024-10,44,8000,248652,595,1,1,0,0,Değerlendirme,Yaş Sınırı,2.3,,2.6
BAS01839,İnternet,İhtiyaç Kredisi,Ankara,2024-07,53,28508,261105,616,1,1,1,1,Kullanım,,1.9,1.3,3.5
BAS01840,Şube,Taşıt Kredisi,Konya,2024-03,53,40988,399824,825,1,1,1,0,Onaylandı,,1.8,0.3,2.4
BAS01841,Mobil,İhtiyaç Kredisi,Gaziantep,2024-03,61,38926,234632,675,1,0,0,0,Başvuru,,,,0.2
BAS01842,Mobil,İhtiyaç Kredisi,Bursa,2024-05,47,43637,43378,561,1,1,0,0,Değerlendirme,Eksik Belge,2.8,,3.0
BAS01843,İnternet,İşletme Kredisi,İstanbul,2024-05,53,34736,446686,638,1,1,1,0,Onaylandı,,0.9,0.5,1.8
BAS01844,Mobil,Konut Kredisi,İstanbul,2024-02,46,8000,1860426,514,1,1,0,0,Değerlendirme,Gelir Doğrulanamadı,2.9,,3.1
BAS01845,İnternet,İhtiyaç Kredisi,Adana,2024-08,41,10680,56339,470,1,0,0,0,Başvuru,,,,0.3
BAS01846,İnternet,İhtiyaç Kredisi,Antalya,2024-11,47,9308,155222,648,1,1,0,0,Değerlendirme,Yaş Sınırı,2.1,,2.5
BAS01847,İnternet,İşletme Kredisi,İstanbul,2024-09,43,23243,404908,517,1,1,0,0,Değerlendirme,Eksik Belge,2.6,,2.9
BAS01848,Mobil,İşletme Kredisi,İzmir,2024-05,41,33059,467869,514,1,1,1,0,Onaylandı,,1.9,0.6,2.6
BAS01849,Şube,Konut Kredisi,Adana,2024-06,44,36310,1805036,634,1,0,0,0,Başvuru,,,,0.2
BAS01850,Mobil,Taşıt Kredisi,Adana,2024-07,56,8000,272524,525,1,0,0,0,Başvuru,,,,0.1
BAS01851,İnternet,İhtiyaç Kredisi,Adana,2024-05,56,24429,122429,685,1,1,1,1,Kullanım,,1.3,1.0,2.6
BAS01852,Mobil,İşletme Kredisi,İstanbul,2024-02,49,36098,432372,566,1,1,1,0,Onaylandı,,2.2,0.6,3.3
BAS01853,İnternet,Taşıt Kredisi,Antalya,2024-11,51,8000,437273,571,1,1,0,0,Değerlendirme,Yüksek Borç/Gelir,1.8,,2.0
BAS01854,Mobil,Konut Kredisi,Bursa,2024-08,21,29112,1778020,488,1,1,0,0,Değerlendirme,Eksik Belge,1.5,,1.8
BAS01855,İnternet,İhtiyaç Kredisi,Antalya,2024-10,45,22427,51693,578,1,0,0,0,Başvuru,,,,0.4
BAS01856,Mobil,Taşıt Kredisi,Adana,2024-04,48,27300,405712,516,1,1,0,0,Değerlendirme,Yaş Sınırı,1.2,,1.5
BAS01857,İnternet,İhtiyaç Kredisi,Ankara,2024-06,25,49717,82813,486,1,0,0,0,Başvuru,,,,0.2
BAS01858,Şube,Konut Kredisi,İstanbul,2024-02,58,41076,1695929,538,1,1,1,0,Onaylandı,,1.4,0.5,2.4
BAS01859,Mobil,İhtiyaç Kredisi,Gaziantep,2024-04,39,43896,141814,640,1,0,0,0,Başvuru,,,,0.3
BAS01860,İnternet,İhtiyaç Kredisi,Adana,2024-08,32,30954,106762,493,1,1,0,0,Değerlendirme,Yaş Sınırı,2.0,,2.3
BAS01861,Mobil,İhtiyaç Kredisi,Antalya,2024-10,31,16584,146892,570,1,0,0,0,Başvuru,,,,0.3
BAS01862,Şube,İhtiyaç Kredisi,Bursa,2024-09,44,35748,69746,654,1,1,1,1,Kullanım,,0.1,0.8,1.4
BAS01863,Şube,İhtiyaç Kredisi,İstanbul,2024-08,38,29708,139696,591,1,1,1,1,Kullanım,,0.4,-0.0,0.6
BAS01864,Şube,Konut Kredisi,Antalya,2024-02,58,31390,1629765,677,1,1,1,0,Onaylandı,,1.5,0.3,2.3
BAS01865,İnternet,Konut Kredisi,Ankara,2024-02,28,35434,1780024,510,1,1,1,1,Kullanım,,2.8,1.1,4.2
BAS01866,İnternet,İhtiyaç Kredisi,Adana,2024-06,37,8000,35513,608,1,1,0,0,Değerlendirme,Eksik Belge,2.4,,2.7
BAS01867,Şube,İşletme Kredisi,Ankara,2024-01,59,12286,469332,425,1,0,0,0,Başvuru,,,,0.3
BAS01868,Mobil,İşletme Kredisi,Ankara,2024-05,28,23647,440590,457,1,0,0,0,Başvuru,,,,0.2
BAS01869,Şube,İşletme Kredisi,Antalya,2024-08,47,29961,371890,600,1,1,1,1,Kullanım,,1.6,0.4,2.4
BAS01870,Çağrı Merkezi,İhtiyaç Kredisi,Ankara,2024-06,34,37302,59991,667,1,0,0,0,Başvuru,,,,0.4
BAS01871,Şube,İhtiyaç Kredisi,Bursa,2024-12,37,41206,177852,592,1,1,1,1,Kullanım,,1.8,0.5,2.4
BAS01872,Şube,Konut Kredisi,Konya,2024-09,49,46811,1591069,708,1,1,1,1,Kullanım,,1.1,0.6,1.8
BAS01873,Mobil,İhtiyaç Kredisi,İstanbul,2024-06,22,34871,147504,467,1,1,0,0,Değerlendirme,Yüksek Borç/Gelir,1.8,,2.0
BAS01874,Mobil,Taşıt Kredisi,Bursa,2024-06,45,17543,395465,441,1,1,1,1,Kullanım,,1.0,0.8,2.1
BAS01875,Mobil,Konut Kredisi,Bursa,2024-01,61,52979,1921137,583,1,1,0,0,Değerlendirme,Yaş Sınırı,1.1,,1.5
BAS01876,Mobil,Taşıt Kredisi,İstanbul,2024-10,62,30325,421938,802,1,1,1,1,Kullanım,,2.1,1.0,3.5
BAS01877,Mobil,Taşıt Kredisi,İzmir,2024-06,37,8000,204115,620,1,1,1,1,Kullanım,,1.8,0.9,3.0
BAS01878,Şube,Konut Kredisi,Gaziantep,2024-02,32,25663,1605888,497,1,1,0,0,Değerlendirme,Yüksek Borç/Gelir,1.2,,1.4
BAS01879,Mobil,Konut Kredisi,Antalya,2024-09,23,40511,1761927,576,1,1,0,0,Değerlendirme,Eksik Belge,1.8,,2.1
BAS01880,Mobil,Konut Kredisi,İstanbul,2024-10,51,18511,1839729,474,1,1,1,1,Kullanım,,1.9,0.2,2.2
BAS01881,Mobil,Taşıt Kredisi,Adana,2024-09,48,21116,347446,495,1,1,0,0,Değerlendirme,Gelir Doğrulanamadı,1.2,,1.4
BAS01882,Şube,Taşıt Kredisi,İzmir,2024-02,59,26233,276865,654,1,1,0,0,Değerlendirme,Yaş Sınırı,1.7,,2.1
BAS01883,İnternet,Taşıt Kredisi,İzmir,2024-01,40,11944,367768,599,1,1,1,1,Kullanım,,2.0,0.7,2.8
BAS01884,Mobil,Taşıt Kredisi,İzmir,2024-04,33,58250,283070,682,1,1,0,0,Değerlendirme,Teminat Yetersiz,1.6,,1.8
BAS01885,İnternet,İhtiyaç Kredisi,Gaziantep,2024-05,45,8000,111042,534,1,0,0,0,Başvuru,,,,0.3
BAS01886,Mobil,Konut Kredisi,Ankara,2024-04,60,52593,1735651,708,1,1,0,0,Değerlendirme,Eksik Belge,1.4,,1.5
BAS01887,Şube,İhtiyaç Kredisi,İstanbul,2024-05,27,45093,119205,626,1,1,1,0,Onaylandı,,1.1,0.3,1.9
BAS01888,Şube,İhtiyaç Kredisi,İzmir,2024-07,59,17877,181345,587,1,0,0,0,Başvuru,,,,0.2
BAS01889,Mobil,İhtiyaç Kredisi,Bursa,2024-01,53,11497,171033,670,1,1,0,0,Değerlendirme,Teminat Yetersiz,1.7,,2.0
BAS01890,Şube,İşletme Kredisi,İstanbul,2024-10,21,8000,382786,416,1,1,1,1,Kullanım,,1.0,0.1,1.5
BAS01891,Şube,İhtiyaç Kredisi,Antalya,2024-09,59,30564,10000,640,1,1,1,0,Onaylandı,,0.7,0.6,1.4
BAS01892,Mobil,Taşıt Kredisi,İzmir,2024-12,44,18231,461204,606,1,1,0,0,Değerlendirme,Düşük Kredi Skoru,1.9,,2.4
BAS01893,Mobil,İhtiyaç Kredisi,Antalya,2024-04,35,8000,101772,466,1,1,0,0,Değerlendirme,Gelir Doğrulanamadı,1.9,,2.3
BAS01894,Çağrı Merkezi,İhtiyaç Kredisi,Adana,2024-02,35,28348,80028,385,1,1,1,1,Kullanım,,2.2,1.1,3.7
BAS01895,Şube,İşletme Kredisi,Gaziantep,2024-06,39,33457,430976,660,1,1,1,1,Kullanım,,2.0,0.2,2.5
BAS01896,Mobil,İhtiyaç Kredisi,İzmir,2024-09,57,28712,116697,658,1,1,0,0,Değerlendirme,Teminat Yetersiz,1.6,,1.9
BAS01897,Mobil,İhtiyaç Kredisi,İzmir,2024-09,28,26203,115055,414,1,0,0,0,Başvuru,,,,0.4
BAS01898,Şube,Taşıt Kredisi,Antalya,2024-07,23,30265,407953,506,1,1,1,1,Kullanım,,2.1,0.6,2.9
BAS01899,Mobil,Taşıt Kredisi,Ankara,2024-01,60,21331,441323,725,1,1,0,0,Değerlendirme,Düşük Kredi Skoru,2.4,,2.8
BAS01900,Mobil,Konut Kredisi,Konya,2024-03,35,51966,1870922,506,1,1,1,1,Kullanım,,2.4,0.4,3.2
BAS01901,Şube,İhtiyaç Kredisi,Ankara,2024-12,59,34079,203939,621,1,1,1,1,Kullanım,,1.0,0.6,1.9
BAS01902,Mobil,İhtiyaç Kredisi,Gaziantep,2024-03,31,17810,45144,543,1,1,0,0,Değerlendirme,Teminat Yetersiz,2.4,,2.9
BAS01903,Çağrı Merkezi,İhtiyaç Kredisi,Gaziantep,2024-11,50,26251,70928,559,1,1,1,1,Kullanım,,2.3,1.0,3.7
BAS01904,İnternet,İhtiyaç Kredisi,Gaziantep,2024-07,45,39281,289508,647,1,1,1,1,Kullanım,,2.2,1.8,4.1
BAS01905,Mobil,İhtiyaç Kredisi,İzmir,2024-08,61,8000,10000,706,1,1,1,1,Kullanım,,2.6,1.0,4.1
BAS01906,İnternet,Taşıt Kredisi,İzmir,2024-10,21,50055,329404,530,1,1,1,1,Kullanım,,2.4,0.7,3.3
BAS01907,Şube,Konut Kredisi,Konya,2024-07,31,24261,1726063,612,1,1,0,0,Değerlendirme,Düşük Kredi Skoru,1.9,,2.3
BAS01908,Mobil,İşletme Kredisi,Ankara,2024-05,28,16102,476888,591,1,1,0,0,Değerlendirme,Teminat Yetersiz,1.3,,1.8
BAS01909,Mobil,İhtiyaç Kredisi,İzmir,2024-04,38,36921,111771,609,1,0,0,0,Başvuru,,,,0.1
BAS01910,Şube,İhtiyaç Kredisi,Adana,2024-02,31,13300,131649,448,1,1,0,0,Değerlendirme,Eksik Belge,1.7,,1.9
BAS01911,Mobil,Konut Kredisi,Adana,2024-04,29,34015,1820883,562,1,1,1,1,Kullanım,,2.1,0.4,2.8
BAS01912,Mobil,İhtiyaç Kredisi,Konya,2024-09,48,37118,165921,576,1,1,1,1,Kullanım,,0.7,1.4,2.4
BAS01913,Şube,İşletme Kredisi,Antalya,2024-01,44,22340,527114,659,1,1,0,0,Değerlendirme,Teminat Yetersiz,1.2,,1.6
BAS01914,İnternet,İhtiyaç Kredisi,İzmir,2024-09,35,19375,120971,515,1,1,0,0,Değerlendirme,Eksik Belge,2.4,,2.7
BAS01915,İnternet,Konut Kredisi,Gaziantep,2024-12,59,25780,1693364,771,1,0,0,0,Başvuru,,,,0.4
BAS01916,Şube,İhtiyaç Kredisi,İstanbul,2024-05,33,27129,21678,488,1,1,1,1,Kullanım,,1.9,0.5,2.6
BAS01917,Mobil,İhtiyaç Kredisi,Bursa,2024-10,51,42664,227864,534,1,0,0,0,Başvuru,,,,0.3
BAS01918,İnternet,İhtiyaç Kredisi,İstanbul,2024-09,41,28985,71580,570,1,1,1,1,Kullanım,,2.7,0.7,3.8
BAS01919,İnternet,İşletme Kredisi,İstanbul,2024-04,36,32025,455569,648,1,0,0,0,Başvuru,,,,0.3
BAS01920,Mobil,İhtiyaç Kredisi,Ankara,2024-07,51,17003,232700,589,1,1,0,0,Değerlendirme,Eksik Belge,1.4,,1.6
BAS01921,Mobil,Taşıt Kredisi,Konya,2024-05,30,9067,507932,450,1,1,0,0,Değerlendirme,Eksik Belge,2.5,,2.8
BAS01922,Şube,İhtiyaç Kredisi,Bursa,2024-08,52,27994,198580,726,1,1,1,0,Onaylandı,,0.8,0.6,1.6
BAS01923,Mobil,Konut Kredisi,Adana,2024-04,21,38037,1923193,361,1,1,0,0,Değerlendirme,Yüksek Borç/Gelir,1.3,,1.6
BAS01924,Çağrı Merkezi,Taşıt Kredisi,Adana,2024-05,21,42092,367719,632,1,1,1,0,Onaylandı,,3.3,1.2,4.9
BAS01925,Mobil,Konut Kredisi,Ankara,2024-03,60,34143,1747803,565,1,1,1,1,Kullanım,,2.0,0.8,3.2
BAS01926,Şube,İhtiyaç Kredisi,Ankara,2024-02,33,22135,192644,450,1,1,1,1,Kullanım,,1.7,0.8,2.7
BAS01927,Şube,İhtiyaç Kredisi,Gaziantep,2024-06,42,30965,82634,380,1,1,0,0,Değerlendirme,Yaş Sınırı,0.7,,0.9
BAS01928,İnternet,İhtiyaç Kredisi,İstanbul,2024-12,55,46565,10000,736,1,1,1,1,Kullanım,,1.5,1.5,3.4
BAS01929,Mobil,İhtiyaç Kredisi,Ankara,2024-06,31,35107,281708,474,1,1,0,0,Değerlendirme,Gelir Doğrulanamadı,1.9,,2.2
BAS01930,Mobil,İşletme Kredisi,Bursa,2024-09,55,16985,388538,613,1,1,1,1,Kullanım,,1.6,0.8,2.9
BAS01931,Şube,İşletme Kredisi,Bursa,2024-06,55,22833,276437,563,1,1,1,1,Kullanım,,1.5,0.4,2.2
BAS01932,Şube,Konut Kredisi,Konya,2024-02,37,9713,1722977,584,1,1,1,1,Kullanım,,1.0,0.8,2.3
BAS01933,Mobil,Taşıt Kredisi,Antalya,2024-08,51,38729,549917,508,1,0,0,0,Başvuru,,,,0.2
BAS01934,İnternet,İhtiyaç Kredisi,Antalya,2024-12,27,43881,124280,518,1,0,0,0,Başvuru,,,,0.4
BAS01935,Şube,Taşıt Kredisi,İzmir,2024-10,26,33618,179538,551,1,0,0,0,Başvuru,,,,0.3
BAS01936,Şube,Konut Kredisi,Konya,2024-11,52,19766,1790403,652,1,1,1,1,Kullanım,,1.3,0.1,1.8
BAS01937,Mobil,Konut Kredisi,Adana,2024-11,28,11864,1961835,540,1,1,1,1,Kullanım,,1.7,0.6,2.7
BAS01938,İnternet,Konut Kredisi,Bursa,2024-12,47,19309,1822992,564,1,1,1,0,Onaylandı,,2.0,1.2,3.7
BAS01939,İnternet,İhtiyaç Kredisi,İzmir,2024-12,30,27585,128223,463,1,1,1,1,Kullanım,,2.2,1.0,3.4
BAS01940,Mobil,İhtiyaç Kredisi,Antalya,2024-03,29,34317,10000,607,1,1,0,0,Değerlendirme,Yüksek Borç/Gelir,2.6,,2.7
BAS01941,Mobil,İhtiyaç Kredisi,Gaziantep,2024-11,31,20643,177633,556,1,1,0,0,Değerlendirme,Düşük Kredi Skoru,2.3,,2.6
BAS01942,Mobil,Taşıt Kredisi,Gaziantep,2024-01,57,33733,386598,690,1,1,1,1,Kullanım,,2.5,0.8,3.5
BAS01943,Şube,Konut Kredisi,İzmir,2024-11,49,13784,1763038,629,1,1,1,1,Kullanım,,0.5,0.3,1.0
BAS01944,Şube,Konut Kredisi,Ankara,2024-07,38,37435,1742721,716,1,1,1,1,Kullanım,,0.8,0.6,1.8
BAS01945,Şube,İhtiyaç Kredisi,Adana,2024-01,53,43055,213286,781,1,1,1,1,Kullanım,,1.2,0.8,2.2
BAS01946,Mobil,İşletme Kredisi,Gaziantep,2024-10,25,28476,498947,512,1,0,0,0,Başvuru,,,,0.4
BAS01947,Çağrı Merkezi,İhtiyaç Kredisi,İstanbul,2024-05,61,30685,48843,747,1,1,0,0,Değerlendirme,Eksik Belge,2.0,,2.5
BAS01948,Mobil,İhtiyaç Kredisi,İstanbul,2024-12,58,35767,117848,713,1,1,0,0,Değerlendirme,Yaş Sınırı,2.1,,2.6
BAS01949,Çağrı Merkezi,İşletme Kredisi,İzmir,2024-06,37,19490,481953,604,1,0,0,0,Başvuru,,,,0.3
BAS01950,İnternet,Taşıt Kredisi,İzmir,2024-10,50,10136,288296,465,1,0,0,0,Başvuru,,,,0.4
BAS01951,Mobil,İşletme Kredisi,İzmir,2024-07,29,22914,458965,473,1,1,1,1,Kullanım,,2.2,0.8,3.2
BAS01952,İnternet,İhtiyaç Kredisi,Bursa,2024-05,25,17207,136074,518,1,1,1,1,Kullanım,,1.7,1.3,3.3
BAS01953,Mobil,Taşıt Kredisi,Ankara,2024-10,35,20460,266471,682,1,0,0,0,Başvuru,,,,0.4
BAS01954,Şube,İşletme Kredisi,Gaziantep,2024-08,52,23453,562965,535,1,1,1,1,Kullanım,,1.5,0.8,2.6
BAS01955,Şube,İhtiyaç Kredisi,İstanbul,2024-07,62,30293,82775,734,1,1,1,1,Kullanım,,1.0,0.4,1.8
BAS01956,Mobil,İhtiyaç Kredisi,Adana,2024-09,59,13943,111796,625,1,1,0,0,Değerlendirme,Gelir Doğrulanamadı,1.5,,1.7
BAS01957,Mobil,İhtiyaç Kredisi,Gaziantep,2024-05,62,8000,145781,524,1,1,0,0,Değerlendirme,Yaş Sınırı,2.4,,2.8
BAS01958,İnternet,Taşıt Kredisi,Ankara,2024-07,58,45715,430039,736,1,1,0,0,Değerlendirme,Düşük Kredi Skoru,2.0,,2.1
BAS01959,Mobil,İhtiyaç Kredisi,İstanbul,2024-07,48,23880,157658,577,1,0,0,0,Başvuru,,,,0.5
BAS01960,Mobil,Konut Kredisi,İzmir,2024-02,51,41266,1900551,631,1,0,0,0,Başvuru,,,,0.4
BAS01961,Şube,Konut Kredisi,İstanbul,2024-08,39,44028,1751038,584,1,1,1,1,Kullanım,,0.6,0.9,1.8
BAS01962,Çağrı Merkezi,Konut Kredisi,Gaziantep,2024-05,45,10012,1781855,434,1,0,0,0,Başvuru,,,,0.3
BAS01963,Şube,İhtiyaç Kredisi,İzmir,2024-09,38,43801,144593,741,1,1,0,0,Değerlendirme,Eksik Belge,1.2,,1.6
BAS01964,Mobil,Konut Kredisi,İzmir,2024-09,34,36131,1781362,490,1,0,0,0,Başvuru,,,,0.5
BAS01965,Şube,İhtiyaç Kredisi,Bursa,2024-06,36,22402,97034,396,1,1,1,0,Onaylandı,,1.7,0.5,2.4
BAS01966,Mobil,İşletme Kredisi,Konya,2024-02,24,8217,451753,527,1,1,1,1,Kullanım,,1.5,0.1,2.0
BAS01967,Mobil,Taşıt Kredisi,Bursa,2024-01,56,39950,376886,650,1,0,0,0,Başvuru,,,,0.3
BAS01968,Mobil,İhtiyaç Kredisi,Konya,2024-11,55,52164,100650,577,1,0,0,0,Başvuru,,,,0.4
BAS01969,İnternet,İhtiyaç Kredisi,İzmir,2024-03,53,36229,146688,544,1,0,0,0,Başvuru,,,,0.2
BAS01970,Şube,İhtiyaç Kredisi,Adana,2024-11,44,44062,10000,609,1,1,0,0,Değerlendirme,Yaş Sınırı,0.5,,0.9
BAS01971,Şube,İhtiyaç Kredisi,İzmir,2024-03,37,27852,64286,459,1,0,0,0,Başvuru,,,,0.3
BAS01972,İnternet,İşletme Kredisi,Antalya,2024-06,26,28588,417951,457,1,1,1,1,Kullanım,,1.1,0.8,2.0
BAS01973,Mobil,Konut Kredisi,İzmir,2024-06,38,19763,1707315,499,1,1,1,1,Kullanım,,2.0,0.4,2.5
BAS01974,Şube,İhtiyaç Kredisi,Gaziantep,2024-09,27,9919,137395,555,1,1,1,1,Kullanım,,1.1,0.3,1.7
BAS01975,İnternet,İhtiyaç Kredisi,İstanbul,2024-10,53,36150,38528,822,1,1,1,1,Kullanım,,2.4,0.9,3.6
BAS01976,Mobil,Konut Kredisi,Bursa,2024-09,62,43288,1774400,695,1,0,0,0,Başvuru,,,,0.3
BAS01977,Şube,Konut Kredisi,Bursa,2024-11,48,36876,1806316,674,1,1,1,1,Kullanım,,1.5,0.4,2.2
BAS01978,Mobil,Taşıt Kredisi,Gaziantep,2024-04,50,40078,317778,688,1,1,1,1,Kullanım,,2.7,1.1,3.9
BAS01979,İnternet,Taşıt Kredisi,Adana,2024-02,46,27141,408056,619,1,1,1,0,Onaylandı,,2.2,1.4,4.1
BAS01980,Mobil,İhtiyaç Kredisi,İzmir,2024-08,62,41066,165607,645,1,1,0,0,Değerlendirme,Gelir Doğrulanamadı,1.8,,2.1
BAS01981,Mobil,Konut Kredisi,Bursa,2024-02,20,16450,1869996,300,1,1,0,0,Değerlendirme,Düşük Kredi Skoru,2.0,,2.2
BAS01982,Çağrı Merkezi,İhtiyaç Kredisi,İzmir,2024-07,42,13625,77799,564,1,1,1,1,Kullanım,,3.5,1.7,5.3
BAS01983,Mobil,İhtiyaç Kredisi,İzmir,2024-09,32,27362,171677,561,1,1,1,1,Kullanım,,1.0,0.5,1.9
BAS01984,Mobil,İhtiyaç Kredisi,İzmir,2024-01,33,20036,10000,479,1,1,0,0,Değerlendirme,Düşük Kredi Skoru,2.6,,2.7
BAS01985,Şube,Konut Kredisi,İstanbul,2024-10,51,25608,1765690,516,1,1,1,1,Kullanım,,2.1,0.7,3.2
BAS01986,Şube,İhtiyaç Kredisi,Antalya,2024-07,41,21590,149086,588,1,1,1,1,Kullanım,,1.1,0.6,2.0
BAS01987,Mobil,Konut Kredisi,Antalya,2024-10,46,8000,1755506,535,1,1,1,1,Kullanım,,2.1,1.3,3.9
BAS01988,İnternet,İhtiyaç Kredisi,Konya,2024-11,22,17327,125928,442,1,1,1,1,Kullanım,,1.7,1.2,3.3
BAS01989,Mobil,İşletme Kredisi,Bursa,2024-01,26,9554,577498,377,1,1,1,1,Kullanım,,1.8,1.1,3.2
BAS01990,Şube,İşletme Kredisi,Gaziantep,2024-06,53,29825,265258,601,1,0,0,0,Başvuru,,,,0.1
BAS01991,Mobil,İhtiyaç Kredisi,İzmir,2024-01,47,18703,148533,733,1,1,1,1,Kullanım,,1.6,0.7,2.8
BAS01992,Mobil,İşletme Kredisi,Gaziantep,2024-01,51,8000,455186,559,1,0,0,0,Başvuru,,,,0.2
BAS01993,İnternet,Konut Kredisi,İstanbul,2024-05,52,37643,1716538,646,1,1,0,0,Değerlendirme,Yüksek Borç/Gelir,2.0,,2.2
BAS01994,Şube,İhtiyaç Kredisi,Gaziantep,2024-04,36,26262,63037,399,1,1,1,1,Kullanım,,1.4,0.8,2.4
BAS01995,Mobil,Taşıt Kredisi,Ankara,2024-04,23,29590,359292,527,1,1,1,1,Kullanım,,2.1,0.8,3.2
BAS01996,Mobil,İhtiyaç Kredisi,Gaziantep,2024-09,46,35994,203249,505,1,1,1,1,Kullanım,,1.7,0.9,3.1
BAS01997,İnternet,Konut Kredisi,İstanbul,2024-01,35,26810,1797604,492,1,1,0,0,Değerlendirme,Teminat Yetersiz,2.0,,2.3
BAS01998,Mobil,İhtiyaç Kredisi,Antalya,2024-07,59,44007,61545,704,1,1,1,1,Kullanım,,1.6,1.3,3.2
BAS01999,Mobil,Taşıt Kredisi,İzmir,2024-12,26,38883,426444,533,1,1,1,1,Kullanım,,2.3,0.4,3.2
BAS02000,Çağrı Merkezi,Konut Kredisi,İzmir,2024-05,58,41455,1847752,757,1,1,0,0,Değerlendirme,Düşük Kredi Skoru,3.0,,3.4
BAS02001,Şube,İşletme Kredisi,İzmir,2024-04,40,51136,520346,627,1,0,0,0,Başvuru,,,,0.2
BAS02002,Çağrı Merkezi,Taşıt Kredisi,Antalya,2024-11,54,18430,402297,719,1,1,1,1,Kullanım,,3.4,1.0,4.5
BAS02003,Çağrı Merkezi,İşletme Kredisi,Gaziantep,2024-01,47,35730,432737,560,1,0,0,0,Başvuru,,,,0.5
BAS02004,Şube,İşletme Kredisi,Ankara,2024-08,47,24770,353943,515,1,1,1,1,Kullanım,,0.4,0.2,0.8
BAS02005,İnternet,İhtiyaç Kredisi,İzmir,2024-08,43,35766,116942,514,1,1,1,0,Onaylandı,,1.3,0.6,2.4
BAS02006,Mobil,İhtiyaç Kredisi,Gaziantep,2024-04,36,21273,162172,622,1,1,0,0,Değerlendirme,Teminat Yetersiz,2.4,,2.5
BAS02007,Mobil,İhtiyaç Kredisi,Bursa,2024-03,51,49925,97443,524,1,1,0,0,Değerlendirme,Yüksek Borç/Gelir,2.0,,2.5
BAS02008,Mobil,Taşıt Kredisi,Adana,2024-04,28,29383,256182,411,1,1,0,0,Değerlendirme,Düşük Kredi Skoru,2.6,,2.7
BAS02009,Mobil,İhtiyaç Kredisi,Gaziantep,2024-12,24,57136,52635,642,1,1,1,1,Kullanım,,1.9,1.1,3.4
BAS02010,Mobil,İşletme Kredisi,İstanbul,2024-08,46,14524,492129,434,1,0,0,0,Başvuru,,,,0.1
BAS02011,Şube,Konut Kredisi,Adana,2024-07,61,37279,1907034,605,1,1,0,0,Değerlendirme,Yüksek Borç/Gelir,1.4,,1.8
BAS02012,Şube,Konut Kredisi,İstanbul,2024-02,37,30380,1851402,500,1,1,1,1,Kullanım,,1.9,-0.0,2.2
BAS02013,Mobil,İhtiyaç Kredisi,İstanbul,2024-06,61,29315,143450,614,1,1,1,1,Kullanım,,1.9,0.6,2.9
BAS02014,İnternet,Konut Kredisi,Antalya,2024-11,50,56419,1818804,900,1,1,0,0,Değerlendirme,Eksik Belge,1.4,,1.6
BAS02015,Şube,İşletme Kredisi,İstanbul,2024-07,36,48795,523456,530,1,1,1,1,Kullanım,,1.3,0.5,2.0
BAS02016,İnternet,Konut Kredisi,Konya,2024-10,49,29595,1751633,577,1,1,1,0,Onaylandı,,2.4,0.5,3.3
BAS02017,Mobil,Konut Kredisi,Bursa,2024-05,20,12246,1803443,373,1,1,1,1,Kullanım,,1.9,0.8,3.1
BAS02018,İnternet,İhtiyaç Kredisi,Ankara,2024-01,23,32743,58502,384,1,0,0,0,Başvuru,,,,0.3
BAS02019,Mobil,İhtiyaç Kredisi,Antalya,2024-01,22,22840,63041,585,1,0,0,0,Başvuru,,,,0.4
BAS02020,Şube,Konut Kredisi,İstanbul,2024-06,26,44154,1850005,585,1,1,1,1,Kullanım,,0.7,0.3,1.2
BAS02021,Mobil,Taşıt Kredisi,Bursa,2024-02,44,31046,316452,732,1,1,0,0,Değerlendirme,Eksik Belge,1.9,,2.2
BAS02022,Şube,Konut Kredisi,İstanbul,2024-10,28,33497,1771517,446,1,1,1,1,Kullanım,,2.0,0.9,3.1
BAS02023,Çağrı Merkezi,Konut Kredisi,İstanbul,2024-04,44,36118,1701486,491,1,1,0,0,Değerlendirme,Gelir Doğrulanamadı,2.9,,3.3
BAS02024,Mobil,İşletme Kredisi,Gaziantep,2024-05,57,16883,448623,579,1,0,0,0,Başvuru,,,,0.4
BAS02025,Şube,Taşıt Kredisi,Antalya,2024-12,26,20735,400873,466,1,1,0,0,Değerlendirme,Gelir Doğrulanamadı,1.6,,2.1
BAS02026,Mobil,Konut Kredisi,Konya,2024-08,32,54969,1930289,546,1,1,1,1,Kullanım,,1.3,1.1,2.6
BAS02027,İnternet,İhtiyaç Kredisi,Gaziantep,2024-02,42,52089,94834,687,1,1,0,0,Değerlendirme,Gelir Doğrulanamadı,1.7,,2.0
BAS02028,Mobil,Taşıt Kredisi,Konya,2024-04,29,20303,272439,497,1,1,0,0,Değerlendirme,Gelir Doğrulanamadı,1.8,,2.1
BAS02029,Mobil,İşletme Kredisi,Gaziantep,2024-07,56,8000,440178,606,1,1,0,0,Değerlendirme,Düşük Kredi Skoru,1.5,,1.7
BAS02030,Mobil,İhtiyaç Kredisi,İzmir,2024-07,32,23162,58628,530,1,1,1,1,Kullanım,,2.0,1.0,3.2
BAS02031,Mobil,İhtiyaç Kredisi,İstanbul,2024-01,23,45770,10000,499,1,0,0,0,Başvuru,,,,0.1
BAS02032,Mobil,Konut Kredisi,Konya,2024-10,32,32221,1802703,668,1,1,0,0,Değerlendirme,Gelir Doğrulanamadı,2.5,,2.7
BAS02033,Mobil,İşletme Kredisi,Antalya,2024-04,50,21956,547344,749,1,1,1,1,Kullanım,,1.7,0.7,2.5
BAS02034,Mobil,İşletme Kredisi,Antalya,2024-06,21,9297,461535,384,1,1,1,1,Kullanım,,1.7,1.3,3.4
BAS02035,Şube,Konut Kredisi,İzmir,2024-05,21,8000,1718267,398,1,1,1,1,Kullanım,,0.9,0.4,1.6
BAS02036,Çağrı Merkezi,Konut Kredisi,İstanbul,2024-04,37,13353,1973540,522,1,1,0,0,Değerlendirme,Gelir Doğrulanamadı,2.3,,2.6
BAS02037,İnternet,İhtiyaç Kredisi,Gaziantep,2024-08,34,33881,140121,524,1,1,1,0,Onaylandı,,2.4,0.6,3.4
BAS02038,Mobil,İşletme Kredisi,İstanbul,2024-07,43,33944,456847,446,1,0,0,0,Başvuru,,,,0.2
BAS02039,Mobil,Taşıt Kredisi,Gaziantep,2024-03,21,43092,366048,589,1,1,0,0,Değerlendirme,Yüksek Borç/Gelir,2.0,,2.1
BAS02040,İnternet,Konut Kredisi,Konya,2024-02,41,36503,1873830,533,1,1,1,1,Kullanım,,2.3,1.1,3.9
BAS02041,Mobil,İhtiyaç Kredisi,Gaziantep,2024-04,41,28982,211897,459,1,1,1,1,Kullanım,,1.8,1.5,3.5
BAS02042,Mobil,İşletme Kredisi,Konya,2024-09,42,29910,547925,526,1,0,0,0,Başvuru,,,,0.4
BAS02043,Şube,Konut Kredisi,İstanbul,2024-04,27,16767,1862783,455,1,1,0,0,Değerlendirme,Teminat Yetersiz,1.8,,2.1
BAS02044,Şube,Taşıt Kredisi,Antalya,2024-09,50,29184,480553,623,1,1,1,0,Onaylandı,,0.7,0.9,1.8
BAS02045,Şube,Taşıt Kredisi,Bursa,2024-06,35,9541,370425,434,1,1,1,1,Kullanım,,0.7,0.9,1.8
BAS02046,İnternet,Konut Kredisi,İzmir,2024-07,57,36294,1833342,728,1,0,0,0,Başvuru,,,,0.4
BAS02047,İnternet,Taşıt Kredisi,Konya,2024-02,51,34288,327707,685,1,1,1,0,Onaylandı,,2.4,1.3,4.0
BAS02048,İnternet,Taşıt Kredisi,Adana,2024-04,48,13508,306441,576,1,1,1,1,Kullanım,,2.0,0.7,3.1
BAS02049,Çağrı Merkezi,Konut Kredisi,Konya,2024-11,56,16161,1842414,584,1,1,0,0,Değerlendirme,Yaş Sınırı,2.4,,2.5
BAS02050,İnternet,Konut Kredisi,İzmir,2024-10,31,22452,1757868,522,1,0,0,0,Başvuru,,,,0.2
BAS02051,Şube,Konut Kredisi,Ankara,2024-03,37,51948,1811303,530,1,1,1,1,Kullanım,,0.8,0.3,1.6
BAS02052,Mobil,İhtiyaç Kredisi,Ankara,2024-02,30,23279,79872,613,1,1,1,0,Onaylandı,,2.0,0.5,2.9
BAS02053,İnternet,İhtiyaç Kredisi,Ankara,2024-08,54,18021,127562,625,1,1,0,0,Değerlendirme,Düşük Kredi Skoru,2.0,,2.2
BAS02054,Mobil,Taşıt Kredisi,İzmir,2024-10,50,22346,324695,634,1,0,0,0,Başvuru,,,,0.3
BAS02055,İnternet,İhtiyaç Kredisi,Adana,2024-02,46,35037,123193,567,1,1,1,1,Kullanım,,2.6,1.1,3.9
BAS02056,Çağrı Merkezi,İhtiyaç Kredisi,İzmir,2024-09,54,28689,98891,591,1,0,0,0,Başvuru,,,,0.3
BAS02057,Mobil,Konut Kredisi,İstanbul,2024-01,28,44797,1610979,513,1,1,0,0,Değerlendirme,Yaş Sınırı,1.6,,1.7
BAS02058,Mobil,Taşıt Kredisi,Adana,2024-01,41,17211,360566,555,1,0,0,0,Başvuru,,,,0.4
BAS02059,Şube,Konut Kredisi,İzmir,2024-02,39,28471,1839478,537,1,1,0,0,Değerlendirme,Yüksek Borç/Gelir,0.9,,1.1
BAS02060,Mobil,Konut Kredisi,Konya,2024-10,56,28602,1746805,699,1,1,1,1,Kullanım,,1.4,1.0,2.7
BAS02061,Mobil,İhtiyaç Kredisi,Gaziantep,2024-01,36,13895,170479,505,1,0,0,0,Başvuru,,,,0.4
BAS02062,İnternet,Konut Kredisi,Ankara,2024-03,59,12047,1736341,629,1,1,0,0,Değerlendirme,Düşük Kredi Skoru,1.2,,1.5
BAS02063,Şube,Konut Kredisi,İstanbul,2024-12,22,8343,1689595,405,1,1,1,1,Kullanım,,1.4,0.2,1.9
BAS02064,Mobil,İşletme Kredisi,Bursa,2024-06,54,29364,440736,640,1,1,0,0,Değerlendirme,Teminat Yetersiz,1.6,,1.9
BAS02065,İnternet,Konut Kredisi,İzmir,2024-05,33,18071,1724053,665,1,1,1,0,Onaylandı,,1.3,0.9,2.5
BAS02066,Şube,Taşıt Kredisi,Adana,2024-07,29,33581,310278,491,1,1,1,1,Kullanım,,1.7,0.7,2.5
BAS02067,Mobil,Konut Kredisi,İzmir,2024-07,23,16847,1754754,321,1,1,0,0,Değerlendirme,Yüksek Borç/Gelir,1.1,,1.6
BAS02068,Çağrı Merkezi,Konut Kredisi,Antalya,2024-02,44,36373,1842062,526,1,0,0,0,Başvuru,,,,0.3
BAS02069,Çağrı Merkezi,Taşıt Kredisi,Antalya,2024-02,23,51368,427416,471,1,1,1,1,Kullanım,,2.7,1.3,4.2
BAS02070,Mobil,Konut Kredisi,Gaziantep,2024-03,54,40654,1683431,710,1,1,0,0,Değerlendirme,Gelir Doğrulanamadı,1.6,,1.8
BAS02071,Çağrı Merkezi,Konut Kredisi,Konya,2024-03,52,44620,1771898,632,1,0,0,0,Başvuru,,,,0.1
BAS02072,Mobil,İhtiyaç Kredisi,Gaziantep,2024-01,53,13161,181583,667,1,1,1,1,Kullanım,,2.2,0.9,3.5
BAS02073,İnternet,Taşıt Kredisi,Antalya,2024-02,32,24396,316351,605,1,0,0,0,Başvuru,,,,0.2
BAS02074,Mobil,İhtiyaç Kredisi,Adana,2024-05,26,27771,173263,465,1,1,1,1,Kullanım,,1.8,1.3,3.3
BAS02075,Şube,Konut Kredisi,Bursa,2024-08,26,10674,1806848,318,1,1,1,1,Kullanım,,1.5,0.4,2.3
BAS02076,İnternet,İhtiyaç Kredisi,İzmir,2024-03,55,14033,195414,633,1,1,1,1,Kullanım,,2.6,0.6,3.7
BAS02077,Şube,İhtiyaç Kredisi,Konya,2024-02,59,35876,72294,653,1,1,1,1,Kullanım,,1.6,0.4,2.5
BAS02078,Şube,Konut Kredisi,Konya,2024-08,27,24540,1882148,590,1,1,1,1,Kullanım,,2.1,0.6,2.9
BAS02079,Şube,İhtiyaç Kredisi,Ankara,2024-11,33,8000,211062,534,1,1,1,1,Kullanım,,1.1,0.1,1.3
BAS02080,Şube,İhtiyaç Kredisi,Ankara,2024-12,40,14336,246795,549,1,1,1,1,Kullanım,,0.5,0.4,1.3
BAS02081,Mobil,Taşıt Kredisi,Adana,2024-10,58,40094,472400,649,1,1,1,0,Onaylandı,,2.4,0.9,3.8
BAS02082,Mobil,Konut Kredisi,Bursa,2024-11,49,46305,1811616,740,1,1,1,1,Kullanım,,1.3,0.6,2.1
BAS02083,İnternet,İhtiyaç Kredisi,Bursa,2024-04,59,26043,157323,642,1,1,1,1,Kullanım,,2.9,1.0,4.3
BAS02084,Mobil,İhtiyaç Kredisi,İzmir,2024-12,55,65327,140013,622,1,1,0,0,Değerlendirme,Eksik Belge,2.5,,2.7
BAS02085,Şube,Taşıt Kredisi,İzmir,2024-06,27,34571,201783,573,1,1,0,0,Değerlendirme,Eksik Belge,1.4,,1.7
BAS02086,İnternet,Taşıt Kredisi,İzmir,2024-08,48,42768,420771,383,1,1,0,0,Değerlendirme,Düşük Kredi Skoru,2.7,,3.2
BAS02087,Şube,İhtiyaç Kredisi,İzmir,2024-04,49,20333,36182,496,1,1,1,1,Kullanım,,1.2,0.2,1.6
BAS02088,Şube,Konut Kredisi,İzmir,2024-12,33,46887,1864169,634,1,1,0,0,Değerlendirme,Eksik Belge,1.7,,1.8
BAS02089,Şube,Konut Kredisi,Antalya,2024-02,39,23259,1921212,439,1,1,1,1,Kullanım,,1.1,1.1,2.5
BAS02090,Mobil,Taşıt Kredisi,Antalya,2024-06,62,25318,346080,648,1,1,1,1,Kullanım,,1.7,1.0,2.9
BAS02091,Çağrı Merkezi,İşletme Kredisi,Bursa,2024-11,29,16872,402536,458,1,1,0,0,Değerlendirme,Eksik Belge,2.5,,2.7
BAS02092,İnternet,Konut Kredisi,Konya,2024-01,35,45624,1761682,651,1,0,0,0,Başvuru,,,,0.1
BAS02093,Mobil,Konut Kredisi,Ankara,2024-09,56,20926,1669956,506,1,0,0,0,Başvuru,,,,0.3
BAS02094,Çağrı Merkezi,İhtiyaç Kredisi,Ankara,2024-04,29,38645,10000,624,1,1,0,0,Değerlendirme,Teminat Yetersiz,2.5,,2.7
BAS02095,Mobil,İhtiyaç Kredisi,İstanbul,2024-08,27,20651,138536,467,1,0,0,0,Başvuru,,,,0.4
BAS02096,Mobil,Taşıt Kredisi,Antalya,2024-10,20,29534,477248,434,1,1,1,1,Kullanım,,1.6,0.5,2.5
BAS02097,İnternet,Konut Kredisi,Antalya,2024-01,35,22596,1742110,460,1,1,0,0,Değerlendirme,Gelir Doğrulanamadı,3.5,,3.7
BAS02098,Mobil,Konut Kredisi,İstanbul,2024-08,38,42776,1809776,489,1,0,0,0,Başvuru,,,,0.2
BAS02099,Şube,İhtiyaç Kredisi,Konya,2024-02,44,40676,188720,633,1,1,1,1,Kullanım,,1.2,0.9,2.3
BAS02100,Mobil,İhtiyaç Kredisi,Antalya,2024-11,58,28430,184814,607,1,0,0,0,Başvuru,,,,0.1
BAS02101,Şube,İhtiyaç Kredisi,İzmir,2024-10,41,10827,127047,449,1,1,0,0,Değerlendirme,Eksik Belge,1.5,,2.0
BAS02102,Şube,Konut Kredisi,Konya,2024-05,43,28072,1819635,654,1,0,0,0,Başvuru,,,,0.5
BAS02103,İnternet,İhtiyaç Kredisi,Gaziantep,2024-06,37,19979,84872,530,1,1,1,1,Kullanım,,1.8,0.8,2.8
BAS02104,İnternet,Konut Kredisi,Ankara,2024-10,25,15366,1752327,440,1,0,0,0,Başvuru,,,,0.2
BAS02105,Şube,İhtiyaç Kredisi,İzmir,2024-09,30,8000,30217,586,1,1,0,0,Değerlendirme,Eksik Belge,1.6,,1.9
BAS02106,İnternet,Konut Kredisi,Ankara,2024-01,42,37935,1774853,570,1,1,1,1,Kullanım,,1.9,0.6,2.9
BAS02107,Şube,İhtiyaç Kredisi,Konya,2024-07,37,9713,290633,565,1,1,0,0,Değerlendirme,Teminat Yetersiz,1.3,,1.4
BAS02108,Mobil,İhtiyaç Kredisi,Gaziantep,2024-07,36,14218,10000,506,1,1,0,0,Değerlendirme,Teminat Yetersiz,1.5,,1.9
BAS02109,Mobil,Konut Kredisi,Adana,2024-10,22,24269,1842185,475,1,1,1,1,Kullanım,,2.1,1.1,3.6
BAS02110,Mobil,Taşıt Kredisi,Konya,2024-01,47,9209,398182,618,1,1,1,1,Kullanım,,1.5,0.5,2.4
BAS02111,Mobil,Konut Kredisi,İstanbul,2024-09,31,28920,1754990,561,1,1,1,0,Onaylandı,,2.2,0.8,3.2
BAS02112,Mobil,İşletme Kredisi,Gaziantep,2024-04,52,37902,525045,688,1,1,0,0,Değerlendirme,Düşük Kredi Skoru,2.1,,2.2
BAS02113,İnternet,Konut Kredisi,İstanbul,2024-07,55,46265,1744554,734,1,1,0,0,Değerlendirme,Gelir Doğrulanamadı,2.0,,2.4
BAS02114,Şube,Konut Kredisi,Bursa,2024-08,54,17414,1831867,669,1,1,1,1,Kullanım,,0.1,0.6,0.8
BAS02115,Mobil,Konut Kredisi,Antalya,2024-10,43,30453,1627450,595,1,1,1,0,Onaylandı,,1.9,0.8,3.1
BAS02116,Çağrı Merkezi,Taşıt Kredisi,Antalya,2024-04,22,20086,603358,545,1,1,1,1,Kullanım,,3.8,1.8,5.8
BAS02117,Mobil,Konut Kredisi,Antalya,2024-05,27,20454,1856801,435,1,1,0,0,Değerlendirme,Teminat Yetersiz,2.0,,2.3
BAS02118,Çağrı Merkezi,Konut Kredisi,İzmir,2024-08,33,15045,1798354,606,1,1,0,0,Değerlendirme,Düşük Kredi Skoru,2.7,,2.9
BAS02119,Mobil,Konut Kredisi,Bursa,2024-12,37,14744,1725053,549,1,1,1,1,Kullanım,,1.6,1.0,3.0
BAS02120,Mobil,Konut Kredisi,Konya,2024-07,47,54814,1835872,687,1,0,0,0,Başvuru,,,,0.2
BAS02121,İnternet,Taşıt Kredisi,Adana,2024-06,26,8000,389190,404,1,0,0,0,Başvuru,,,,0.2
BAS02122,İnternet,İhtiyaç Kredisi,İzmir,2024-03,29,29467,197803,534,1,1,1,1,Kullanım,,2.5,1.1,3.9
BAS02123,İnternet,Taşıt Kredisi,Adana,2024-12,60,35343,423890,718,1,1,0,0,Değerlendirme,Yüksek Borç/Gelir,2.8,,3.2
BAS02124,Mobil,Konut Kredisi,Bursa,2024-02,61,12105,1735958,654,1,1,0,0,Değerlendirme,Düşük Kredi Skoru,2.0,,2.1
BAS02125,Şube,İhtiyaç Kredisi,İstanbul,2024-02,20,30638,146420,559,1,1,1,1,Kullanım,,0.4,0.7,1.5
BAS02126,Şube,İşletme Kredisi,Antalya,2024-01,54,29564,452491,581,1,1,1,1,Kullanım,,2.0,0.3,2.6
BAS02127,Şube,İşletme Kredisi,Ankara,2024-09,57,14863,431549,679,1,1,1,1,Kullanım,,1.3,0.5,2.3
BAS02128,Mobil,İhtiyaç Kredisi,Adana,2024-07,48,37999,221629,565,1,1,0,0,Değerlendirme,Yüksek Borç/Gelir,2.2,,2.4
BAS02129,Mobil,Konut Kredisi,Adana,2024-10,30,8000,1814454,544,1,0,0,0,Başvuru,,,,0.3
BAS02130,Mobil,Konut Kredisi,Adana,2024-04,22,18802,1861027,451,1,1,1,1,Kullanım,,0.8,0.8,2.1
BAS02131,İnternet,Konut Kredisi,İstanbul,2024-07,21,10331,1702561,537,1,1,1,0,Onaylandı,,2.1,1.4,3.9
BAS02132,Şube,Taşıt Kredisi,Antalya,2024-04,45,26879,253863,564,1,1,0,0,Değerlendirme,Eksik Belge,1.0,,1.2
BAS02133,İnternet,İşletme Kredisi,Konya,2024-07,50,36897,409774,680,1,0,0,0,Başvuru,,,,0.2
BAS02134,Mobil,Taşıt Kredisi,İzmir,2024-08,24,11478,341483,544,1,0,0,0,Başvuru,,,,0.5
BAS02135,Şube,Konut Kredisi,İstanbul,2024-08,49,8000,1869075,450,1,1,1,1,Kullanım,,1.1,0.5,1.8
BAS02136,Mobil,Taşıt Kredisi,Bursa,2024-11,58,45230,431369,491,1,1,1,1,Kullanım,,2.4,0.6,3.4
BAS02137,Mobil,İhtiyaç Kredisi,Ankara,2024-06,28,29938,187598,404,1,1,1,1,Kullanım,,2.5,0.8,3.5
BAS02138,Mobil,Konut Kredisi,Gaziantep,2024-01,33,41225,1857596,462,1,1,1,1,Kullanım,,2.5,0.7,3.4
BAS02139,Mobil,Taşıt Kredisi,Bursa,2024-07,61,18132,329314,569,1,0,0,0,Başvuru,,,,0.2
BAS02140,Şube,İşletme Kredisi,Antalya,2024-06,52,51538,494356,660,1,1,0,0,Değerlendirme,Gelir Doğrulanamadı,0.9,,1.1
BAS02141,Mobil,Taşıt Kredisi,Konya,2024-03,33,18225,353565,307,1,1,1,1,Kullanım,,1.9,0.3,2.5
BAS02142,İnternet,İhtiyaç Kredisi,Adana,2024-12,25,14952,203090,384,1,1,1,1,Kullanım,,2.5,1.1,4.0
BAS02143,Şube,İşletme Kredisi,Bursa,2024-11,20,35537,440472,594,1,0,0,0,Başvuru,,,,0.2
BAS02144,Şube,Konut Kredisi,Antalya,2024-05,26,18921,1835050,451,1,1,1,1,Kullanım,,1.6,0.5,2.2
BAS02145,Şube,İşletme Kredisi,Adana,2024-06,27,36162,394496,460,1,1,1,1,Kullanım,,1.1,0.3,1.6
BAS02146,Mobil,İşletme Kredisi,Antalya,2024-12,20,46060,496673,602,1,1,0,0,Değerlendirme,Eksik Belge,1.5,,1.8
BAS02147,Mobil,İşletme Kredisi,İstanbul,2024-04,25,35455,495829,599,1,1,1,1,Kullanım,,1.7,0.9,2.9
BAS02148,Şube,Konut Kredisi,Bursa,2024-08,56,8000,1723392,484,1,1,0,0,Değerlendirme,Teminat Yetersiz,0.7,,1.2
BAS02149,Çağrı Merkezi,Taşıt Kredisi,İzmir,2024-08,45,11721,180551,542,1,1,0,0,Değerlendirme,Gelir Doğrulanamadı,2.0,,2.4
BAS02150,Mobil,Taşıt Kredisi,Bursa,2024-07,39,42144,355952,531,1,0,0,0,Başvuru,,,,0.4
BAS02151,Şube,Taşıt Kredisi,İzmir,2024-09,54,43184,385033,682,1,1,0,0,Değerlendirme,Gelir Doğrulanamadı,2.1,,2.3
BAS02152,İnternet,Taşıt Kredisi,Bursa,2024-06,36,47522,405639,506,1,0,0,0,Başvuru,,,,0.1
BAS02153,Çağrı Merkezi,İhtiyaç Kredisi,Konya,2024-08,59,8019,121229,511,1,0,0,0,Başvuru,,,,0.4
BAS02154,Şube,İhtiyaç Kredisi,Antalya,2024-08,48,34935,279536,571,1,1,1,1,Kullanım,,1.6,-0.3,1.4
BAS02155,Mobil,İhtiyaç Kredisi,Ankara,2024-01,57,28636,195941,595,1,1,0,0,Değerlendirme,Düşük Kredi Skoru,0.6,,1.0
BAS02156,İnternet,İşletme Kredisi,Adana,2024-08,50,40847,422809,651,1,0,0,0,Başvuru,,,,0.4
BAS02157,Mobil,İhtiyaç Kredisi,Gaziantep,2024-03,42,15624,240411,657,1,0,0,0,Başvuru,,,,0.4
BAS02158,Çağrı Merkezi,İşletme Kredisi,Ankara,2024-05,55,23675,399030,692,1,0,0,0,Başvuru,,,,0.1
BAS02159,Şube,Taşıt Kredisi,Gaziantep,2024-07,21,16705,325221,412,1,1,1,1,Kullanım,,1.4,0.3,1.9
BAS02160,Şube,İhtiyaç Kredisi,Gaziantep,2024-06,21,23952,230520,402,1,1,0,0,Değerlendirme,Düşük Kredi Skoru,1.4,,1.8
BAS02161,İnternet,İhtiyaç Kredisi,Gaziantep,2024-02,58,31362,154750,681,1,1,0,0,Değerlendirme,Gelir Doğrulanamadı,1.8,,2.2
BAS02162,Mobil,İşletme Kredisi,Adana,2024-04,24,33613,561765,477,1,0,0,0,Başvuru,,,,0.4
BAS02163,Mobil,İşletme Kredisi,Bursa,2024-12,52,24908,451092,558,1,1,0,0,Değerlendirme,Teminat Yetersiz,2.9,,3.1
BAS02164,Şube,Taşıt Kredisi,Antalya,2024-04,20,17619,396554,481,1,1,1,1,Kullanım,,1.7,0.5,2.5
BAS02165,Mobil,Konut Kredisi,Konya,2024-01,50,13750,1765817,644,1,1,0,0,Değerlendirme,Eksik Belge,1.8,,2.0
BAS02166,Mobil,İhtiyaç Kredisi,Ankara,2024-12,50,11776,183106,534,1,0,0,0,Başvuru,,,,0.2
BAS02167,Çağrı Merkezi,Taşıt Kredisi,Ankara,2024-09,39,31470,306806,663,1,1,1,1,Kullanım,,2.3,1.0,3.5
BAS02168,Mobil,Konut Kredisi,Ankara,2024-05,55,20231,1783970,620,1,1,1,1,Kullanım,,1.3,0.9,2.5
BAS02169,Mobil,İhtiyaç Kredisi,Bursa,2024-10,38,40143,134013,591,1,1,1,1,Kullanım,,2.2,0.5,2.8
BAS02170,Mobil,Konut Kredisi,İzmir,2024-05,58,50929,1868485,781,1,1,1,0,Onaylandı,,1.4,0.7,2.5
BAS02171,Şube,İhtiyaç Kredisi,Antalya,2024-03,22,43118,56185,515,1,0,0,0,Başvuru,,,,0.2
BAS02172,İnternet,Taşıt Kredisi,Adana,2024-03,22,40771,427083,420,1,1,1,1,Kullanım,,2.1,0.8,3.1
BAS02173,Şube,İhtiyaç Kredisi,Ankara,2024-01,36,15801,90501,557,1,1,0,0,Değerlendirme,Düşük Kredi Skoru,1.8,,2.2
BAS02174,Mobil,İhtiyaç Kredisi,Antalya,2024-02,62,13046,20636,543,1,1,0,0,Değerlendirme,Yüksek Borç/Gelir,2.1,,2.4
BAS02175,Mobil,İşletme Kredisi,İzmir,2024-01,37,41252,507832,436,1,1,1,1,Kullanım,,2.4,1.1,3.6
BAS02176,Mobil,Taşıt Kredisi,Gaziantep,2024-11,43,25307,324127,494,1,1,1,1,Kullanım,,1.5,0.9,2.8
BAS02177,İnternet,İhtiyaç Kredisi,Antalya,2024-11,33,25037,59760,425,1,1,1,0,Onaylandı,,3.0,1.1,4.6
BAS02178,Mobil,İhtiyaç Kredisi,Gaziantep,2024-04,55,8000,85566,537,1,0,0,0,Başvuru,,,,0.4
BAS02179,İnternet,Taşıt Kredisi,Bursa,2024-03,34,8000,495240,580,1,1,0,0,Değerlendirme,Gelir Doğrulanamadı,2.5,,2.8
BAS02180,Mobil,Konut Kredisi,Ankara,2024-12,46,28602,1737390,626,1,0,0,0,Başvuru,,,,0.3
BAS02181,İnternet,İhtiyaç Kredisi,İstanbul,2024-12,36,13623,213756,559,1,1,1,1,Kullanım,,2.4,0.2,2.7
BAS02182,Şube,İhtiyaç Kredisi,İzmir,2024-10,50,12819,74275,584,1,1,0,0,Değerlendirme,Yüksek Borç/Gelir,0.6,,0.9
BAS02183,Mobil,Taşıt Kredisi,İstanbul,2024-01,50,49399,380056,746,1,0,0,0,Başvuru,,,,0.2
BAS02184,İnternet,İşletme Kredisi,Gaziantep,2024-03,30,30635,420243,537,1,1,0,0,Değerlendirme,Teminat Yetersiz,2.2,,2.5
BAS02185,Çağrı Merkezi,Taşıt Kredisi,Gaziantep,2024-07,60,15546,513983,631,1,0,0,0,Başvuru,,,,0.2
BAS02186,Şube,Taşıt Kredisi,Antalya,2024-04,33,23467,409249,593,1,1,1,1,Kullanım,,0.6,0.3,1.1
BAS02187,Mobil,Konut Kredisi,Ankara,2024-09,49,58520,1891577,832,1,1,1,1,Kullanım,,1.1,0.4,1.8
BAS02188,Şube,İhtiyaç Kredisi,Adana,2024-06,40,8000,151586,499,1,1,1,1,Kullanım,,1.3,0.7,2.2
BAS02189,Mobil,Konut Kredisi,Bursa,2024-05,58,38567,1879783,708,1,0,0,0,Başvuru,,,,0.3
BAS02190,Çağrı Merkezi,İhtiyaç Kredisi,Bursa,2024-11,28,22924,180803,517,1,0,0,0,Başvuru,,,,0.4
BAS02191,Mobil,Taşıt Kredisi,İstanbul,2024-07,48,38969,275894,741,1,1,0,0,Değerlendirme,Düşük Kredi Skoru,1.5,,1.8
BAS02192,Mobil,Taşıt Kredisi,Ankara,2024-08,62,28104,370003,774,1,1,0,0,Değerlendirme,Teminat Yetersiz,2.1,,2.3
BAS02193,Şube,İhtiyaç Kredisi,Gaziantep,2024-12,54,35295,94345,540,1,1,1,1,Kullanım,,1.6,0.8,2.6
BAS02194,Şube,İhtiyaç Kredisi,Adana,2024-10,54,8000,23909,542,1,1,0,0,Değerlendirme,Gelir Doğrulanamadı,2.0,,2.5
BAS02195,Şube,İhtiyaç Kredisi,Adana,2024-03,54,48528,186462,614,1,1,0,0,Değerlendirme,Teminat Yetersiz,1.2,,1.3
BAS02196,Çağrı Merkezi,İşletme Kredisi,İzmir,2024-12,37,12286,528862,498,1,0,0,0,Başvuru,,,,0.1
BAS02197,Mobil,Konut Kredisi,İzmir,2024-01,44,11473,1689183,496,1,1,1,0,Onaylandı,,1.5,0.9,2.8
BAS02198,Mobil,İhtiyaç Kredisi,İstanbul,2024-10,41,9553,231872,538,1,1,0,0,Değerlendirme,Yaş Sınırı,2.5,,2.8
BAS02199,Şube,İhtiyaç Kredisi,Antalya,2024-08,22,41948,152436,522,1,1,1,1,Kullanım,,0.3,1.1,1.6
BAS02200,Şube,İhtiyaç Kredisi,Gaziantep,2024-05,36,18296,157043,592,1,1,0,0,Değerlendirme,Eksik Belge,0.9,,1.0
BAS02201,Şube,Konut Kredisi,Adana,2024-06,20,45168,1877472,386,1,1,0,0,Değerlendirme,Yüksek Borç/Gelir,1.0,,1.2
BAS02202,Şube,İhtiyaç Kredisi,Antalya,2024-06,50,8000,117527,559,1,1,1,1,Kullanım,,0.7,0.7,1.7
BAS02203,Mobil,İşletme Kredisi,Ankara,2024-03,23,28040,509230,443,1,0,0,0,Başvuru,,,,0.4
BAS02204,Şube,Taşıt Kredisi,Adana,2024-01,28,33951,431122,639,1,1,0,0,Değerlendirme,Yüksek Borç/Gelir,0.8,,1.1
BAS02205,Mobil,Taşıt Kredisi,Adana,2024-03,23,27285,543348,535,1,0,0,0,Başvuru,,,,0.3
BAS02206,Şube,Konut Kredisi,Adana,2024-03,51,25672,1780705,471,1,0,0,0,Başvuru,,,,0.4
BAS02207,Mobil,Konut Kredisi,Ankara,2024-05,39,27530,1708366,577,1,1,1,1,Kullanım,,1.8,0.9,2.9
BAS02208,Şube,İşletme Kredisi,İstanbul,2024-11,40,25554,367849,504,1,1,1,1,Kullanım,,0.6,-0.1,0.8
BAS02209,Şube,İşletme Kredisi,Bursa,2024-04,29,38808,621349,474,1,0,0,0,Başvuru,,,,0.2
BAS02210,İnternet,Konut Kredisi,İstanbul,2024-05,55,11282,1761899,622,1,1,1,1,Kullanım,,1.7,0.9,3.0
BAS02211,Şube,Konut Kredisi,Konya,2024-09,56,49000,1759131,534,1,0,0,0,Başvuru,,,,0.2
BAS02212,Mobil,Taşıt Kredisi,Adana,2024-10,38,44856,342684,607,1,1,1,1,Kullanım,,1.5,0.7,2.4
BAS02213,Mobil,İhtiyaç Kredisi,İzmir,2024-02,40,12501,10000,485,1,0,0,0,Başvuru,,,,0.4
BAS02214,Şube,İhtiyaç Kredisi,Ankara,2024-11,39,22811,110645,675,1,1,0,0,Değerlendirme,Gelir Doğrulanamadı,1.1,,1.4
BAS02215,Şube,İhtiyaç Kredisi,İstanbul,2024-02,41,27310,124887,511,1,0,0,0,Başvuru,,,,0.5
BAS02216,Şube,Taşıt Kredisi,Ankara,2024-09,24,31960,487495,374,1,1,0,0,Değerlendirme,Yüksek Borç/Gelir,1.5,,2.0
BAS02217,Şube,Taşıt Kredisi,Adana,2024-08,41,33746,444522,676,1,1,1,1,Kullanım,,1.4,0.3,1.8
BAS02218,Şube,Konut Kredisi,Gaziantep,2024-10,60,22685,1853824,535,1,0,0,0,Başvuru,,,,0.3
BAS02219,Mobil,İhtiyaç Kredisi,İzmir,2024-04,44,33251,144561,577,1,0,0,0,Başvuru,,,,0.4
BAS02220,Şube,Konut Kredisi,Gaziantep,2024-11,28,30878,1827962,447,1,1,1,1,Kullanım,,0.9,0.1,1.2
BAS02221,Şube,İşletme Kredisi,Antalya,2024-10,32,22872,411114,629,1,0,0,0,Başvuru,,,,0.4
BAS02222,İnternet,İşletme Kredisi,Bursa,2024-12,40,13754,520883,466,1,1,0,0,Değerlendirme,Gelir Doğrulanamadı,1.9,,2.3
BAS02223,Şube,Taşıt Kredisi,Ankara,2024-04,46,31602,616842,664,1,1,0,0,Değerlendirme,Yüksek Borç/Gelir,1.4,,1.8
BAS02224,Mobil,Taşıt Kredisi,Gaziantep,2024-01,62,17101,391693,596,1,1,0,0,Değerlendirme,Düşük Kredi Skoru,1.2,,1.7
BAS02225,Mobil,Taşıt Kredisi,Adana,2024-04,56,18365,306958,598,1,1,1,1,Kullanım,,1.7,1.0,3.2
BAS02226,Mobil,Konut Kredisi,Ankara,2024-03,35,38222,1825308,514,1,1,1,1,Kullanım,,1.9,0.5,2.8
BAS02227,Şube,İhtiyaç Kredisi,Ankara,2024-09,49,34686,87684,686,1,1,0,0,Değerlendirme,Yaş Sınırı,0.4,,0.6
BAS02228,Mobil,Konut Kredisi,Ankara,2024-04,45,33939,1881429,608,1,1,1,1,Kullanım,,2.0,0.9,3.1
BAS02229,Mobil,Konut Kredisi,Konya,2024-11,25,8000,1780994,348,1,0,0,0,Başvuru,,,,0.3
BAS02230,Mobil,İhtiyaç Kredisi,Bursa,2024-05,29,38447,93504,410,1,1,1,1,Kullanım,,1.9,1.0,3.1
BAS02231,Çağrı Merkezi,İhtiyaç Kredisi,İzmir,2024-04,49,28164,208356,800,1,0,0,0,Başvuru,,,,0.1
BAS02232,Çağrı Merkezi,İşletme Kredisi,Ankara,2024-05,47,31143,486740,720,1,0,0,0,Başvuru,,,,0.2
BAS02233,Mobil,İhtiyaç Kredisi,Antalya,2024-06,54,21272,241225,579,1,1,1,1,Kullanım,,2.4,1.4,4.1
BAS02234,İnternet,İhtiyaç Kredisi,Antalya,2024-11,53,25004,28631,700,1,1,1,1,Kullanım,,2.0,0.8,3.1
BAS02235,Mobil,İşletme Kredisi,Adana,2024-06,46,19063,455816,613,1,1,0,0,Değerlendirme,Eksik Belge,1.6,,1.9
BAS02236,Şube,İhtiyaç Kredisi,Konya,2024-08,41,14355,173757,356,1,1,1,1,Kullanım,,0.3,0.6,1.3
BAS02237,İnternet,İhtiyaç Kredisi,İzmir,2024-05,28,30248,107523,501,1,1,1,1,Kullanım,,1.6,0.9,2.7
BAS02238,Mobil,Taşıt Kredisi,Bursa,2024-12,37,41083,337647,600,1,1,0,0,Değerlendirme,Gelir Doğrulanamadı,1.8,,2.3
BAS02239,Mobil,İhtiyaç Kredisi,Adana,2024-06,26,8000,51513,395,1,1,0,0,Değerlendirme,Gelir Doğrulanamadı,2.0,,2.2
BAS02240,Çağrı Merkezi,Konut Kredisi,Konya,2024-12,49,41533,1708870,690,1,1,1,0,Onaylandı,,2.8,1.1,4.3
BAS02241,Mobil,Konut Kredisi,İzmir,2024-11,59,19514,1841564,506,1,1,1,1,Kullanım,,2.2,1.1,3.5
BAS02242,İnternet,Taşıt Kredisi,İzmir,2024-06,30,46916,328010,614,1,1,1,0,Onaylandı,,2.2,0.7,3.0
BAS02243,Şube,İşletme Kredisi,Gaziantep,2024-05,58,45077,376408,626,1,1,1,0,Onaylandı,,1.7,0.6,2.6
BAS02244,Çağrı Merkezi,İhtiyaç Kredisi,Adana,2024-10,30,27628,36186,411,1,1,1,1,Kullanım,,1.7,0.7,2.5
BAS02245,Şube,İşletme Kredisi,Gaziantep,2024-09,47,39955,622865,608,1,1,1,1,Kullanım,,0.5,0.4,1.3
BAS02246,Şube,Konut Kredisi,Ankara,2024-01,22,40528,1821731,593,1,1,1,1,Kullanım,,0.7,0.1,1.2
BAS02247,İnternet,Konut Kredisi,Antalya,2024-11,22,22796,1848469,433,1,1,1,1,Kullanım,,2.0,1.0,3.3
BAS02248,Mobil,İhtiyaç Kredisi,Antalya,2024-07,58,29975,179566,492,1,1,0,0,Değerlendirme,Yüksek Borç/Gelir,1.7,,2.0
BAS02249,İnternet,İhtiyaç Kredisi,Adana,2024-02,35,12366,102381,436,1,1,1,1,Kullanım,,2.9,1.3,4.4
BAS02250,Şube,İhtiyaç Kredisi,İzmir,2024-06,33,41042,177196,671,1,1,1,1,Kullanım,,1.4,0.4,2.1
BAS02251,Mobil,İhtiyaç Kredisi,Gaziantep,2024-05,24,54053,122632,818,1,1,1,1,Kullanım,,1.2,0.7,2.2
BAS02252,Mobil,İhtiyaç Kredisi,İstanbul,2024-10,40,36295,89432,676,1,1,0,0,Değerlendirme,Teminat Yetersiz,1.9,,2.2
BAS02253,Mobil,İhtiyaç Kredisi,Ankara,2024-01,37,33985,117080,427,1,1,0,0,Değerlendirme,Gelir Doğrulanamadı,1.9,,2.2
BAS02254,Şube,İhtiyaç Kredisi,Antalya,2024-04,45,26388,118029,555,1,1,1,1,Kullanım,,2.1,0.3,2.8
BAS02255,İnternet,İhtiyaç Kredisi,Konya,2024-05,47,31902,104767,562,1,1,0,0,Değerlendirme,Yüksek Borç/Gelir,2.7,,3.1
BAS02256,İnternet,İşletme Kredisi,Antalya,2024-06,22,38324,369361,438,1,0,0,0,Başvuru,,,,0.4
BAS02257,Şube,Taşıt Kredisi,Gaziantep,2024-04,47,20449,429375,508,1,1,0,0,Değerlendirme,Düşük Kredi Skoru,1.0,,1.1
BAS02258,Şube,Konut Kredisi,Konya,2024-12,36,31147,1768503,524,1,1,0,0,Değerlendirme,Eksik Belge,1.4,,1.8
BAS02259,Mobil,Konut Kredisi,Konya,2024-11,59,9823,1855078,447,1,0,0,0,Başvuru,,,,0.5
BAS02260,Çağrı Merkezi,Konut Kredisi,Adana,2024-04,27,30474,1904803,628,1,1,0,0,Değerlendirme,Eksik Belge,3.1,,3.4
BAS02261,Mobil,İşletme Kredisi,İstanbul,2024-08,48,36410,564949,663,1,1,1,1,Kullanım,,1.3,0.8,2.3
BAS02262,Mobil,İhtiyaç Kredisi,Konya,2024-11,50,12038,158212,618,1,1,1,1,Kullanım,,2.4,0.9,3.5
BAS02263,Mobil,Taşıt Kredisi,İstanbul,2024-08,61,32804,302860,775,1,1,0,0,Değerlendirme,Yüksek Borç/Gelir,1.8,,2.1
BAS02264,Mobil,Taşıt Kredisi,Ankara,2024-02,54,65921,377463,900,1,0,0,0,Başvuru,,,,0.3
BAS02265,Mobil,Taşıt Kredisi,İzmir,2024-10,24,34274,523776,492,1,0,0,0,Başvuru,,,,0.3
BAS02266,İnternet,İhtiyaç Kredisi,Gaziantep,2024-08,24,34538,206941,433,1,1,1,1,Kullanım,,0.9,1.6,2.9
BAS02267,Şube,İhtiyaç Kredisi,Gaziantep,2024-02,57,73288,176057,721,1,1,1,0,Onaylandı,,1.0,0.3,1.6
BAS02268,Mobil,İhtiyaç Kredisi,Konya,2024-12,48,41035,106261,720,1,1,1,1,Kullanım,,1.2,1.3,2.6
BAS02269,Mobil,İhtiyaç Kredisi,Ankara,2024-10,40,29523,105281,671,1,1,1,1,Kullanım,,1.5,0.8,2.5
BAS02270,Mobil,İşletme Kredisi,İstanbul,2024-06,24,42870,400697,430,1,0,0,0,Başvuru,,,,0.1
BAS02271,Mobil,Taşıt Kredisi,Gaziantep,2024-07,39,31487,191953,596,1,1,1,1,Kullanım,,0.9,0.6,2.0
BAS02272,Mobil,İhtiyaç Kredisi,Antalya,2024-03,25,30167,161704,603,1,1,0,0,Değerlendirme,Eksik Belge,2.2,,2.5
BAS02273,Mobil,Konut Kredisi,Adana,2024-04,40,39849,1944086,409,1,1,1,1,Kullanım,,1.6,0.9,2.8
BAS02274,Mobil,İhtiyaç Kredisi,Adana,2024-08,61,39896,224437,707,1,0,0,0,Başvuru,,,,0.2
BAS02275,Mobil,Konut Kredisi,Bursa,2024-11,52,22061,1766196,595,1,0,0,0,Başvuru,,,,0.3
BAS02276,Mobil,Konut Kredisi,Ankara,2024-04,58,8000,1886046,605,1,0,0,0,Başvuru,,,,0.2
BAS02277,Şube,İhtiyaç Kredisi,İstanbul,2024-09,20,39177,83856,496,1,1,0,0,Değerlendirme,Teminat Yetersiz,1.2,,1.6
BAS02278,Mobil,İhtiyaç Kredisi,İstanbul,2024-06,41,33468,69682,678,1,0,0,0,Başvuru,,,,0.1
BAS02279,Mobil,Konut Kredisi,Adana,2024-08,59,21723,1786550,715,1,0,0,0,Başvuru,,,,0.2
BAS02280,Mobil,İhtiyaç Kredisi,Ankara,2024-09,24,14621,227383,479,1,0,0,0,Başvuru,,,,0.1
BAS02281,Şube,Konut Kredisi,İstanbul,2024-02,26,30011,1911147,648,1,1,1,1,Kullanım,,2.2,1.2,3.7
BAS02282,Mobil,İhtiyaç Kredisi,Adana,2024-01,36,36200,47197,561,1,1,1,0,Onaylandı,,1.6,0.6,2.3
BAS02283,Mobil,İhtiyaç Kredisi,Konya,2024-04,50,35167,40913,567,1,1,0,0,Değerlendirme,Teminat Yetersiz,1.5,,1.6
BAS02284,İnternet,Taşıt Kredisi,Konya,2024-05,30,17312,386083,337,1,1,1,1,Kullanım,,2.3,0.7,3.2
BAS02285,İnternet,Konut Kredisi,Antalya,2024-04,27,16331,1674685,535,1,1,1,1,Kullanım,,2.6,0.5,3.3
BAS02286,Mobil,İhtiyaç Kredisi,Ankara,2024-10,56,28013,68462,741,1,1,1,1,Kullanım,,1.9,1.0,3.0
BAS02287,Şube,İşletme Kredisi,Gaziantep,2024-04,39,43081,323472,494,1,1,0,0,Değerlendirme,Gelir Doğrulanamadı,0.8,,1.1
BAS02288,İnternet,İhtiyaç Kredisi,İzmir,2024-07,46,19609,229214,599,1,1,1,1,Kullanım,,2.2,0.4,2.7
BAS02289,Şube,Taşıt Kredisi,Antalya,2024-09,26,32218,405956,671,1,1,1,1,Kullanım,,1.8,0.3,2.2
BAS02290,Şube,İhtiyaç Kredisi,Bursa,2024-02,33,19186,10000,495,1,1,0,0,Değerlendirme,Gelir Doğrulanamadı,1.8,,2.0
BAS02291,Mobil,Konut Kredisi,İzmir,2024-11,39,35412,1760803,647,1,1,0,0,Değerlendirme,Yüksek Borç/Gelir,1.4,,1.6
BAS02292,İnternet,İhtiyaç Kredisi,Ankara,2024-09,42,8714,37330,580,1,1,1,1,Kullanım,,1.8,0.6,2.6
BAS02293,Çağrı Merkezi,Konut Kredisi,Ankara,2024-07,45,8614,1754624,400,1,0,0,0,Başvuru,,,,0.2
BAS02294,İnternet,İşletme Kredisi,İzmir,2024-01,35,8000,600655,447,1,1,1,1,Kullanım,,1.5,0.8,2.8
BAS02295,İnternet,Konut Kredisi,İstanbul,2024-04,46,39971,1755133,533,1,1,1,1,Kullanım,,2.8,0.7,3.7
BAS02296,Şube,İhtiyaç Kredisi,İstanbul,2024-02,40,19262,177539,534,1,1,1,1,Kullanım,,1.4,0.3,1.9
BAS02297,İnternet,İhtiyaç Kredisi,Bursa,2024-11,52,27971,10000,595,1,1,1,0,Onaylandı,,2.5,0.4,3.1
BAS02298,Çağrı Merkezi,İhtiyaç Kredisi,Ankara,2024-02,37,42412,73002,509,1,0,0,0,Başvuru,,,,0.1
BAS02299,İnternet,İhtiyaç Kredisi,Gaziantep,2024-11,42,15227,210832,570,1,1,1,1,Kullanım,,1.0,0.6,1.8
BAS02300,Çağrı Merkezi,Konut Kredisi,İzmir,2024-01,37,29258,1835587,609,1,1,0,0,Değerlendirme,Yüksek Borç/Gelir,3.3,,3.7
BAS02301,İnternet,Konut Kredisi,Ankara,2024-04,36,27772,1806398,470,1,1,1,1,Kullanım,,1.5,0.8,2.5
BAS02302,İnternet,İhtiyaç Kredisi,Gaziantep,2024-07,51,56566,93519,601,1,1,1,1,Kullanım,,1.3,0.8,2.4
BAS02303,Mobil,Konut Kredisi,Ankara,2024-01,31,32035,1774460,558,1,1,0,0,Değerlendirme,Düşük Kredi Skoru,1.4,,1.6
BAS02304,Çağrı Merkezi,İhtiyaç Kredisi,Gaziantep,2024-03,22,20696,119287,399,1,1,0,0,Değerlendirme,Yüksek Borç/Gelir,2.6,,2.9
BAS02305,Çağrı Merkezi,İhtiyaç Kredisi,Bursa,2024-04,45,37193,10000,442,1,1,1,0,Onaylandı,,3.1,1.7,5.2
BAS02306,Şube,Konut Kredisi,Gaziantep,2024-08,59,8000,1727990,630,1,1,1,1,Kullanım,,2.3,0.4,2.9
BAS02307,Mobil,İhtiyaç Kredisi,İstanbul,2024-03,42,42676,54429,652,1,0,0,0,Başvuru,,,,0.3
BAS02308,Mobil,İhtiyaç Kredisi,Bursa,2024-06,31,19747,69784,564,1,1,1,1,Kullanım,,2.3,0.9,3.5
BAS02309,Şube,İhtiyaç Kredisi,İstanbul,2024-05,59,8000,31530,753,1,1,1,1,Kullanım,,0.8,0.7,1.8
BAS02310,Şube,Taşıt Kredisi,Ankara,2024-03,29,40730,339578,345,1,1,1,1,Kullanım,,1.4,0.5,2.2
BAS02311,Mobil,Konut Kredisi,İstanbul,2024-04,36,38285,1771898,525,1,1,0,0,Değerlendirme,Teminat Yetersiz,2.2,,2.5
BAS02312,Mobil,İhtiyaç Kredisi,İstanbul,2024-07,22,11066,27388,300,1,1,0,0,Değerlendirme,Eksik Belge,2.0,,2.3
BAS02313,Şube,İşletme Kredisi,İzmir,2024-12,43,31103,497877,612,1,1,1,1,Kullanım,,2.2,0.3,2.9
BAS02314,İnternet,Taşıt Kredisi,Ankara,2024-02,57,18300,385071,525,1,1,0,0,Değerlendirme,Eksik Belge,1.8,,2.3
BAS02315,Mobil,Konut Kredisi,İzmir,2024-05,35,30195,1704719,528,1,1,0,0,Değerlendirme,Yaş Sınırı,0.6,,1.0
BAS02316,Şube,Konut Kredisi,Antalya,2024-07,30,20089,1698534,483,1,1,0,0,Değerlendirme,Yaş Sınırı,-0.0,,0.2
BAS02317,Mobil,İhtiyaç Kredisi,Adana,2024-09,58,24649,196798,792,1,1,0,0,Değerlendirme,Eksik Belge,3.0,,3.4
BAS02318,Şube,Konut Kredisi,Antalya,2024-05,62,21353,1788102,536,1,1,0,0,Değerlendirme,Gelir Doğrulanamadı,1.2,,1.6
BAS02319,Şube,İhtiyaç Kredisi,Konya,2024-12,34,8000,73144,525,1,1,1,1,Kullanım,,1.2,0.8,2.3
BAS02320,Mobil,İşletme Kredisi,Antalya,2024-08,25,32428,473464,556,1,1,1,0,Onaylandı,,2.8,0.5,3.4
BAS02321,Mobil,Konut Kredisi,İzmir,2024-08,29,8000,1782833,481,1,1,1,1,Kullanım,,1.7,0.4,2.4
BAS02322,İnternet,Taşıt Kredisi,Adana,2024-09,44,31793,395249,577,1,0,0,0,Başvuru,,,,0.4
BAS02323,Mobil,İhtiyaç Kredisi,Gaziantep,2024-05,34,18270,10000,399,1,1,0,0,Değerlendirme,Teminat Yetersiz,1.9,,2.2
BAS02324,Mobil,İhtiyaç Kredisi,Antalya,2024-08,52,18418,310108,679,1,0,0,0,Başvuru,,,,0.3
BAS02325,İnternet,Konut Kredisi,Adana,2024-04,47,25553,1737124,545,1,0,0,0,Başvuru,,,,0.5
BAS02326,Şube,Konut Kredisi,Konya,2024-08,39,36959,1824062,579,1,1,1,1,Kullanım,,1.5,0.8,2.8
BAS02327,Şube,İhtiyaç Kredisi,Ankara,2024-06,39,19101,12454,594,1,0,0,0,Başvuru,,,,0.1
BAS02328,İnternet,İhtiyaç Kredisi,Konya,2024-05,39,61271,10000,566,1,1,1,1,Kullanım,,1.3,1.2,3.0
BAS02329,Mobil,İhtiyaç Kredisi,Antalya,2024-05,20,36820,107247,453,1,1,0,0,Değerlendirme,Gelir Doğrulanamadı,1.6,,1.8
BAS02330,İnternet,Taşıt Kredisi,Bursa,2024-02,50,29091,308236,539,1,1,1,1,Kullanım,,1.8,1.1,3.3
BAS02331,İnternet,Taşıt Kredisi,Ankara,2024-01,43,45304,452810,532,1,1,1,1,Kullanım,,2.8,1.0,3.9
BAS02332,Mobil,İhtiyaç Kredisi,Ankara,2024-10,43,35353,90411,529,1,1,1,0,Onaylandı,,1.9,0.9,3.0
BAS02333,Mobil,İşletme Kredisi,Adana,2024-04,26,9038,373260,495,1,1,1,1,Kullanım,,1.5,0.5,2.3
BAS02334,Mobil,İhtiyaç Kredisi,Konya,2024-12,30,20433,67557,511,1,0,0,0,Başvuru,,,,0.2
BAS02335,İnternet,İhtiyaç Kredisi,Bursa,2024-11,47,8000,10000,621,1,1,0,0,Değerlendirme,Eksik Belge,2.5,,2.7
BAS02336,Şube,İhtiyaç Kredisi,Ankara,2024-04,42,33453,23136,464,1,1,0,0,Değerlendirme,Düşük Kredi Skoru,1.7,,1.9
BAS02337,Mobil,Taşıt Kredisi,İzmir,2024-10,53,9950,316078,632,1,1,0,0,Değerlendirme,Yaş Sınırı,1.4,,1.8
BAS02338,Mobil,Konut Kredisi,Gaziantep,2024-12,43,13235,1859151,696,1,1,1,1,Kullanım,,1.7,0.5,2.6
BAS02339,İnternet,İhtiyaç Kredisi,İstanbul,2024-01,42,28134,10000,458,1,1,1,1,Kullanım,,2.3,0.6,3.4
BAS02340,Mobil,İhtiyaç Kredisi,Adana,2024-09,48,39282,235072,791,1,1,0,0,Değerlendirme,Düşük Kredi Skoru,2.3,,2.8
BAS02341,Çağrı Merkezi,Konut Kredisi,İzmir,2024-01,47,31392,1943903,634,1,1,1,1,Kullanım,,2.6,1.0,3.7
BAS02342,Mobil,Taşıt Kredisi,Bursa,2024-08,36,16798,568870,508,1,1,0,0,Değerlendirme,Yaş Sınırı,1.9,,2.2
BAS02343,Mobil,İşletme Kredisi,Konya,2024-10,42,51183,615260,682,1,1,0,0,Değerlendirme,Teminat Yetersiz,1.1,,1.6
BAS02344,İnternet,Konut Kredisi,İstanbul,2024-01,23,25942,1682989,520,1,1,1,0,Onaylandı,,1.3,0.4,1.8
BAS02345,Mobil,İhtiyaç Kredisi,Ankara,2024-05,57,16701,132016,458,1,1,1,1,Kullanım,,1.9,1.1,3.3
BAS02346,Mobil,Konut Kredisi,Antalya,2024-03,28,15873,1849271,369,1,1,1,0,Onaylandı,,2.1,1.3,3.8
BAS02347,Çağrı Merkezi,Konut Kredisi,Adana,2024-05,45,30745,1836779,594,1,1,0,0,Değerlendirme,Teminat Yetersiz,1.8,,1.9
BAS02348,Mobil,Konut Kredisi,Gaziantep,2024-11,34,25472,1730630,516,1,0,0,0,Başvuru,,,,0.3
BAS02349,Şube,İşletme Kredisi,Antalya,2024-11,61,29683,419989,685,1,1,1,1,Kullanım,,0.3,1.0,1.8
BAS02350,Mobil,İhtiyaç Kredisi,Ankara,2024-05,54,19432,92430,623,1,0,0,0,Başvuru,,,,0.3
BAS02351,Mobil,İşletme Kredisi,Antalya,2024-04,24,32623,484132,521,1,0,0,0,Başvuru,,,,0.3
BAS02352,Mobil,Konut Kredisi,İzmir,2024-08,36,22160,1861727,452,1,1,1,1,Kullanım,,1.5,0.4,2.1
BAS02353,Çağrı Merkezi,Konut Kredisi,İstanbul,2024-10,44,21530,1866561,573,1,0,0,0,Başvuru,,,,0.3
BAS02354,Mobil,Taşıt Kredisi,Konya,2024-11,27,29513,290604,498,1,1,1,1,Kullanım,,2.3,1.1,3.7
BAS02355,İnternet,İhtiyaç Kredisi,Gaziantep,2024-01,40,32583,125824,397,1,0,0,0,Başvuru,,,,0.2
BAS02356,Mobil,İşletme Kredisi,Ankara,2024-06,57,44801,420094,551,1,0,0,0,Başvuru,,,,0.2
BAS02357,Mobil,Konut Kredisi,İzmir,2024-05,41,33071,1825934,685,1,1,0,0,Değerlendirme,Eksik Belge,1.8,,2.2
BAS02358,Mobil,İhtiyaç Kredisi,Konya,2024-10,45,53267,110597,755,1,1,1,1,Kullanım,,1.4,0.6,2.4
BAS02359,Mobil,İhtiyaç Kredisi,Bursa,2024-07,45,43793,167854,647,1,1,1,1,Kullanım,,1.8,0.7,2.7
BAS02360,Mobil,Taşıt Kredisi,İzmir,2024-04,49,36076,412064,459,1,0,0,0,Başvuru,,,,0.3
BAS02361,Şube,Konut Kredisi,Ankara,2024-10,28,29083,1878899,408,1,1,1,1,Kullanım,,1.3,0.1,1.8
BAS02362,İnternet,İhtiyaç Kredisi,Bursa,2024-01,44,56121,245060,664,1,1,1,0,Onaylandı,,1.4,1.4,3.1
BAS02363,Mobil,Konut Kredisi,Gaziantep,2024-04,33,38816,1645835,524,1,1,1,1,Kullanım,,1.5,1.0,2.9
BAS02364,Şube,İhtiyaç Kredisi,İstanbul,2024-01,36,50474,116590,525,1,1,1,1,Kullanım,,1.0,0.8,2.1
BAS02365,Şube,Taşıt Kredisi,Ankara,2024-03,25,46839,396125,586,1,1,1,1,Kullanım,,0.8,0.2,1.1
BAS02366,İnternet,Konut Kredisi,Antalya,2024-01,24,20913,1806462,421,1,1,0,0,Değerlendirme,Eksik Belge,1.8,,2.0
BAS02367,Şube,Taşıt Kredisi,Antalya,2024-01,22,28855,402487,471,1,1,1,1,Kullanım,,1.2,0.7,2.3
BAS02368,Mobil,İşletme Kredisi,İzmir,2024-02,30,22397,429978,377,1,0,0,0,Başvuru,,,,0.5
BAS02369,Çağrı Merkezi,İhtiyaç Kredisi,Gaziantep,2024-07,27,34284,66195,300,1,1,0,0,Değerlendirme,Yüksek Borç/Gelir,2.8,,3.1
BAS02370,Şube,Taşıt Kredisi,Adana,2024-07,60,29638,342037,639,1,1,0,0,Değerlendirme,Teminat Yetersiz,0.5,,0.9
BAS02371,Mobil,Taşıt Kredisi,Bursa,2024-06,25,17557,335424,473,1,1,0,0,Değerlendirme,Gelir Doğrulanamadı,1.2,,1.6
BAS02372,Mobil,İhtiyaç Kredisi,Bursa,2024-07,37,20517,10000,508,1,0,0,0,Başvuru,,,,0.4
BAS02373,İnternet,İhtiyaç Kredisi,Antalya,2024-09,55,32884,146438,400,1,1,1,1,Kullanım,,2.3,1.0,3.6
BAS02374,Şube,İhtiyaç Kredisi,Antalya,2024-01,59,32222,144815,654,1,0,0,0,Başvuru,,,,0.5
BAS02375,Mobil,İhtiyaç Kredisi,İzmir,2024-05,53,20502,23621,641,1,1,1,1,Kullanım,,2.6,0.8,3.9
BAS02376,Şube,Taşıt Kredisi,İstanbul,2024-05,50,8000,433938,529,1,1,1,1,Kullanım,,0.8,0.6,1.7
BAS02377,Mobil,İhtiyaç Kredisi,Ankara,2024-04,26,8437,166579,493,1,1,1,1,Kullanım,,1.1,1.3,2.6
BAS02378,İnternet,Taşıt Kredisi,Konya,2024-03,36,23331,349680,526,1,1,0,0,Değerlendirme,Teminat Yetersiz,1.8,,2.2
BAS02379,Şube,Konut Kredisi,Bursa,2024-02,32,11836,1744755,432,1,1,0,0,Değerlendirme,Teminat Yetersiz,1.3,,1.8
BAS02380,İnternet,Taşıt Kredisi,Konya,2024-07,53,24457,328876,555,1,0,0,0,Başvuru,,,,0.2
BAS02381,Şube,İhtiyaç Kredisi,Antalya,2024-08,34,43986,127676,591,1,1,1,0,Onaylandı,,0.9,0.1,1.3
BAS02382,Mobil,İhtiyaç Kredisi,Gaziantep,2024-01,22,13872,304747,367,1,1,1,1,Kullanım,,2.7,0.5,3.3
BAS02383,Şube,Konut Kredisi,Gaziantep,2024-08,49,53025,1773199,617,1,1,0,0,Değerlendirme,Teminat Yetersiz,1.3,,1.8
BAS02384,İnternet,İhtiyaç Kredisi,İstanbul,2024-10,51,12449,90016,744,1,1,1,1,Kullanım,,2.8,1.1,4.3
BAS02385,Şube,Taşıt Kredisi,Adana,2024-01,46,41414,370285,676,1,1,1,1,Kullanım,,1.2,0.9,2.4
BAS02386,Mobil,Taşıt Kredisi,Ankara,2024-10,59,13819,315136,526,1,1,1,1,Kullanım,,2.0,0.3,2.7
BAS02387,Mobil,Konut Kredisi,İstanbul,2024-03,20,24453,1747379,358,1,1,0,0,Değerlendirme,Teminat Yetersiz,1.2,,1.5
BAS02388,Mobil,İhtiyaç Kredisi,Bursa,2024-07,31,26152,167690,610,1,0,0,0,Başvuru,,,,0.2
BAS02389,Mobil,İşletme Kredisi,İstanbul,2024-04,45,27437,473687,596,1,1,0,0,Değerlendirme,Eksik Belge,1.6,,2.1
BAS02390,Mobil,Konut Kredisi,Bursa,2024-10,20,16866,1912247,300,1,0,0,0,Başvuru,,,,0.1
BAS02391,Mobil,İhtiyaç Kredisi,Antalya,2024-07,37,27499,262567,504,1,0,0,0,Başvuru,,,,0.3
BAS02392,Şube,Konut Kredisi,Konya,2024-07,55,11291,1688499,675,1,1,0,0,Değerlendirme,Gelir Doğrulanamadı,1.2,,1.4
BAS02393,İnternet,İhtiyaç Kredisi,İstanbul,2024-11,51,10031,242316,540,1,1,0,0,Değerlendirme,Düşük Kredi Skoru,1.9,,2.2
BAS02394,Mobil,İhtiyaç Kredisi,Konya,2024-11,37,50758,61683,567,1,1,1,0,Onaylandı,,1.1,0.3,1.6
BAS02395,Şube,İhtiyaç Kredisi,Antalya,2024-02,34,22237,26543,550,1,1,0,0,Değerlendirme,Teminat Yetersiz,1.4,,1.7
BAS02396,Şube,İhtiyaç Kredisi,Ankara,2024-09,62,42194,65070,879,1,1,1,1,Kullanım,,1.6,0.4,2.4
BAS02397,Mobil,İhtiyaç Kredisi,Konya,2024-08,34,35045,10575,626,1,1,1,1,Kullanım,,1.8,0.7,2.8
BAS02398,Mobil,Taşıt Kredisi,Adana,2024-09,24,28339,418472,496,1,1,0,0,Değerlendirme,Yüksek Borç/Gelir,1.7,,2.2
BAS02399,Şube,İşletme Kredisi,İstanbul,2024-07,26,32619,425425,472,1,1,1,1,Kullanım,,1.0,0.8,1.9
BAS02400,Mobil,Konut Kredisi,Konya,2024-09,49,8000,1738650,678,1,1,0,0,Değerlendirme,Eksik Belge,1.6,,1.8
BAS02401,Şube,İşletme Kredisi,Ankara,2024-08,24,28306,326768,409,1,1,1,0,Onaylandı,,1.1,0.7,1.9
BAS02402,Şube,İhtiyaç Kredisi,Konya,2024-07,20,25289,117865,440,1,1,0,0,Değerlendirme,Gelir Doğrulanamadı,-0.1,,0.3
BAS02403,Mobil,İşletme Kredisi,İstanbul,2024-06,61,28494,328470,533,1,1,0,0,Değerlendirme,Teminat Yetersiz,1.4,,1.6
BAS02404,Mobil,Taşıt Kredisi,Ankara,2024-06,33,22485,290048,485,1,1,1,1,Kullanım,,1.6,0.4,2.5
BAS02405,Mobil,İhtiyaç Kredisi,Gaziantep,2024-12,26,44974,166377,419,1,1,1,1,Kullanım,,2.4,0.7,3.4
BAS02406,Mobil,İşletme Kredisi,Konya,2024-01,25,36483,399437,450,1,0,0,0,Başvuru,,,,0.2
BAS02407,İnternet,İşletme Kredisi,İzmir,2024-10,39,13679,414473,401,1,1,1,1,Kullanım,,1.7,0.9,3.1
BAS02408,İnternet,İşletme Kredisi,Gaziantep,2024-09,49,32167,490102,656,1,1,0,0,Değerlendirme,Eksik Belge,1.6,,2.1
BAS02409,Şube,Taşıt Kredisi,Bursa,2024-02,60,24550,501405,778,1,1,1,1,Kullanım,,0.9,0.3,1.4
BAS02410,İnternet,İhtiyaç Kredisi,Konya,2024-02,46,36685,83592,635,1,1,1,1,Kullanım,,1.6,0.6,2.5
BAS02411,Mobil,İhtiyaç Kredisi,Ankara,2024-07,34,54212,133556,601,1,0,0,0,Başvuru,,,,0.4
BAS02412,Çağrı Merkezi,İhtiyaç Kredisi,İzmir,2024-10,61,26970,45433,539,1,0,0,0,Başvuru,,,,0.4
BAS02413,Mobil,İhtiyaç Kredisi,İzmir,2024-06,41,26486,137106,561,1,0,0,0,Başvuru,,,,0.4
BAS02414,İnternet,İhtiyaç Kredisi,İzmir,2024-12,38,30623,226767,714,1,1,1,1,Kullanım,,1.5,1.1,2.9
BAS02415,Mobil,İhtiyaç Kredisi,Antalya,2024-11,57,44118,74582,636,1,1,0,0,Değerlendirme,Teminat Yetersiz,2.0,,2.5
BAS02416,Şube,Konut Kredisi,İzmir,2024-10,34,20245,1780514,477,1,1,1,1,Kullanım,,1.1,0.1,1.6
BAS02417,Mobil,Konut Kredisi,Ankara,2024-09,24,18743,1719635,519,1,1,1,1,Kullanım,,1.5,0.8,2.5
BAS02418,Mobil,Taşıt Kredisi,İzmir,2024-01,51,54184,453617,537,1,1,1,1,Kullanım,,2.7,0.8,3.9
BAS02419,Mobil,İhtiyaç Kredisi,Gaziantep,2024-01,36,55402,145981,583,1,1,1,1,Kullanım,,1.6,0.8,2.5
BAS02420,Mobil,İhtiyaç Kredisi,İzmir,2024-02,62,48444,29152,757,1,1,0,0,Değerlendirme,Teminat Yetersiz,1.6,,1.8
BAS02421,Mobil,İhtiyaç Kredisi,Ankara,2024-10,59,15591,303813,619,1,1,0,0,Değerlendirme,Gelir Doğrulanamadı,1.6,,2.1
BAS02422,Şube,İhtiyaç Kredisi,Ankara,2024-06,50,32789,181295,580,1,1,0,0,Değerlendirme,Yaş Sınırı,1.5,,1.6
BAS02423,Mobil,Konut Kredisi,Antalya,2024-11,46,36172,1854272,700,1,1,1,0,Onaylandı,,2.4,0.5,3.1
BAS02424,Mobil,Taşıt Kredisi,Bursa,2024-08,55,38352,168552,668,1,1,1,1,Kullanım,,1.2,0.8,2.3
BAS02425,Mobil,İşletme Kredisi,Bursa,2024-02,29,42104,365300,491,1,1,0,0,Değerlendirme,Düşük Kredi Skoru,2.1,,2.5
BAS02426,Mobil,İşletme Kredisi,Konya,2024-07,53,8000,408329,478,1,1,1,1,Kullanım,,2.0,1.3,3.5
BAS02427,Mobil,Taşıt Kredisi,Gaziantep,2024-01,32,38582,423723,461,1,1,1,0,Onaylandı,,1.9,1.1,3.2
BAS02428,Mobil,Konut Kredisi,Ankara,2024-05,22,26189,1746864,517,1,1,1,1,Kullanım,,2.7,1.0,3.8
BAS02429,İnternet,İhtiyaç Kredisi,Gaziantep,2024-10,27,19780,35385,510,1,1,0,0,Değerlendirme,Teminat Yetersiz,2.3,,2.7
BAS02430,Mobil,Taşıt Kredisi,Antalya,2024-05,42,19873,332525,635,1,1,0,0,Değerlendirme,Yaş Sınırı,1.6,,2.1
BAS02431,Şube,İhtiyaç Kredisi,İstanbul,2024-01,36,24727,84464,624,1,0,0,0,Başvuru,,,,0.3
BAS02432,Mobil,İhtiyaç Kredisi,Ankara,2024-02,22,12371,93205,337,1,1,1,1,Kullanım,,2.2,0.7,3.3
BAS02433,Mobil,İhtiyaç Kredisi,İzmir,2024-10,21,52186,214010,485,1,1,1,1,Kullanım,,1.7,1.2,3.0
BAS02434,Şube,Taşıt Kredisi,Adana,2024-05,36,20067,361898,599,1,0,0,0,Başvuru,,,,0.2
BAS02435,Mobil,Konut Kredisi,Adana,2024-02,55,18615,1808891,660,1,1,1,1,Kullanım,,2.2,0.6,3.0
BAS02436,Şube,İhtiyaç Kredisi,Bursa,2024-02,32,40080,263143,550,1,1,1,1,Kullanım,,0.8,1.0,2.3
BAS02437,Çağrı Merkezi,İşletme Kredisi,Bursa,2024-02,30,23366,470706,403,1,0,0,0,Başvuru,,,,0.2
BAS02438,Mobil,Konut Kredisi,İzmir,2024-07,37,24686,1586594,462,1,0,0,0,Başvuru,,,,0.1
BAS02439,Mobil,İşletme Kredisi,Gaziantep,2024-10,22,17227,380921,512,1,0,0,0,Başvuru,,,,0.1
BAS02440,Mobil,İhtiyaç Kredisi,Konya,2024-05,60,44777,10000,648,1,1,0,0,Değerlendirme,Düşük Kredi Skoru,2.0,,2.3
BAS02441,Mobil,Taşıt Kredisi,Adana,2024-04,45,50317,350947,647,1,1,1,1,Kullanım,,1.7,1.0,3.1
BAS02442,Mobil,Taşıt Kredisi,Gaziantep,2024-09,36,8000,370807,524,1,1,1,1,Kullanım,,1.4,1.0,2.6
BAS02443,Şube,Konut Kredisi,İzmir,2024-10,58,38160,1722185,674,1,1,0,0,Değerlendirme,Yaş Sınırı,0.5,,0.9
BAS02444,Şube,İhtiyaç Kredisi,Bursa,2024-09,48,54739,99274,662,1,1,1,1,Kullanım,,1.1,0.7,2.3
BAS02445,Mobil,Taşıt Kredisi,Ankara,2024-07,41,49109,344520,532,1,1,0,0,Değerlendirme,Düşük Kredi Skoru,1.4,,1.9
BAS02446,Çağrı Merkezi,İşletme Kredisi,Bursa,2024-06,43,26932,425561,532,1,1,0,0,Değerlendirme,Teminat Yetersiz,2.1,,2.3
BAS02447,Mobil,İhtiyaç Kredisi,Adana,2024-03,32,37653,211452,539,1,1,1,1,Kullanım,,2.3,0.3,3.1
BAS02448,Şube,İşletme Kredisi,Adana,2024-12,35,20144,556920,505,1,1,0,0,Değerlendirme,Teminat Yetersiz,0.9,,1.3
BAS02449,Mobil,İşletme Kredisi,İzmir,2024-07,38,61902,418758,706,1,1,1,1,Kullanım,,1.8,1.3,3.3
BAS02450,Şube,Konut Kredisi,Konya,2024-06,37,31696,1763295,460,1,1,1,1,Kullanım,,0.3,0.4,1.0
BAS02451,İnternet,İhtiyaç Kredisi,Adana,2024-09,60,35781,204218,675,1,1,0,0,Değerlendirme,Gelir Doğrulanamadı,2.3,,2.6
BAS02452,Şube,İşletme Kredisi,Ankara,2024-09,41,39649,351003,467,1,1,1,1,Kullanım,,1.8,0.6,2.9
BAS02453,Şube,İhtiyaç Kredisi,Gaziantep,2024-06,23,25906,181151,453,1,1,1,0,Onaylandı,,1.7,0.5,2.4
BAS02454,Şube,Taşıt Kredisi,İzmir,2024-03,42,36737,361542,640,1,1,1,1,Kullanım,,1.3,0.7,2.3
BAS02455,Mobil,Taşıt Kredisi,Antalya,2024-05,46,24156,303753,571,1,1,1,1,Kullanım,,2.4,0.7,3.3
BAS02456,İnternet,Konut Kredisi,İstanbul,2024-09,60,32613,1735116,546,1,1,1,1,Kullanım,,1.1,0.7,2.1
BAS02457,Şube,Konut Kredisi,İstanbul,2024-05,28,17784,1795963,529,1,0,0,0,Başvuru,,,,0.5
BAS02458,Şube,İşletme Kredisi,İzmir,2024-07,37,31097,592610,625,1,1,0,0,Değerlendirme,Düşük Kredi Skoru,0.3,,0.8
BAS02459,Şube,Taşıt Kredisi,Adana,2024-10,52,26235,307287,589,1,1,1,1,Kullanım,,1.1,0.5,1.9
BAS02460,Mobil,Konut Kredisi,Bursa,2024-05,31,38341,1794692,365,1,1,0,0,Değerlendirme,Yüksek Borç/Gelir,1.1,,1.3
BAS02461,Mobil,İhtiyaç Kredisi,Gaziantep,2024-12,60,39360,10000,778,1,1,1,1,Kullanım,,2.0,0.8,3.1
BAS02462,Mobil,Konut Kredisi,Bursa,2024-08,48,24699,1815633,598,1,1,0,0,Değerlendirme,Teminat Yetersiz,1.2,,1.6
BAS02463,Mobil,İşletme Kredisi,Antalya,2024-02,37,31485,577982,612,1,1,0,0,Değerlendirme,Düşük Kredi Skoru,1.5,,1.9
BAS02464,Mobil,Konut Kredisi,İzmir,2024-02,39,24745,1675340,612,1,1,1,1,Kullanım,,2.6,0.4,3.4
BAS02465,Şube,Taşıt Kredisi,Antalya,2024-01,41,34865,385250,745,1,1,0,0,Değerlendirme,Yüksek Borç/Gelir,0.4,,0.6
BAS02466,Mobil,Taşıt Kredisi,Antalya,2024-05,49,45532,252717,608,1,1,0,0,Değerlendirme,Yaş Sınırı,1.9,,2.2
BAS02467,Mobil,İhtiyaç Kredisi,Adana,2024-06,25,31497,182038,529,1,1,0,0,Değerlendirme,Düşük Kredi Skoru,1.1,,1.5
BAS02468,İnternet,Konut Kredisi,Gaziantep,2024-11,31,51244,1810557,536,1,1,0,0,Değerlendirme,Düşük Kredi Skoru,1.4,,1.5
BAS02469,Şube,İhtiyaç Kredisi,İstanbul,2024-10,56,16486,46917,708,1,1,0,0,Değerlendirme,Yüksek Borç/Gelir,1.3,,1.6
BAS02470,Şube,Konut Kredisi,Adana,2024-09,34,21588,1765387,612,1,1,0,0,Değerlendirme,Yüksek Borç/Gelir,1.5,,1.7
BAS02471,İnternet,İhtiyaç Kredisi,Konya,2024-08,44,38594,90711,737,1,0,0,0,Başvuru,,,,0.3
BAS02472,Mobil,İhtiyaç Kredisi,İzmir,2024-11,46,36275,122887,614,1,0,0,0,Başvuru,,,,0.4
BAS02473,Mobil,Konut Kredisi,Antalya,2024-06,45,9221,1887914,518,1,1,0,0,Değerlendirme,Yaş Sınırı,2.2,,2.7
BAS02474,İnternet,İhtiyaç Kredisi,Gaziantep,2024-10,57,26776,152484,805,1,1,1,1,Kullanım,,2.9,1.0,4.1
BAS02475,İnternet,İhtiyaç Kredisi,Konya,2024-11,55,39331,169941,853,1,1,1,0,Onaylandı,,2.4,1.1,4.0
BAS02476,Mobil,İhtiyaç Kredisi,Antalya,2024-11,60,22348,10000,650,1,1,1,1,Kullanım,,2.2,0.9,3.5
BAS02477,Mobil,Konut Kredisi,Bursa,2024-02,27,13146,1722054,533,1,0,0,0,Başvuru,,,,0.2
BAS02478,Mobil,İhtiyaç Kredisi,Gaziantep,2024-06,43,27262,145678,587,1,1,0,0,Değerlendirme,Düşük Kredi Skoru,1.2,,1.5
BAS02479,Şube,Taşıt Kredisi,İstanbul,2024-09,41,41200,198057,742,1,1,1,0,Onaylandı,,1.3,0.8,2.4
BAS02480,Mobil,İhtiyaç Kredisi,Ankara,2024-04,34,37198,80702,490,1,0,0,0,Başvuru,,,,0.3
BAS02481,Mobil,Konut Kredisi,Antalya,2024-01,30,43354,1797019,635,1,0,0,0,Başvuru,,,,0.4
BAS02482,Mobil,İhtiyaç Kredisi,Antalya,2024-09,25,40599,62037,567,1,1,0,0,Değerlendirme,Yüksek Borç/Gelir,1.5,,1.9
BAS02483,Çağrı Merkezi,İhtiyaç Kredisi,Adana,2024-11,43,26537,17799,592,1,0,0,0,Başvuru,,,,0.3
BAS02484,İnternet,İhtiyaç Kredisi,İzmir,2024-12,22,12310,53285,389,1,1,0,0,Değerlendirme,Yüksek Borç/Gelir,2.0,,2.4
BAS02485,Mobil,Taşıt Kredisi,İzmir,2024-12,30,40305,287587,644,1,1,0,0,Değerlendirme,Yaş Sınırı,1.9,,2.2
BAS02486,Mobil,İşletme Kredisi,Bursa,2024-07,62,19800,355503,678,1,1,0,0,Değerlendirme,Gelir Doğrulanamadı,1.4,,1.8
BAS02487,Çağrı Merkezi,İhtiyaç Kredisi,Adana,2024-07,37,19411,28105,556,1,0,0,0,Başvuru,,,,0.3
BAS02488,Mobil,Konut Kredisi,Ankara,2024-06,35,14414,1834235,653,1,1,1,0,Onaylandı,,2.3,0.7,3.4
BAS02489,Şube,İşletme Kredisi,Adana,2024-03,37,17799,488917,698,1,1,1,1,Kullanım,,1.3,0.6,2.2
BAS02490,Mobil,İhtiyaç Kredisi,Antalya,2024-11,36,31095,10000,479,1,0,0,0,Başvuru,,,,0.2
BAS02491,Şube,İhtiyaç Kredisi,İzmir,2024-07,53,25135,146291,604,1,1,1,1,Kullanım,,1.4,0.7,2.5
BAS02492,İnternet,İhtiyaç Kredisi,İzmir,2024-02,58,37783,199524,741,1,1,1,1,Kullanım,,2.8,1.1,4.2
BAS02493,Mobil,Taşıt Kredisi,Antalya,2024-08,61,34151,303651,550,1,1,0,0,Değerlendirme,Düşük Kredi Skoru,0.8,,1.0
BAS02494,Mobil,Taşıt Kredisi,İstanbul,2024-09,20,34405,315504,458,1,0,0,0,Başvuru,,,,0.1
BAS02495,Mobil,İşletme Kredisi,Adana,2024-07,48,21965,464831,593,1,1,0,0,Değerlendirme,Yüksek Borç/Gelir,1.6,,1.7
BAS02496,Şube,İhtiyaç Kredisi,Adana,2024-10,32,46649,85250,538,1,1,1,1,Kullanım,,0.8,0.6,1.7
BAS02497,Mobil,İhtiyaç Kredisi,Konya,2024-08,59,15786,10000,508,1,1,0,0,Değerlendirme,Teminat Yetersiz,1.5,,1.7
BAS02498,Şube,Konut Kredisi,Bursa,2024-02,58,27638,1806924,629,1,1,1,1,Kullanım,,0.4,0.8,1.6
BAS02499,Şube,Konut Kredisi,Konya,2024-03,46,17413,1880917,649,1,1,0,0,Değerlendirme,Düşük Kredi Skoru,0.6,,0.9
BAS02500,Mobil,İşletme Kredisi,Bursa,2024-08,20,28187,650165,499,1,1,1,1,Kullanım,,1.2,0.3,1.9
